codigo,nome,descricao,compatibilidade,marca,categoriaSistema,fornecedor
194625,"CABO ACEL. BIZ 110i / 125 18/22 A","CABO ACEL. BIZ 110i / 125 18/22 A","CABO ACEL. BIZ 110i / 125 18/22 A",IRON,"Cabos de Acelerador",MOTOCICLO
194626,"CABO ACEL. BIZ 100i / 125 18/22 B","CABO ACEL. BIZ 100i / 125 18/22 B","CABO ACEL. BIZ 100i / 125 18/22 B",IRON,"Cabos de Acelerador",MOTOCICLO
194627,"CABO ACEL. CBR 500R CB 500F 14/19 A","CABO ACEL. CBR 500R CB 500F 14/19 A","CABO ACEL. CBR 500R CB 500F 14/19 A",IRON,"Cabos de Acelerador",MOTOCICLO
194628,"CABO ACEL. CBR 500R CB 500F 14/19 B","CABO ACEL. CBR 500R CB 500F 14/19 B","CABO ACEL. CBR 500R CB 500F 14/19 B",IRON,"Cabos de Acelerador",MOTOCICLO
194629,"CABO ACEL. CG 125I / 16 A","CABO ACEL. CG 125I / 16 A","CABO ACEL. CG 125I / 16 A",IRON,"Cabos de Acelerador",MOTOCICLO
194630,"CABO ACEL. CG 125I / 16 B","CABO ACEL. CG 125I / 16 B","CABO ACEL. CG 125I / 16 B",IRON,"Cabos de Acelerador",MOTOCICLO
194671,"CABO ACEL. COMET 150 KASINSKI","CABO ACEL. COMET 150 KASINSKI","CABO ACEL. COMET 150 KASINSKI",IRON,"Cabos de Acelerador",MOTOCICLO
194668,"CABO ACEL. CRF A 19-22","CABO ACEL. CRF A 19-22","CABO ACEL. CRF A 19-22",IRON,"Cabos de Acelerador",MOTOCICLO
194669,"CABO ACEL. CRF 250 B 19/22","CABO ACEL. CRF 250 B 19/22","CABO ACEL. CRF 250 B 19/22",IRON,"Cabos de Acelerador",MOTOCICLO
25842,"CABO ACEL. BIZ 100 13","CABO ACEL. BIZ 100 13","CABO ACEL. BIZ 100 13",IRON,"Cabos de Acelerador",MOTOCICLO
27595,"CABO ACEL. AN 125 BURGMAN 10","CABO ACEL. AN 125 BURGMAN 10","CABO ACEL. AN 125 BURGMAN 10",IRON,"Cabos de Acelerador",MOTOCICLO
4901,"CABO ACEL. BIZ 100 99/05","CABO ACEL. BIZ 100 99/05","CABO ACEL. BIZ 100 99/05",IRON,"Cabos de Acelerador",MOTOCICLO
27596,"CABO ACEL. BIZ 125 09/10","CABO ACEL. BIZ 125 09/10","CABO ACEL. BIZ 125 09/10",IRON,"Cabos de Acelerador",MOTOCICLO
28334,"CABO ACEL. CB 250 16 A","CABO ACEL. CB 250 16 A","CABO ACEL. CB 250 16 A",IRON,"Cabos de Acelerador",MOTOCICLO
28335,"CABO ACEL. CB 250 16 B","CABO ACEL. CB 250 16 B","CABO ACEL. CB 250 16 B",IRON,"Cabos de Acelerador",MOTOCICLO
14099,"CABO ACEL. CG 125 00/01","CABO ACEL. CG 125 00/01","CABO ACEL. CG 125 00/01",IRON,"Cabos de Acelerador",MOTOCICLO
194670,"CABO ACEL. COMET GTR 250 KASINSKI","CABO ACEL. COMET GTR 250 KASINSKI","CABO ACEL. COMET GTR 250 KASINSKI",IRON,"Cabos de Acelerador",MOTOCICLO
9025,"CABO ACEL. CG 125 83/89","CABO ACEL. CG 125 83/89","CABO ACEL. CG 125 83/89",IRON,"Cabos de Acelerador",MOTOCICLO
24029,"CABO ACEL. CG 150 12/13","CABO ACEL. CG 150 12/13","CABO ACEL. CG 150 12/13",IRON,"Cabos de Acelerador",MOTOCICLO
121349,"CABO ACEL. CB 300R B","CABO ACEL. CB 300R B","CABO ACEL. CB 300R B",IRON,"Cabos de Acelerador",MOTOCICLO
7901,"CABO ACEL. CBX 250 A","CABO ACEL. CBX 250 A","CABO ACEL. CBX 250 A",IRON,"Cabos de Acelerador",MOTOCICLO
27600,"CABO ACEL. CB 600 HORNET 09 A","CABO ACEL. CB 600 HORNET 09 A","CABO ACEL. CB 600 HORNET 09 A",IRON,"Cabos de Acelerador",MOTOCICLO
15236,"CABO ACEL. CG 125 02/08","CABO ACEL. CG 125 02/08","CABO ACEL. CG 125 02/08",IRON,"Cabos de Acelerador",MOTOCICLO
25848,"CABO ACEL. CG 125 14","CABO ACEL. CG 125 14","CABO ACEL. CG 125 14",IRON,"Cabos de Acelerador",MOTOCICLO
27602,"CABO ACEL. CG 125 15 A","CABO ACEL. CG 125 15 A","CABO ACEL. CG 125 15 A",IRON,"Cabos de Acelerador",MOTOCICLO
4405,"CABO ACEL. CG 125 95/99","CABO ACEL. CG 125 95/99","CABO ACEL. CG 125 95/99",IRON,"Cabos de Acelerador",MOTOCICLO
121351,"CABO ACEL. CG 150 04/08","CABO ACEL. CG 150 04/08","CABO ACEL. CG 150 04/08",IRON,"Cabos de Acelerador",MOTOCICLO
15742,"CABO ACEL. CG 150 09/11","CABO ACEL. CG 150 09/11","CABO ACEL. CG 150 09/11",IRON,"Cabos de Acelerador",MOTOCICLO
43148,"CABO ACEL. CG 150 SPORT","CABO ACEL. CG 150 SPORT","CABO ACEL. CG 150 SPORT",IRON,"Cabos de Acelerador",MOTOCICLO
28336,"CABO ACEL. CG 160 A","CABO ACEL. CG 160 A","CABO ACEL. CG 160 A",IRON,"Cabos de Acelerador",MOTOCICLO
28337,"CABO ACEL. CG 160 B","CABO ACEL. CG 160 B","CABO ACEL. CG 160 B",IRON,"Cabos de Acelerador",MOTOCICLO
25853,"CABO ACEL. CG/FAN 150 A 14","CABO ACEL. CG/FAN 150 A 14","CABO ACEL. CG/FAN 150 A 14",IRON,"Cabos de Acelerador",MOTOCICLO
27603,"06","06","06",IRON,"Geral",MOTOCICLO
25854,"CABO","CABO","CABO",IRON,"Cabos",MOTOCICLO
27604,"CABO ACEL. CRF 230 A 07","CABO ACEL. CRF 230 A 07","CABO ACEL. CRF 230 A 07",IRON,"Cabos de Acelerador",MOTOCICLO
27607,"CABO ACEL. CG/FAN 150 B 14","CABO ACEL. CG/FAN 150 B 14","CABO ACEL. CG/FAN 150 B 14",IRON,"Cabos de Acelerador",MOTOCICLO
43155,"CABO ACEL. CRF 230 A 08/10","CABO ACEL. CRF 230 A 08/10","CABO ACEL. CRF 230 A 08/10",IRON,"Cabos de Acelerador",MOTOCICLO
43156,"CABO ACEL. DAFRA APACHE 150","CABO ACEL. DAFRA APACHE 150","CABO ACEL. DAFRA APACHE 150",IRON,"Cabos de Acelerador",MOTOCICLO
27609,"CABO ACEL. DAFRA CITYCOM 300 A","CABO ACEL. DAFRA CITYCOM 300 A","CABO ACEL. DAFRA CITYCOM 300 A",IRON,"Cabos de Acelerador",MOTOCICLO
27612,"CABO ACEL. DAFRA CITYCOM 300 B","CABO ACEL. DAFRA CITYCOM 300 B","CABO ACEL. DAFRA CITYCOM 300 B",IRON,"Cabos de Acelerador",MOTOCICLO
27610,"CABO ACEL. DAFRA CITYCOM 300I B 12","CABO ACEL. DAFRA CITYCOM 300I B 12","CABO ACEL. DAFRA CITYCOM 300I B 12",IRON,"Cabos de Acelerador",MOTOCICLO
27613,"CABO ACEL. KAWASAKI NINJA 250 A","CABO ACEL. KAWASAKI NINJA 250 A","CABO ACEL. KAWASAKI NINJA 250 A",IRON,"Cabos de Acelerador",MOTOCICLO
27614,"CABO ACEL. DAFRA NEXT 250 A","CABO ACEL. DAFRA NEXT 250 A","CABO ACEL. DAFRA NEXT 250 A",IRON,"Cabos de Acelerador",MOTOCICLO
43146,"CABO ACEL. KAWASAKI NINJA 250 B","CABO ACEL. KAWASAKI NINJA 250 B","CABO ACEL. KAWASAKI NINJA 250 B",IRON,"Cabos de Acelerador",MOTOCICLO
11576,"CABO ACEL. LEAD 110 JONNY 50","CABO ACEL. LEAD 110 JONNY 50","CABO ACEL. LEAD 110 JONNY 50",IRON,"Cabos de Acelerador",MOTOCICLO
25851,"CABO ACEL. NX 400 A 00/10","CABO ACEL. NX 400 A 00/10","CABO ACEL. NX 400 A 00/10",IRON,"Cabos de Acelerador",MOTOCICLO
9997,"CABO ACEL. NXR 125 03/05","CABO ACEL. NXR 125 03/05","CABO ACEL. NXR 125 03/05",IRON,"Cabos de Acelerador",MOTOCICLO
4399,"CABO ACEL. NXR 125 13","CABO ACEL. NXR 125 13","CABO ACEL. NXR 125 13",IRON,"Cabos de Acelerador",MOTOCICLO
43153,"CABO ACEL. NXR 150 06/08","CABO ACEL. NXR 150 06/08","CABO ACEL. NXR 150 06/08",IRON,"Cabos de Acelerador",MOTOCICLO
43154,"CABO ACEL. NXR 150 09/13","CABO ACEL. NXR 150 09/13","CABO ACEL. NXR 150 09/13",IRON,"Cabos de Acelerador",MOTOCICLO
27615,"CABO ACEL. NXR 160 A","CABO ACEL. NXR 160 A","CABO ACEL. NXR 160 A",IRON,"Cabos de Acelerador",MOTOCICLO
121341,"CABO ACEL. NXR 160 B","CABO ACEL. NXR 160 B","CABO ACEL. NXR 160 B",IRON,"Cabos de Acelerador",MOTOCICLO
7259,"CABO ACEL. PCX 150","CABO ACEL. PCX 150","CABO ACEL. PCX 150",IRON,"Cabos de Acelerador",MOTOCICLO
27616,"CABO ACEL. PHOENIX 50","CABO ACEL. PHOENIX 50","CABO ACEL. PHOENIX 50",IRON,"Cabos de Acelerador",MOTOCICLO
28338,"CABO ACEL. POP 100 07/10","CABO ACEL. POP 100 07/10","CABO ACEL. POP 100 07/10",IRON,"Cabos de Acelerador",MOTOCICLO
43152,"CABO ACEL. POP 100 12/13","CABO ACEL. POP 100 12/13","CABO ACEL. POP 100 12/13",IRON,"Cabos de Acelerador",MOTOCICLO
43149,"CABO ACEL. POP 110I A","CABO ACEL. POP 110I A","CABO ACEL. POP 110I A",IRON,"Cabos de Acelerador",MOTOCICLO
9495,"CABO ACEL. TTR 230","CABO ACEL. TTR 230","CABO ACEL. TTR 230",IRON,"Cabos de Acelerador",MOTOCICLO
43151,"584","584","584",IRON,"Geral",MOTOCICLO
43150,"CABO ACEL. WEB 100","CABO ACEL. WEB 100","CABO ACEL. WEB 100",IRON,"Cabos de Acelerador",MOTOCICLO
13298,"CABO ACEL. XLR 125","CABO ACEL. XLR 125","CABO ACEL. XLR 125",IRON,"Cabos de Acelerador",MOTOCICLO
27617,"CABO ACEL. XR 200 B","CABO ACEL. XR 200 B","CABO ACEL. XR 200 B",IRON,"Cabos de Acelerador",MOTOCICLO
27618,"CABO ACEL. XRE 300 10/16 A","CABO ACEL. XRE 300 10/16 A","CABO ACEL. XRE 300 10/16 A",IRON,"Cabos de Acelerador",MOTOCICLO
42088,"CABO ACEL. XR 200 A","CABO ACEL. XR 200 A","CABO ACEL. XR 200 A",IRON,"Cabos de Acelerador",MOTOCICLO
25863,"CABO ACEL. XRE 300 10/16 B","CABO ACEL. XRE 300 10/16 B","CABO ACEL. XRE 300 10/16 B",IRON,"Cabos de Acelerador",MOTOCICLO
25858,"CABO ACEL. XT 660R A 05/18","CABO ACEL. XT 660R A 05/18","CABO ACEL. XT 660R A 05/18",IRON,"Cabos de Acelerador",MOTOCICLO
25859,"CABO ACEL. XT 660R B 05/18","CABO ACEL. XT 660R B 05/18","CABO ACEL. XT 660R B 05/18",IRON,"Cabos de Acelerador",MOTOCICLO
180961,"07","07","07",IRON,"Geral",MOTOCICLO
17922,"CABO","CABO","CABO",IRON,"Cabos",MOTOCICLO
27597,"897","897","897",IRON,"Geral",MOTOCICLO
5792,"901","901","901",IRON,"Geral",MOTOCICLO
194694,"CABO ACEL. XTZ 150 CROOSER DUPLO","CABO ACEL. XTZ 150 CROOSER DUPLO","CABO ACEL. XTZ 150 CROOSER DUPLO",IRON,"Cabos de Acelerador",MOTOCICLO
27601,"CABO ACEL. YBR 125 02/08","CABO ACEL. YBR 125 02/08","CABO ACEL. YBR 125 02/08",IRON,"Cabos de Acelerador",MOTOCICLO
5789,"CABO ACEL. YBR 125 09/13","CABO ACEL. YBR 125 09/13","CABO ACEL. YBR 125 09/13",IRON,"Cabos de Acelerador",MOTOCICLO
2232,"CABO ACEL. YS 150 FAZER 14 B","CABO ACEL. YS 150 FAZER 14 B","CABO ACEL. YS 150 FAZER 14 B",IRON,"Cabos de Acelerador",MOTOCICLO
9644,"CABO ACEL. YS 250 FAZER 11/15 A","CABO ACEL. YS 250 FAZER 11/15 A","CABO ACEL. YS 250 FAZER 11/15 A",IRON,"Cabos de Acelerador",MOTOCICLO
122918,"CABO ACEL. YS 250 FAZER 11/15 B","CABO ACEL. YS 250 FAZER 11/15 B","CABO ACEL. YS 250 FAZER 11/15 B",IRON,"Cabos de Acelerador",MOTOCICLO
24030,"CABO ACEL. BIZ 110I 16/17","CABO ACEL. BIZ 110I 16/17","CABO ACEL. BIZ 110I 16/17",IRON,"Cabos de Acelerador",MOTOCICLO
27605,"CABO ACEL BIZ 125 06/08","CABO ACEL BIZ 125 06/08","CABO ACEL BIZ 125 06/08",IRON,"Cabos de Acelerador",MOTOCICLO
27606,"CABO ACEL. BIZ 125 11/17","CABO ACEL. BIZ 125 11/17","CABO ACEL. BIZ 125 11/17",IRON,"Cabos de Acelerador",MOTOCICLO
27608,"CABO ACEL. CB 300R A","CABO ACEL. CB 300R A","CABO ACEL. CB 300R A",IRON,"Cabos de Acelerador",MOTOCICLO
43142,"CABO ACEL MT-03 16/19 YAMAHA","CABO ACEL MT-03 16/19 YAMAHA","CABO ACEL MT-03 16/19 YAMAHA",IRON,"Cabos de Acelerador",MOTOCICLO
27611,"CABO ACEL. CB 600 HORNET 09 B","CABO ACEL. CB 600 HORNET 09 B","CABO ACEL. CB 600 HORNET 09 B",IRON,"Cabos de Acelerador",MOTOCICLO
43140,"CABO ACEL. CBX 200 A","CABO ACEL. CBX 200 A","CABO ACEL. CBX 200 A",IRON,"Cabos de Acelerador",MOTOCICLO
43141,"CABO ACEL. CBX 200 B","CABO ACEL. CBX 200 B","CABO ACEL. CBX 200 B",IRON,"Cabos de Acelerador",MOTOCICLO
181939,"CABO ACEL. CBX 250 B","CABO ACEL. CBX 250 B","CABO ACEL. CBX 250 B",IRON,"Cabos de Acelerador",MOTOCICLO
121902,"CABO ACEL. CG 125 09/13","CABO ACEL. CG 125 09/13","CABO ACEL. CG 125 09/13",IRON,"Cabos de Acelerador",MOTOCICLO
43144,"CABO ACEL. CG 150 FAN 10/12 ESI","CABO ACEL. CG 150 FAN 10/12 ESI","CABO ACEL. CG 150 FAN 10/12 ESI",IRON,"Cabos de Acelerador",MOTOCICLO
43145,"CABO ACEL. CRF 230 B 07","CABO ACEL. CRF 230 B 07","CABO ACEL. CRF 230 B 07",IRON,"Cabos de Acelerador",MOTOCICLO
43143,"CABO ACEL. CRF 230 B 08/10","CABO ACEL. CRF 230 B 08/10","CABO ACEL. CRF 230 B 08/10",IRON,"Cabos de Acelerador",MOTOCICLO
43147,"CABO ACEL. DAFRA CITYCOM 300I A 12","CABO ACEL. DAFRA CITYCOM 300I A 12","CABO ACEL. DAFRA CITYCOM 300I A 12",IRON,"Cabos de Acelerador",MOTOCICLO
28339,"CABO ACEL. DAFRA KANSAS 150","CABO ACEL. DAFRA KANSAS 150","CABO ACEL. DAFRA KANSAS 150",IRON,"Cabos de Acelerador",MOTOCICLO
14810,"CABO ACEL. DAFRA NEXT 250 B","CABO ACEL. DAFRA NEXT 250 B","CABO ACEL. DAFRA NEXT 250 B",IRON,"Cabos de Acelerador",MOTOCICLO
7879,"CABO ACEL. DAFRA SUPER 100","CABO ACEL. DAFRA SUPER 100","CABO ACEL. DAFRA SUPER 100",IRON,"Cabos de Acelerador",MOTOCICLO
122915,"CABO ACEL. INTRUDER 125","CABO ACEL. INTRUDER 125","CABO ACEL. INTRUDER 125",IRON,"Cabos de Acelerador",MOTOCICLO
181951,"CABO ACEL. DAFRA SPEED 150","CABO ACEL. DAFRA SPEED 150","CABO ACEL. DAFRA SPEED 150",IRON,"Cabos de Acelerador",MOTOCICLO
181952,"CABO ACEL. JET 50","CABO ACEL. JET 50","CABO ACEL. JET 50",IRON,"Cabos de Acelerador",MOTOCICLO
122917,"CABO ACEL. NX 200 A","CABO ACEL. NX 200 A","CABO ACEL. NX 200 A",IRON,"Cabos de Acelerador",MOTOCICLO
25861,"CABO ACEL. NX 200 B","CABO ACEL. NX 200 B","CABO ACEL. NX 200 B",IRON,"Cabos de Acelerador",MOTOCICLO
12999,"CABO ACEL. POP 110I B","CABO ACEL. POP 110I B","CABO ACEL. POP 110I B",IRON,"Cabos de Acelerador",MOTOCICLO
8844,"CABO ACEL. SHINERAY XY 50-Q","CABO ACEL. SHINERAY XY 50-Q","CABO ACEL. SHINERAY XY 50-Q",IRON,"Cabos de Acelerador",MOTOCICLO
181949,"CABO ACEL. MAX HUNTER 125","CABO ACEL. MAX HUNTER 125","CABO ACEL. MAX HUNTER 125",IRON,"Cabos de Acelerador",MOTOCICLO
181950,"CABO ACEL. NX 400 B 00/10","CABO ACEL. NX 400 B 00/10","CABO ACEL. NX 400 B 00/10",IRON,"Cabos de Acelerador",MOTOCICLO
122916,"08","08","08",IRON,"Geral",MOTOCICLO
181940,"CABO","CABO","CABO",IRON,"Cabos",MOTOCICLO
25862,"CABO ACEL. XR 250 A","CABO ACEL. XR 250 A","CABO ACEL. XR 250 A",IRON,"Cabos de Acelerador",MOTOCICLO
6523,"CABO ACEL. XR 250 B","CABO ACEL. XR 250 B","CABO ACEL. XR 250 B",IRON,"Cabos de Acelerador",MOTOCICLO
4408,"CABO ACEL. XRE 190 A","CABO ACEL. XRE 190 A","CABO ACEL. XRE 190 A",IRON,"Cabos de Acelerador",MOTOCICLO
202333,"CABO ACEL. XRE 190 B","CABO ACEL. XRE 190 B","CABO ACEL. XRE 190 B",IRON,"Cabos de Acelerador",MOTOCICLO
27599,"CABO ACEL. XTZ 250 LANDER TENERE 250 DUPLO","CABO ACEL. XTZ 250 LANDER TENERE 250 DUPLO","CABO ACEL. XTZ 250 LANDER TENERE 250 DUPLO",IRON,"Cabos de Acelerador",MOTOCICLO
194673,"CABO ACEL. XTZ 125 09","CABO ACEL. XTZ 125 09","CABO ACEL. XTZ 125 09",IRON,"Cabos de Acelerador",MOTOCICLO
194697,"CABO ACEL. YBR 125 00/01","CABO ACEL. YBR 125 00/01","CABO ACEL. YBR 125 00/01",IRON,"Cabos de Acelerador",MOTOCICLO
194765,"CABO ACEL. YES 125","CABO ACEL. YES 125","CABO ACEL. YES 125",IRON,"Cabos de Acelerador",MOTOCICLO
195045,"CABO ACEL. XRE 300 16/18 A","CABO ACEL. XRE 300 16/18 A","CABO ACEL. XRE 300 16/18 A",IRON,"Cabos de Acelerador",MOTOCICLO
194691,"CABO ACEL. XRE 300 16/18 B","CABO ACEL. XRE 300 16/18 B","CABO ACEL. XRE 300 16/18 B",IRON,"Cabos de Acelerador",MOTOCICLO
194687,"CABO ACEL. XTZ 125 03/08","CABO ACEL. XTZ 125 03/08","CABO ACEL. XTZ 125 03/08",IRON,"Cabos de Acelerador",MOTOCICLO
194677,"CABO ACEL. YS 250 FAZER 18 DUPLO","CABO ACEL. YS 250 FAZER 18 DUPLO","CABO ACEL. YS 250 FAZER 18 DUPLO",IRON,"Cabos de Acelerador",MOTOCICLO
194678,"CABO ACEL. YS 150 FAZER 14 A","CABO ACEL. YS 150 FAZER 14 A","CABO ACEL. YS 150 FAZER 14 A",IRON,"Cabos de Acelerador",MOTOCICLO
195046,"CABO ACEL. YS 250 FAZER 06/10 A","CABO ACEL. YS 250 FAZER 06/10 A","CABO ACEL. YS 250 FAZER 06/10 A",IRON,"Cabos de Acelerador",MOTOCICLO
43161,"CABO ACEL. YS 250 FAZER 06/10 B","CABO ACEL. YS 250 FAZER 06/10 B","CABO ACEL. YS 250 FAZER 06/10 B",IRON,"Cabos de Acelerador",MOTOCICLO
43163,"CABO ACEL. TENERE 250 11/15 DUPLO","CABO ACEL. TENERE 250 11/15 DUPLO","CABO ACEL. TENERE 250 11/15 DUPLO",IRON,"Cabos de Acelerador",MOTOCICLO
43165,"CABO ACEL. AN 125 BURGMAN 12/19","CABO ACEL. AN 125 BURGMAN 12/19","CABO ACEL. AN 125 BURGMAN 12/19",IRON,"Cabos de Acelerador",MOTOCICLO
43170,"CABO ACEL. CRYPTON 105","CABO ACEL. CRYPTON 105","CABO ACEL. CRYPTON 105",IRON,"Cabos de Acelerador",MOTOCICLO
122939,"CABO ACEL DAFRA RIVA 150","CABO ACEL DAFRA RIVA 150","CABO ACEL DAFRA RIVA 150",IRON,"Cabos de Acelerador",MOTOCICLO
122940,"CABO ACEL. QUADRICICLO FOURTRAX TRX 420 08/13","CABO ACEL. QUADRICICLO FOURTRAX TRX 420 08/13","CABO ACEL. QUADRICICLO FOURTRAX TRX 420 08/13",IRON,"Cabos de Acelerador",MOTOCICLO
122933,"CABO ACEL. XRE 300 19/23 B","CABO ACEL. XRE 300 19/23 B","CABO ACEL. XRE 300 19/23 B",IRON,"Cabos de Acelerador",MOTOCICLO
122934,"CABO ACEL. YBR 125 14/16 A","CABO ACEL. YBR 125 14/16 A","CABO ACEL. YBR 125 14/16 A",IRON,"Cabos de Acelerador",MOTOCICLO
122943,"CABO ACEL. YBR 125 14/16 B","CABO ACEL. YBR 125 14/16 B","CABO ACEL. YBR 125 14/16 B",IRON,"Cabos de Acelerador",MOTOCICLO
173075,"CABO ACEL. YS 250 FAZER 16/17 A","CABO ACEL. YS 250 FAZER 16/17 A","CABO ACEL. YS 250 FAZER 16/17 A",IRON,"Cabos de Acelerador",MOTOCICLO
181956,"CABO ACEL. YS 250 FAZER 16/17 B","CABO ACEL. YS 250 FAZER 16/17 B","CABO ACEL. YS 250 FAZER 16/17 B",IRON,"Cabos de Acelerador",MOTOCICLO
25860,"CABO ACEL. XRE 300 19/23 A","CABO ACEL. XRE 300 19/23 A","CABO ACEL. XRE 300 19/23 A",IRON,"Cabos de Acelerador",MOTOCICLO
122936,"CABO EMB. INTRUDER 125","CABO EMB. INTRUDER 125","CABO EMB. INTRUDER 125",IRON,"Cabos de Embreagem",MOTOCICLO
122938,"CABO EMB. MAX HUNTER 125","CABO EMB. MAX HUNTER 125","CABO EMB. MAX HUNTER 125",IRON,"Cabos de Embreagem",MOTOCICLO
181954,"CABO EMB. NX 200","CABO EMB. NX 200","CABO EMB. NX 200",IRON,"Cabos de Embreagem",MOTOCICLO
28340,"CABO EMB. XTZ 150 CROOSER","CABO EMB. XTZ 150 CROOSER","CABO EMB. XTZ 150 CROOSER",IRON,"Cabos de Embreagem",MOTOCICLO
122922,"CABO EMB. YBR 125 02/08","CABO EMB. YBR 125 02/08","CABO EMB. YBR 125 02/08",IRON,"Cabos de Embreagem",MOTOCICLO
27619,"CABO EMB. YBR 125 09 FACTOR","CABO EMB. YBR 125 09 FACTOR","CABO EMB. YBR 125 09 FACTOR",IRON,"Cabos de Embreagem",MOTOCICLO
122929,"09","09","09",IRON,"Geral",MOTOCICLO
122926,"CABO","CABO","CABO",IRON,"Cabos",MOTOCICLO
122928,"CABO EMB. NXR 150 03/05","CABO EMB. NXR 150 03/05","CABO EMB. NXR 150 03/05",IRON,"Cabos de Embreagem",MOTOCICLO
122941,"CABO EMB. NXR 150 06/08","CABO EMB. NXR 150 06/08","CABO EMB. NXR 150 06/08",IRON,"Cabos de Embreagem",MOTOCICLO
25849,"CABO EMB. SHINERAY XY 50-Q","CABO EMB. SHINERAY XY 50-Q","CABO EMB. SHINERAY XY 50-Q",IRON,"Cabos de Embreagem",MOTOCICLO
122925,"CABO EMB. TENERE 250","CABO EMB. TENERE 250","CABO EMB. TENERE 250",IRON,"Cabos de Embreagem",MOTOCICLO
122931,"CABO EMB. XRE 190","CABO EMB. XRE 190","CABO EMB. XRE 190",IRON,"Cabos de Embreagem",MOTOCICLO
27620,"CABO EMB. XTZ 125","CABO EMB. XTZ 125","CABO EMB. XTZ 125",IRON,"Cabos de Embreagem",MOTOCICLO
43171,"CABO EMB. XTZ 250 LANDER","CABO EMB. XTZ 250 LANDER","CABO EMB. XTZ 250 LANDER",IRON,"Cabos de Embreagem",MOTOCICLO
27621,"CABO EMB. YBR 125 00/01","CABO EMB. YBR 125 00/01","CABO EMB. YBR 125 00/01",IRON,"Cabos de Embreagem",MOTOCICLO
27622,"CABO EMB. YS 250 FAZER 18","CABO EMB. YS 250 FAZER 18","CABO EMB. YS 250 FAZER 18",IRON,"Cabos de Embreagem",MOTOCICLO
27623,"CABO EMB. CB 250 16","CABO EMB. CB 250 16","CABO EMB. CB 250 16",IRON,"Cabos de Embreagem",MOTOCICLO
27625,"CABO EMB. CB 300R","CABO EMB. CB 300R","CABO EMB. CB 300R",IRON,"Cabos de Embreagem",MOTOCICLO
43166,"CABO EMB. CB 600 HORNET","CABO EMB. CB 600 HORNET","CABO EMB. CB 600 HORNET",IRON,"Cabos de Embreagem",MOTOCICLO
122932,"CABO EMB. CBX 250","CABO EMB. CBX 250","CABO EMB. CBX 250",IRON,"Cabos de Embreagem",MOTOCICLO
25852,"CABO EMB. CG 125 00/01","CABO EMB. CG 125 00/01","CABO EMB. CG 125 00/01",IRON,"Cabos de Embreagem",MOTOCICLO
122935,"CABO EMB. CG 125 02/08","CABO EMB. CG 125 02/08","CABO EMB. CG 125 02/08",IRON,"Cabos de Embreagem",MOTOCICLO
43169,"CABO EMB. CG 125 09/13","CABO EMB. CG 125 09/13","CABO EMB. CG 125 09/13",IRON,"Cabos de Embreagem",MOTOCICLO
122921,"CABO EMB. CG 125 14","CABO EMB. CG 125 14","CABO EMB. CG 125 14",IRON,"Cabos de Embreagem",MOTOCICLO
25844,"CABO EMB. CG 125 83/99","CABO EMB. CG 125 83/99","CABO EMB. CG 125 83/99",IRON,"Cabos de Embreagem",MOTOCICLO
5787,"CABO EMB. CG 150 09/11","CABO EMB. CG 150 09/11","CABO EMB. CG 150 09/11",IRON,"Cabos de Embreagem",MOTOCICLO
122923,"CABO EMB. CG 150 15","CABO EMB. CG 150 15","CABO EMB. CG 150 15",IRON,"Cabos de Embreagem",MOTOCICLO
43167,"CABO EMB. CG 160","CABO EMB. CG 160","CABO EMB. CG 160",IRON,"Cabos de Embreagem",MOTOCICLO
43168,"CABO EMB. CRF 230 07/10","CABO EMB. CRF 230 07/10","CABO EMB. CRF 230 07/10",IRON,"Cabos de Embreagem",MOTOCICLO
27626,"CABO EMB. DAFRA APACHE 150","CABO EMB. DAFRA APACHE 150","CABO EMB. DAFRA APACHE 150",IRON,"Cabos de Embreagem",MOTOCICLO
122927,"CABO EMB. DAFRA NEXT 250","CABO EMB. DAFRA NEXT 250","CABO EMB. DAFRA NEXT 250",IRON,"Cabos de Embreagem",MOTOCICLO
122920,"CABO EMB. NX 400 00/10","CABO EMB. NX 400 00/10","CABO EMB. NX 400 00/10",IRON,"Cabos de Embreagem",MOTOCICLO
122937,"CABO EMB. NXR 125 03/05","CABO EMB. NXR 125 03/05","CABO EMB. NXR 125 03/05",IRON,"Cabos de Embreagem",MOTOCICLO
122919,"CABO EMB. NXR 160","CABO EMB. NXR 160","CABO EMB. NXR 160",IRON,"Cabos de Embreagem",MOTOCICLO
25845,"CABO EMB. POP 100 07/08","CABO EMB. POP 100 07/08","CABO EMB. POP 100 07/08",IRON,"Cabos de Embreagem",MOTOCICLO
200744,"10","10","10",IRON,"Geral",MOTOCICLO
27624,"CABO","CABO","CABO",IRON,"Cabos",MOTOCICLO
43160,"CABO EMB XR 200","CABO EMB XR 200","CABO EMB XR 200",IRON,"Cabos de Embreagem",MOTOCICLO
122924,"CABO EMB TTR/230 08/10","CABO EMB TTR/230 08/10","CABO EMB TTR/230 08/10",IRON,"Cabos de Embreagem",MOTOCICLO
122930,"CABO EMB XT 660R","CABO EMB XT 660R","CABO EMB XT 660R",IRON,"Cabos de Embreagem",MOTOCICLO
194783,"CABO EMB XTZ 125 03/08","CABO EMB XTZ 125 03/08","CABO EMB XTZ 125 03/08",IRON,"Cabos de Embreagem",MOTOCICLO
43162,"CABO EMB XTZ 150 CROOSER","CABO EMB XTZ 150 CROOSER","CABO EMB XTZ 150 CROOSER",IRON,"Cabos de Embreagem",MOTOCICLO
122944,"CABO EMB YS 250 FAZER 06/11","CABO EMB YS 250 FAZER 06/11","CABO EMB YS 250 FAZER 06/11",IRON,"Cabos de Embreagem",MOTOCICLO
122942,"CABO EMB YES 125 04/08","CABO EMB YES 125 04/08","CABO EMB YES 125 04/08",IRON,"Cabos de Embreagem",MOTOCICLO
194772,"CABO EMB YBR 125 02/08","CABO EMB YBR 125 02/08","CABO EMB YBR 125 02/08",IRON,"Cabos de Embreagem",MOTOCICLO
194771,"CABO EMB YBR 125 09 FACTOR","CABO EMB YBR 125 09 FACTOR","CABO EMB YBR 125 09 FACTOR",IRON,"Cabos de Embreagem",MOTOCICLO
200746,"CABO EMB XR 250","CABO EMB XR 250","CABO EMB XR 250",IRON,"Cabos de Embreagem",MOTOCICLO
194775,"CABO EMB POP 100/110 13","CABO EMB POP 100/110 13","CABO EMB POP 100/110 13",IRON,"Cabos de Embreagem",MOTOCICLO
194774,"CABO EMB. YES 125 04/08","CABO EMB. YES 125 04/08","CABO EMB. YES 125 04/08",IRON,"Cabos de Embreagem",MOTOCICLO
194782,"CABO EMB YBR 150 14 FACTOR","CABO EMB YBR 150 14 FACTOR","CABO EMB YBR 150 14 FACTOR",IRON,"Cabos de Embreagem",MOTOCICLO
194780,"CABO EMB YS 150 FAZER","CABO EMB YS 150 FAZER","CABO EMB YS 150 FAZER",IRON,"Cabos de Embreagem",MOTOCICLO
194762,"CABO EMB. CB 500X 14/21","CABO EMB. CB 500X 14/21","CABO EMB. CB 500X 14/21",IRON,"Cabos de Embreagem",MOTOCICLO
122845,"CABO EMB XRE 300 16/22","CABO EMB XRE 300 16/22","CABO EMB XRE 300 16/22",IRON,"Cabos de Embreagem",MOTOCICLO
200736,"CABO EMB COMET GT 250 KASINSKI","CABO EMB COMET GT 250 KASINSKI","CABO EMB COMET GT 250 KASINSKI",IRON,"Cabos de Embreagem",MOTOCICLO
43159,"CABO EMB. CRF 250F 19/22","CABO EMB. CRF 250F 19/22","CABO EMB. CRF 250F 19/22",IRON,"Cabos de Embreagem",MOTOCICLO
185033,"CABO EMB. DAFRA RIVA 150","CABO EMB. DAFRA RIVA 150","CABO EMB. DAFRA RIVA 150",IRON,"Cabos de Embreagem",MOTOCICLO
121906,"CABO EMB. MT-03 16/19","CABO EMB. MT-03 16/19","CABO EMB. MT-03 16/19",IRON,"Cabos de Embreagem",MOTOCICLO
200734,"11","11","11",IRON,"Geral",MOTOCICLO
200742,"CABO EMB DAFRA SPEED 150","CABO EMB DAFRA SPEED 150","CABO EMB DAFRA SPEED 150",IRON,"Cabos de Embreagem",MOTOCICLO
43158,"CABO","CABO","CABO",IRON,"Cabos",MOTOCICLO
43157,"CABO EMB. POP 100/110 13","CABO EMB. POP 100/110 13","CABO EMB. POP 100/110 13",IRON,"Cabos de Embreagem",MOTOCICLO
27636,"CABO EMB. TT-R 230 08/10","CABO EMB. TT-R 230 08/10","CABO EMB. TT-R 230 08/10",IRON,"Cabos de Embreagem",MOTOCICLO
27637,"CABO EMB. XLS/XLR 125","CABO EMB. XLS/XLR 125","CABO EMB. XLS/XLR 125",IRON,"Cabos de Embreagem",MOTOCICLO
200740,"CABO EMB. XR 200","CABO EMB. XR 200","CABO EMB. XR 200",IRON,"Cabos de Embreagem",MOTOCICLO
200738,"CABO EMB. XR 250","CABO EMB. XR 250","CABO EMB. XR 250",IRON,"Cabos de Embreagem",MOTOCICLO
122954,"CABO EMB. XRE 300 10/16","CABO EMB. XRE 300 10/16","CABO EMB. XRE 300 10/16",IRON,"Cabos de Embreagem",MOTOCICLO
122844,"CABO EMB. XT 660R","CABO EMB. XT 660R","CABO EMB. XT 660R",IRON,"Cabos de Embreagem",MOTOCICLO
27634,"CABO EMB. XTZ 125 03/08","CABO EMB. XTZ 125 03/08","CABO EMB. XTZ 125 03/08",IRON,"Cabos de Embreagem",MOTOCICLO
27635,"CABO EMB. YS 250 FAZER 18","CABO EMB. YS 250 FAZER 18","CABO EMB. YS 250 FAZER 18",IRON,"Cabos de Embreagem",MOTOCICLO
122948,"CABO EMB FINAL DIANT QUADRIC. FOURTRAX TRX 420 08/13","CABO EMB FINAL DIANT QUADRIC. FOURTRAX TRX 420 08/13","CABO EMB FINAL DIANT QUADRIC. FOURTRAX TRX 420 08/13",IRON,"Cabos de Embreagem",MOTOCICLO
190624,"CABO EMB. CG 125 82","CABO EMB. CG 125 82","CABO EMB. CG 125 82",IRON,"Cabos de Embreagem",MOTOCICLO
122945,"CABO AFOGADOR DAFRA APACHE 150","CABO AFOGADOR DAFRA APACHE 150","CABO AFOGADOR DAFRA APACHE 150",IRON,"Cabos",MOTOCICLO
122959,"CABO AFOGADOR NX 400","CABO AFOGADOR NX 400","CABO AFOGADOR NX 400",IRON,"Cabos",MOTOCICLO
27632,"CABO AFOGADOR YES 125 09/10","CABO AFOGADOR YES 125 09/10","CABO AFOGADOR YES 125 09/10",IRON,"Cabos",MOTOCICLO
25843,"CABO AFOGADOR JET 50 50X / 125X","CABO AFOGADOR JET 50 50X / 125X","CABO AFOGADOR JET 50 50X / 125X",IRON,"Cabos",MOTOCICLO
122951,"CABO AFOGADOR COMET 150","CABO AFOGADOR COMET 150","CABO AFOGADOR COMET 150",IRON,"Cabos",MOTOCICLO
122956,"CABO AFOGADOR NEO 115","CABO AFOGADOR NEO 115","CABO AFOGADOR NEO 115",IRON,"Cabos",MOTOCICLO
27633,"CABO AFOGADOR CBX 250","CABO AFOGADOR CBX 250","CABO AFOGADOR CBX 250",IRON,"Cabos",MOTOCICLO
122946,"CABO AFOGADOR BIZ 125 06/08","CABO AFOGADOR BIZ 125 06/08","CABO AFOGADOR BIZ 125 06/08",IRON,"Cabos",MOTOCICLO
25850,"CABO AFOGADOR YES 125 05/08","CABO AFOGADOR YES 125 05/08","CABO AFOGADOR YES 125 05/08",IRON,"Cabos",MOTOCICLO
43174,"CABO AFOGADOR DAFRA KANSAS 150","CABO AFOGADOR DAFRA KANSAS 150","CABO AFOGADOR DAFRA KANSAS 150",IRON,"Cabos",MOTOCICLO
122955,"CABO AFOGADOR DAFRA SPEED 150","CABO AFOGADOR DAFRA SPEED 150","CABO AFOGADOR DAFRA SPEED 150",IRON,"Cabos",MOTOCICLO
122950,"CABO FR NXR 150 06/12","CABO FR NXR 150 06/12","CABO FR NXR 150 06/12",IRON,"Cabos de Freio",MOTOCICLO
122949,"CABO FR NXR 150 13","CABO FR NXR 150 13","CABO FR NXR 150 13",IRON,"Cabos de Freio",MOTOCICLO
122953,"CABO FR PCX 150 PRIMÁRIO","CABO FR PCX 150 PRIMÁRIO","CABO FR PCX 150 PRIMÁRIO",IRON,"Cabos de Freio",MOTOCICLO
185764,"CABO FR PCX 150 SECUNDÁRIO","CABO FR PCX 150 SECUNDÁRIO","CABO FR PCX 150 SECUNDÁRIO",IRON,"Cabos de Freio",MOTOCICLO
44773,"CABO FR POP 100 07/12","CABO FR POP 100 07/12","CABO FR POP 100 07/12",IRON,"Cabos de Freio",MOTOCICLO
122947,"CABO FR QUADRICICLO FOURTRAX TRX 420 08/13 TRAS.","CABO FR QUADRICICLO FOURTRAX TRX 420 08/13 TRAS.","CABO FR QUADRICICLO FOURTRAX TRX 420 08/13 TRAS.",IRON,"Cabos de Freio",MOTOCICLO
122952,"CABO FR PHOENIX GOLD 50","CABO FR PHOENIX GOLD 50","CABO FR PHOENIX GOLD 50",IRON,"Cabos de Freio",MOTOCICLO
43172,"CABO FR SHINERAY XY 50-Q","CABO FR SHINERAY XY 50-Q","CABO FR SHINERAY XY 50-Q",IRON,"Cabos de Freio",MOTOCICLO
43173,"12","12","12",IRON,"Geral",MOTOCICLO
43175,"CABO FR AN 125 BURGMAN 12 TRAS.","CABO FR AN 125 BURGMAN 12 TRAS.","CABO FR AN 125 BURGMAN 12 TRAS.",IRON,"Cabos de Freio",MOTOCICLO
6292,"CABO","CABO","CABO",IRON,"Cabos",MOTOCICLO
181957,"CABO FR BIZ 100/125 11/12","CABO FR BIZ 100/125 11/12","CABO FR BIZ 100/125 11/12",IRON,"Cabos de Freio",MOTOCICLO
25846,"CABO FR CG 125 00/08","CABO FR CG 125 00/08","CABO FR CG 125 00/08",IRON,"Cabos de Freio",MOTOCICLO
185420,"CABO FR CG 150 04/08","CABO FR CG 150 04/08","CABO FR CG 150 04/08",IRON,"Cabos de Freio",MOTOCICLO
43176,"CABO FR CG 150 FAN 10/12 ESI","CABO FR CG 150 FAN 10/12 ESI","CABO FR CG 150 FAN 10/12 ESI",IRON,"Cabos de Freio",MOTOCICLO
43177,"CABO FR BIZ 100 99/05","CABO FR BIZ 100 99/05","CABO FR BIZ 100 99/05",IRON,"Cabos de Freio",MOTOCICLO
43178,"CABO FR BIZ 100 99/05","CABO FR BIZ 100 99/05","CABO FR BIZ 100 99/05",IRON,"Cabos de Freio",MOTOCICLO
122957,"CABO FR CG/START 125/160 14/16","CABO FR CG/START 125/160 14/16","CABO FR CG/START 125/160 14/16",IRON,"Cabos de Freio",MOTOCICLO
122958,"CABO FR LEAD 110 DIANTEIRO","CABO FR LEAD 110 DIANTEIRO","CABO FR LEAD 110 DIANTEIRO",IRON,"Cabos de Freio",MOTOCICLO
185422,"CABO FR NXR 125/150 03/05","CABO FR NXR 125/150 03/05","CABO FR NXR 125/150 03/05",IRON,"Cabos de Freio",MOTOCICLO
27631,"CABO FR CG 125 95/99","CABO FR CG 125 95/99","CABO FR CG 125 95/99",IRON,"Cabos de Freio",MOTOCICLO
194792,"CABO FR CG 150 09/13","CABO FR CG 150 09/13","CABO FR CG 150 09/13",IRON,"Cabos de Freio",MOTOCICLO
194793,"CABO FR BIZ 110I 18 CBS A","CABO FR BIZ 110I 18 CBS A","CABO FR BIZ 110I 18 CBS A",IRON,"Cabos de Freio",MOTOCICLO
194794,"CABO FR BIZ 110I 18 CBS DUPLO","CABO FR BIZ 110I 18 CBS DUPLO","CABO FR BIZ 110I 18 CBS DUPLO",IRON,"Cabos de Freio",MOTOCICLO
194800,"CABO FR BIZ 125 06/08","CABO FR BIZ 125 06/08","CABO FR BIZ 125 06/08",IRON,"Cabos de Freio",MOTOCICLO
194801,"CABO FR CG 125 09/13","CABO FR CG 125 09/13","CABO FR CG 125 09/13",IRON,"Cabos de Freio",MOTOCICLO
194802,"CABO FR CRYPTON 105","CABO FR CRYPTON 105","CABO FR CRYPTON 105",IRON,"Cabos de Freio",MOTOCICLO
194798,"CABO FR HUNTER 125","CABO FR HUNTER 125","CABO FR HUNTER 125",IRON,"Cabos de Freio",MOTOCICLO
122966,"CABO FR MAX/HUNTER 125","CABO FR MAX/HUNTER 125","CABO FR MAX/HUNTER 125",IRON,"Cabos de Freio",MOTOCICLO
122977,"CABO FR BIZ 110I 16/17","CABO FR BIZ 110I 16/17","CABO FR BIZ 110I 16/17",IRON,"Cabos de Freio",MOTOCICLO
122971,"CABO FR PCX 150 18 TRAS.","CABO FR PCX 150 18 TRAS.","CABO FR PCX 150 18 TRAS.",IRON,"Cabos de Freio",MOTOCICLO
122968,"CABO FR POP 100 13/15/110I","CABO FR POP 100 13/15/110I","CABO FR POP 100 13/15/110I",IRON,"Cabos de Freio",MOTOCICLO
122969,"CABO FR POP 110I 19... CBS B","CABO FR POP 110I 19... CBS B","CABO FR POP 110I 19... CBS B",IRON,"Cabos de Freio",MOTOCICLO
122967,"CABO FR WEB 100","CABO FR WEB 100","CABO FR WEB 100",IRON,"Cabos de Freio",MOTOCICLO
43180,"CABO FR XLS/XLR 125","CABO FR XLS/XLR 125","CABO FR XLS/XLR 125",IRON,"Cabos de Freio",MOTOCICLO
122975,"CABO FR XTZ 150 CROSSER E","CABO FR XTZ 150 CROSSER E","CABO FR XTZ 150 CROSSER E",IRON,"Cabos de Freio",MOTOCICLO
122976,"CABO FR YBR 125 00/08","CABO FR YBR 125 00/08","CABO FR YBR 125 00/08",IRON,"Cabos de Freio",MOTOCICLO
122963,"CABO FR YBR 125 09 FACTOR","CABO FR YBR 125 09 FACTOR","CABO FR YBR 125 09 FACTOR",IRON,"Cabos de Freio",MOTOCICLO
43179,"754","754","754",IRON,"Geral",MOTOCICLO
194799,"CABO FR CG 160 START 18...","CABO FR CG 160 START 18...","CABO FR CG 160 START 18...",IRON,"Cabos de Freio",MOTOCICLO
122974,"CABO FR AN 125 BURGMAN 12 TRAS","CABO FR AN 125 BURGMAN 12 TRAS","CABO FR AN 125 BURGMAN 12 TRAS",IRON,"Cabos de Freio",MOTOCICLO
27629,"CABO FR AN 125 BURGMAN 10 TRAS","CABO FR AN 125 BURGMAN 10 TRAS","CABO FR AN 125 BURGMAN 10 TRAS",IRON,"Cabos de Freio",MOTOCICLO
27627,"CABO FR CG 125 82","CABO FR CG 125 82","CABO FR CG 125 82",IRON,"Cabos de Freio",MOTOCICLO
122964,"13","13","13",IRON,"Geral",MOTOCICLO
43182,"CABO","CABO","CABO",IRON,"Cabos",MOTOCICLO
43181,"CABO TACOMETRO INTRUDER KATANA 125","CABO TACOMETRO INTRUDER KATANA 125","CABO TACOMETRO INTRUDER KATANA 125",IRON,"Cabos",MOTOCICLO
45603,"CABO TACOMETRO NX / XR 150/200","CABO TACOMETRO NX / XR 150/200","CABO TACOMETRO NX / XR 150/200",IRON,"Cabos",MOTOCICLO
27630,"CABO TACOMETRO YES 125","CABO TACOMETRO YES 125","CABO TACOMETRO YES 125",IRON,"Cabos",MOTOCICLO
43183,"CABO VEL. CRYPTON 105","CABO VEL. CRYPTON 105","CABO VEL. CRYPTON 105",IRON,"Cabos de Velocímetro/Tacômetro",MOTOCICLO
43184,"CABO VEL. CRYPTON 115 ED","CABO VEL. CRYPTON 115 ED","CABO VEL. CRYPTON 115 ED",IRON,"Cabos de Velocímetro/Tacômetro",MOTOCICLO
43185,"CABO VEL. CRYPTON 115 EK","CABO VEL. CRYPTON 115 EK","CABO VEL. CRYPTON 115 EK",IRON,"Cabos de Velocímetro/Tacômetro",MOTOCICLO
122972,"CABO VEL. NEO AT 115","CABO VEL. NEO AT 115","CABO VEL. NEO AT 115",IRON,"Cabos de Velocímetro/Tacômetro",MOTOCICLO
122960,"CABO VEL. BIZ 06/12 110I / 100 13/15","CABO VEL. BIZ 06/12 110I / 100 13/15","CABO VEL. BIZ 06/12 110I / 100 13/15",IRON,"Cabos de Velocímetro/Tacômetro",MOTOCICLO
43187,"CABO VEL. CBX 150/200","CABO VEL. CBX 150/200","CABO VEL. CBX 150/200",IRON,"Cabos de Velocímetro/Tacômetro",MOTOCICLO
122970,"CABO VEL. CBX 250","CABO VEL. CBX 250","CABO VEL. CBX 250",IRON,"Cabos de Velocímetro/Tacômetro",MOTOCICLO
122978,"CABO VEL. CG 125 00/08 KS NXR 125/150 KS/ES","CABO VEL. CG 125 00/08 KS NXR 125/150 KS/ES","CABO VEL. CG 125 00/08 KS NXR 125/150 KS/ES",IRON,"Cabos de Velocímetro/Tacômetro",MOTOCICLO
122980,"CABO VEL. CG 125 83/99","CABO VEL. CG 125 83/99","CABO VEL. CG 125 83/99",IRON,"Cabos de Velocímetro/Tacômetro",MOTOCICLO
122979,"CABO VEL. CG 125 ES 00/04","CABO VEL. CG 125 ES 00/04","CABO VEL. CG 125 ES 00/04",IRON,"Cabos de Velocímetro/Tacômetro",MOTOCICLO
122981,"CABO VEL. CG 125 FAN 09/13","CABO VEL. CG 125 FAN 09/13","CABO VEL. CG 125 FAN 09/13",IRON,"Cabos de Velocímetro/Tacômetro",MOTOCICLO
122961,"CABO VEL. CG 150 04/08","CABO VEL. CG 150 04/08","CABO VEL. CG 150 04/08",IRON,"Cabos de Velocímetro/Tacômetro",MOTOCICLO
41367,"CABO VEL. CG 150 09/13","CABO VEL. CG 150 09/13","CABO VEL. CG 150 09/13",IRON,"Cabos de Velocímetro/Tacômetro",MOTOCICLO
43186,"CABO VEL. DAFRA SPEED 150","CABO VEL. DAFRA SPEED 150","CABO VEL. DAFRA SPEED 150",IRON,"Cabos de Velocímetro/Tacômetro",MOTOCICLO
181959,"CABO VEL. DAFRA SUPER 100","CABO VEL. DAFRA SUPER 100","CABO VEL. DAFRA SUPER 100",IRON,"Cabos de Velocímetro/Tacômetro",MOTOCICLO
25857,"CABO VEL. CG 125 77/82","CABO VEL. CG 125 77/82","CABO VEL. CG 125 77/82",IRON,"Cabos de Velocímetro/Tacômetro",MOTOCICLO
122962,"CABO VEL. NXR 150 09/12","CABO VEL. NXR 150 09/12","CABO VEL. NXR 150 09/12",IRON,"Cabos de Velocímetro/Tacômetro",MOTOCICLO
122965,"CABO VEL. AN 125 BURGMAN 10","CABO VEL. AN 125 BURGMAN 10","CABO VEL. AN 125 BURGMAN 10",IRON,"Cabos de Velocímetro/Tacômetro",MOTOCICLO
25847,"CABO VEL. AN 125 BURGMAN 12","CABO VEL. AN 125 BURGMAN 12","CABO VEL. AN 125 BURGMAN 12",IRON,"Cabos de Velocímetro/Tacômetro",MOTOCICLO
194795,"CABO VEL. BIZ 100 99/05","CABO VEL. BIZ 100 99/05","CABO VEL. BIZ 100 99/05",IRON,"Cabos de Velocímetro/Tacômetro",MOTOCICLO
194796,"CABO VEL DAFRA KANSAS 150","CABO VEL DAFRA KANSAS 150","CABO VEL DAFRA KANSAS 150",IRON,"Cabos de Velocímetro/Tacômetro",MOTOCICLO
45613,"CABO VEL. INTRUDER 125","CABO VEL. INTRUDER 125","CABO VEL. INTRUDER 125",IRON,"Cabos de Velocímetro/Tacômetro",MOTOCICLO
188202,"CABO VEL. JET 50","CABO VEL. JET 50","CABO VEL. JET 50",IRON,"Cabos de Velocímetro/Tacômetro",MOTOCICLO
188192,"CABO VEL. LEAD 110","CABO VEL. LEAD 110","CABO VEL. LEAD 110",IRON,"Cabos de Velocímetro/Tacômetro",MOTOCICLO
188198,"CABO VEL. MAX 125 ESD","CABO VEL. MAX 125 ESD","CABO VEL. MAX 125 ESD",IRON,"Cabos de Velocímetro/Tacômetro",MOTOCICLO
188190,"CABO VEL. MAX 125 SE","CABO VEL. MAX 125 SE","CABO VEL. MAX 125 SE",IRON,"Cabos de Velocímetro/Tacômetro",MOTOCICLO
188194,"CABO VEL. NX/XR 150/200","CABO VEL. NX/XR 150/200","CABO VEL. NX/XR 150/200",IRON,"Cabos de Velocímetro/Tacômetro",MOTOCICLO
188196,"CABO VEL NXR 150 03/05 ESD","CABO VEL NXR 150 03/05 ESD","CABO VEL NXR 150 03/05 ESD",IRON,"Cabos de Velocímetro/Tacômetro",MOTOCICLO
188200,"14","14","14",IRON,"Geral",MOTOCICLO
189282,"CABO VEL. SHINERAY XY 50-Q","CABO VEL. SHINERAY XY 50-Q","CABO VEL. SHINERAY XY 50-Q",IRON,"Cabos de Velocímetro/Tacômetro",MOTOCICLO
188218,"CABO","CABO","CABO",IRON,"Cabos",MOTOCICLO
188210,"CABO VEL. XLR/NX/XR 125/200/250/400","CABO VEL. XLR/NX/XR 125/200/250/400","CABO VEL. XLR/NX/XR 125/200/250/400",IRON,"Cabos de Velocímetro/Tacômetro",MOTOCICLO
188214,"CABO VEL. XTZ 125","CABO VEL. XTZ 125","CABO VEL. XTZ 125",IRON,"Cabos de Velocímetro/Tacômetro",MOTOCICLO
188222,"CABO VEL. YBR 125 00/01","CABO VEL. YBR 125 00/01","CABO VEL. YBR 125 00/01",IRON,"Cabos de Velocímetro/Tacômetro",MOTOCICLO
188224,"CABO VEL. YBR 125 02/08 ED","CABO VEL. YBR 125 02/08 ED","CABO VEL. YBR 125 02/08 ED",IRON,"Cabos de Velocímetro/Tacômetro",MOTOCICLO
188226,"CABO VEL. YBR 125 02/08 EK","CABO VEL. YBR 125 02/08 EK","CABO VEL. YBR 125 02/08 EK",IRON,"Cabos de Velocímetro/Tacômetro",MOTOCICLO
197051,"CABO VEL. YBR 125 09 EK","CABO VEL. YBR 125 09 EK","CABO VEL. YBR 125 09 EK",IRON,"Cabos de Velocímetro/Tacômetro",MOTOCICLO
188204,"CABO VEL. YES 125 05/08","CABO VEL. YES 125 05/08","CABO VEL. YES 125 05/08",IRON,"Cabos de Velocímetro/Tacômetro",MOTOCICLO
188206,"CABO VEL. YES KATANA 125","CABO VEL. YES KATANA 125","CABO VEL. YES KATANA 125",IRON,"Cabos de Velocímetro/Tacômetro",MOTOCICLO
188208,"CABO VEL. WEB 100","CABO VEL. WEB 100","CABO VEL. WEB 100",IRON,"Cabos de Velocímetro/Tacômetro",MOTOCICLO
188212,"CABO VEL. NXR 150 06/12 ESD","CABO VEL. NXR 150 06/12 ESD","CABO VEL. NXR 150 06/12 ESD",IRON,"Cabos de Velocímetro/Tacômetro",MOTOCICLO
200974,"CABO VEL. NXR 150 13/15 ESD","CABO VEL. NXR 150 13/15 ESD","CABO VEL. NXR 150 13/15 ESD",IRON,"Cabos de Velocímetro/Tacômetro",MOTOCICLO
188220,"CABO VEL. PHOENIX GOLD 50","CABO VEL. PHOENIX GOLD 50","CABO VEL. PHOENIX GOLD 50",IRON,"Cabos de Velocímetro/Tacômetro",MOTOCICLO
194797,"CABO VEL. POP 100 07/12","CABO VEL. POP 100 07/12","CABO VEL. POP 100 07/12",IRON,"Cabos de Velocímetro/Tacômetro",MOTOCICLO
185277,"CABO VEL. POP 13/15/110I","CABO VEL. POP 13/15/110I","CABO VEL. POP 13/15/110I",IRON,"Cabos de Velocímetro/Tacômetro",MOTOCICLO
196774,"CABO TRAVA BANCO BIZ 06/12","CABO TRAVA BANCO BIZ 06/12","CABO TRAVA BANCO BIZ 06/12",IRON,"Cabos de Trava",MOTOCICLO
41505,"CABO TRAVA BANCO POP 100 07/15","CABO TRAVA BANCO POP 100 07/15","CABO TRAVA BANCO POP 100 07/15",IRON,"Cabos de Trava",MOTOCICLO
185263,"CABO TRAVA BANCO JET 50 50X / 125X","CABO TRAVA BANCO JET 50 50X / 125X","CABO TRAVA BANCO JET 50 50X / 125X",IRON,"Cabos de Trava",MOTOCICLO
185296,"FLEXÍVEL FR D XR 200","FLEXÍVEL FR D XR 200","FLEXÍVEL FR D XR 200",IRON,"Geral",MOTOCICLO
122491,"FLEXÍVEL FR D YBR 125 00/08","FLEXÍVEL FR D YBR 125 00/08","FLEXÍVEL FR D YBR 125 00/08",IRON,"Geral",MOTOCICLO
185311,"FLEXÍVEL FR D YBR 125","FLEXÍVEL FR D YBR 125","FLEXÍVEL FR D YBR 125",IRON,"Geral",MOTOCICLO
185226,"FLEXÍVEL FR D CBX 250","FLEXÍVEL FR D CBX 250","FLEXÍVEL FR D CBX 250",IRON,"Geral",MOTOCICLO
196631,"FLEXÍVEL FR D CG 150 04/08","FLEXÍVEL FR D CG 150 04/08","FLEXÍVEL FR D CG 150 04/08",IRON,"Geral",MOTOCICLO
196585,"FLEXÍVEL FR D CG 150 09/18","FLEXÍVEL FR D CG 150 09/18","FLEXÍVEL FR D CG 150 09/18",IRON,"Geral",MOTOCICLO
185185,"FLEXÍVEL FR D NXR 150","FLEXÍVEL FR D NXR 150","FLEXÍVEL FR D NXR 150",IRON,"Geral",MOTOCICLO
185191,"FLEXÍVEL FR D CG 125 ES-CBX 150-200","FLEXÍVEL FR D CG 125 ES-CBX 150-200","FLEXÍVEL FR D CG 125 ES-CBX 150-200",IRON,"Geral",MOTOCICLO
196588,"FLEXÍVEL FR D CG 160 IRON","FLEXÍVEL FR D CG 160 IRON","FLEXÍVEL FR D CG 160 IRON",IRON,"Geral",MOTOCICLO
191566,"FLEXÍVEL FR D XRE 300","FLEXÍVEL FR D XRE 300","FLEXÍVEL FR D XRE 300",IRON,"Geral",MOTOCICLO
185229,"FLEXÍVEL FR D XTZ 125","FLEXÍVEL FR D XTZ 125","FLEXÍVEL FR D XTZ 125",IRON,"Geral",MOTOCICLO
180843,"FLEXÍVEL FR T XRE 300","FLEXÍVEL FR T XRE 300","FLEXÍVEL FR T XRE 300",IRON,"Geral",MOTOCICLO
180844,"FLEXÍVEL FR T XTZ 250 LANDER TENERE 250","FLEXÍVEL FR T XTZ 250 LANDER TENERE 250","FLEXÍVEL FR T XTZ 250 LANDER TENERE 250",IRON,"Geral",MOTOCICLO
196632,"FLEXÍVEL FR T YS 250 FAZER","FLEXÍVEL FR T YS 250 FAZER","FLEXÍVEL FR T YS 250 FAZER",IRON,"Geral",MOTOCICLO
185292,"FLEXÍVEL FR D JET 50","FLEXÍVEL FR D JET 50","FLEXÍVEL FR D JET 50",IRON,"Geral",MOTOCICLO
185189,"15","15","15",IRON,"Geral",MOTOCICLO
187105,"CABO","CABO","CABO",IRON,"Cabos",MOTOCICLO
196597,"FLEXÍVEL FR D BIZ 125 MAIS","FLEXÍVEL FR D BIZ 125 MAIS","FLEXÍVEL FR D BIZ 125 MAIS",IRON,"Geral",MOTOCICLO
185181,"FLEXÍVEL FR D CG 160","FLEXÍVEL FR D CG 160","FLEXÍVEL FR D CG 160",IRON,"Geral",MOTOCICLO
185183,"FLEXÍVEL FR D NXR 160 ESDD/XRE 190","FLEXÍVEL FR D NXR 160 ESDD/XRE 190","FLEXÍVEL FR D NXR 160 ESDD/XRE 190",IRON,"Geral",MOTOCICLO
185187,"FLEXÍVEL FR D XTZ 250 LANDER","FLEXÍVEL FR D XTZ 250 LANDER","FLEXÍVEL FR D XTZ 250 LANDER",IRON,"Geral",MOTOCICLO
196570,"FLEXÍVEL FR T CG 150 15 B C/CBS","FLEXÍVEL FR T CG 150 15 B C/CBS","FLEXÍVEL FR T CG 150 15 B C/CBS",IRON,"Geral",MOTOCICLO
185293,"FLEXÍVEL FR T NXR/XRE 160/190","FLEXÍVEL FR T NXR/XRE 160/190","FLEXÍVEL FR T NXR/XRE 160/190",IRON,"Geral",MOTOCICLO
196573,"CABO VELA 7MM - 1M","CABO VELA 7MM - 1M","CABO VELA 7MM - 1M",IRON,"Cabos de Velocímetro/Tacômetro",MOTOCICLO
185312,"16","16","16",IRON,"Geral",MOTOCICLO
185283,"PARAFUSO","PARAFUSO","PARAFUSO",IRON,"Parafusos e Porcas",MOTOCICLO
185285,"PARAFUSO ALÇA BANCO CG 125/150 10/16","PARAFUSO ALÇA BANCO CG 125/150 10/16","PARAFUSO ALÇA BANCO CG 125/150 10/16",IRON,"Parafusos e Porcas",MOTOCICLO
185294,"PARAFUSO ALÇA BANCO NXR 150 CBX 200 8/30","PARAFUSO ALÇA BANCO NXR 150 CBX 200 8/30","PARAFUSO ALÇA BANCO NXR 150 CBX 200 8/30",IRON,"Parafusos e Porcas",MOTOCICLO
185290,"PARAFUSO BANCO CG 125/150/160","PARAFUSO BANCO CG 125/150/160","PARAFUSO BANCO CG 125/150/160",IRON,"Parafusos e Porcas",MOTOCICLO
185284,"PARAFUSO BENGALA CG 150 SUP 10/20 CH 12","PARAFUSO BENGALA CG 150 SUP 10/20 CH 12","PARAFUSO BENGALA CG 150 SUP 10/20 CH 12",IRON,"Parafusos e Porcas",MOTOCICLO
185279,"PARAFUSO ARO FAROL CG 125/150 5/16","PARAFUSO ARO FAROL CG 125/150 5/16","PARAFUSO ARO FAROL CG 125/150 5/16",IRON,"Parafusos e Porcas",MOTOCICLO
8461,"PARAFUSO AJUSTE EMBREAGEM JET 50/50X/125X","PARAFUSO AJUSTE EMBREAGEM JET 50/50X/125X","PARAFUSO AJUSTE EMBREAGEM JET 50/50X/125X",IRON,"Parafusos e Porcas",MOTOCICLO
185267,"PARAFUSO BENGALA CG 125 SUP","PARAFUSO BENGALA CG 125 SUP","PARAFUSO BENGALA CG 125 SUP",IRON,"Parafusos e Porcas",MOTOCICLO
196561,"PARAFUSO BENGALA CG NXR 125/150/160 INF 8/27","PARAFUSO BENGALA CG NXR 125/150/160 INF 8/27","PARAFUSO BENGALA CG NXR 125/150/160 INF 8/27",IRON,"Parafusos e Porcas",MOTOCICLO
184397,"PARAFUSO PASTILHA CG 125 / 150","PARAFUSO PASTILHA CG 125 / 150","PARAFUSO PASTILHA CG 125 / 150",IRON,"Parafusos e Porcas",MOTOCICLO
125287,"PARAFUSO CABO VEL 5/20","PARAFUSO CABO VEL 5/20","PARAFUSO CABO VEL 5/20",IRON,"Parafusos e Porcas",MOTOCICLO
196564,"PARAFUSO CARENAGEM PERNA BIZ 125/100 13 6/10","PARAFUSO CARENAGEM PERNA BIZ 125/100 13 6/10","PARAFUSO CARENAGEM PERNA BIZ 125/100 13 6/10",IRON,"Parafusos e Porcas",MOTOCICLO
185288,"PARAFUSO CARENAGEM TANQUE CG 150 6/11","PARAFUSO CARENAGEM TANQUE CG 150 6/11","PARAFUSO CARENAGEM TANQUE CG 150 6/11",IRON,"Parafusos e Porcas",MOTOCICLO
196594,"PARAFUSO CAVALETE LAT CBX CB/XR/XRE NX 250/300/400","PARAFUSO CAVALETE LAT CBX CB/XR/XRE NX 250/300/400","PARAFUSO CAVALETE LAT CBX CB/XR/XRE NX 250/300/400",IRON,"Parafusos e Porcas",MOTOCICLO
196591,"PARAFUSO COROA NXR 125/150 KIT","PARAFUSO COROA NXR 125/150 KIT","PARAFUSO COROA NXR 125/150 KIT",IRON,"Parafusos e Porcas",MOTOCICLO
185265,"PARAFUSO COROA NXR 160 XRE 190 8X28","PARAFUSO COROA NXR 160 XRE 190 8X28","PARAFUSO COROA NXR 160 XRE 190 8X28",IRON,"Parafusos e Porcas",MOTOCICLO
185239,"PARAFUSO COROA YBR/RD RDZ 125/135 KIT","PARAFUSO COROA YBR/RD RDZ 125/135 KIT","PARAFUSO COROA YBR/RD RDZ 125/135 KIT",IRON,"Parafusos e Porcas",MOTOCICLO
201163,"PARAFUSO GUIDÃO BIZ 125 100/110I /11/17 10/55","PARAFUSO GUIDÃO BIZ 125 100/110I /11/17 10/55","PARAFUSO GUIDÃO BIZ 125 100/110I /11/17 10/55",IRON,"Parafusos e Porcas",MOTOCICLO
196773,"PARAFUSO GUIDÃO CG 150 8/35 CH 12","PARAFUSO GUIDÃO CG 150 8/35 CH 12","PARAFUSO GUIDÃO CG 150 8/35 CH 12",IRON,"Parafusos e Porcas",MOTOCICLO
196567,"PARAFUSO GUIDÃO POP 100/110I 10/40","PARAFUSO GUIDÃO POP 100/110I 10/40","PARAFUSO GUIDÃO POP 100/110I 10/40",IRON,"Parafusos e Porcas",MOTOCICLO
185249,"PARAFUSO CARCAÇA ACELERADOR CG 125 5/25","PARAFUSO CARCAÇA ACELERADOR CG 125 5/25","PARAFUSO CARCAÇA ACELERADOR CG 125 5/25",IRON,"Parafusos e Porcas",MOTOCICLO
185237,"PARAFUSO T FILTRO AR CG 125 00/08 4/16","PARAFUSO T FILTRO AR CG 125 00/08 4/16","PARAFUSO T FILTRO AR CG 125 00/08 4/16",IRON,"Parafusos e Porcas",MOTOCICLO
196576,"PARAFUSO MANETE CG 125/150","PARAFUSO MANETE CG 125/150","PARAFUSO MANETE CG 125/150",IRON,"Parafusos e Porcas",MOTOCICLO
196558,"PARAFUSO MANETE NXR 150/160 NX/XR 200/250","PARAFUSO MANETE NXR 150/160 NX/XR 200/250","PARAFUSO MANETE NXR 150/160 NX/XR 200/250",IRON,"Parafusos e Porcas",MOTOCICLO
185282,"PARAFUSO MANETE NXR-XLR 125","PARAFUSO MANETE NXR-XLR 125","PARAFUSO MANETE NXR-XLR 125",IRON,"Parafusos e Porcas",MOTOCICLO
185281,"PARAFUSO MESA BALANCINHO CG 125 8/28","PARAFUSO MESA BALANCINHO CG 125 8/28","PARAFUSO MESA BALANCINHO CG 125 8/28",IRON,"Parafusos e Porcas",MOTOCICLO
196771,"PARAFUSO P PARTIDA CG 125/150 8/32 CH 12","PARAFUSO P PARTIDA CG 125/150 8/32 CH 12","PARAFUSO P PARTIDA CG 125/150 8/32 CH 12",IRON,"Parafusos e Porcas",MOTOCICLO
196579,"PARAFUSO PAR DIANT CG 125 00-12 6-25","PARAFUSO PAR DIANT CG 125 00-12 6-25","PARAFUSO PAR DIANT CG 125 00-12 6-25",IRON,"Parafusos e Porcas",MOTOCICLO
196582,"PARAFUSO PAR DIANT CG 125 77/99 6/15 CH 8","PARAFUSO PAR DIANT CG 125 77/99 6/15 CH 8","PARAFUSO PAR DIANT CG 125 77/99 6/15 CH 8",IRON,"Parafusos e Porcas",MOTOCICLO
185242,"PARAFUSO PAR DIANT CG 150 6/28 CH 8","PARAFUSO PAR DIANT CG 150 6/28 CH 8","PARAFUSO PAR DIANT CG 150 6/28 CH 8",IRON,"Parafusos e Porcas",MOTOCICLO
45573,"PARAFUSO COROA YES 125 KIT","PARAFUSO COROA YES 125 KIT","PARAFUSO COROA YES 125 KIT",IRON,"Parafusos e Porcas",MOTOCICLO
45571,"PARAFUSO FIX MOTOR CG 125 8/60 CH 12","PARAFUSO FIX MOTOR CG 125 8/60 CH 12","PARAFUSO FIX MOTOR CG 125 8/60 CH 12",IRON,"Parafusos e Porcas",MOTOCICLO
180841,"17","17","17",IRON,"Geral",MOTOCICLO
185261,"PARAFUSO MESA SUP CG 125 00/08 8/40 CH 12","PARAFUSO MESA SUP CG 125 00/08 8/40 CH 12","PARAFUSO MESA SUP CG 125 00/08 8/40 CH 12",IRON,"Parafusos e Porcas",MOTOCICLO
185259,"PARAFUSO","PARAFUSO","PARAFUSO",IRON,"Parafusos e Porcas",MOTOCICLO
196769,"PARAFUSO PEDAL APOIO CG 125 8/20 CH 12","PARAFUSO PEDAL APOIO CG 125 8/20 CH 12","PARAFUSO PEDAL APOIO CG 125 8/20 CH 12",IRON,"Parafusos e Porcas",MOTOCICLO
185310,"PARAFUSO PEDAL MARCHA CG 125/150 6/20","PARAFUSO PEDAL MARCHA CG 125/150 6/20","PARAFUSO PEDAL MARCHA CG 125/150 6/20",IRON,"Parafusos e Porcas",MOTOCICLO
191554,"PARAFUSO PINHÃO CG 125/150 6/10","PARAFUSO PINHÃO CG 125/150 6/10","PARAFUSO PINHÃO CG 125/150 6/10",IRON,"Parafusos e Porcas",MOTOCICLO
196463,"PARAFUSO REGULAGEM FAROL BIZ/POP 100 NXR 150 09/14","PARAFUSO REGULAGEM FAROL BIZ/POP 100 NXR 150 09/14","PARAFUSO REGULAGEM FAROL BIZ/POP 100 NXR 150 09/14",IRON,"Parafusos e Porcas",MOTOCICLO
185363,"PARAFUSO T LATERAL CG 150 09 ESQ. CROMADO","PARAFUSO T LATERAL CG 150 09 ESQ. CROMADO","PARAFUSO T LATERAL CG 150 09 ESQ. CROMADO",IRON,"Parafusos e Porcas",MOTOCICLO
4780,"PARAFUSO T MAGNETO CG 125/150 6/35 CH 8","PARAFUSO T MAGNETO CG 125/150 6/35 CH 8","PARAFUSO T MAGNETO CG 125/150 6/35 CH 8",IRON,"Parafusos e Porcas",MOTOCICLO
10430,"PARAFUSO T VALVULA CG 125 6/28 CH 10","PARAFUSO T VALVULA CG 125 6/28 CH 10","PARAFUSO T VALVULA CG 125 6/28 CH 10",IRON,"Parafusos e Porcas",MOTOCICLO
196801,"PARAFUSO T EMBREAGEM CG 125/150 6/40 CH 8","PARAFUSO T EMBREAGEM CG 125/150 6/40 CH 8","PARAFUSO T EMBREAGEM CG 125/150 6/40 CH 8",IRON,"Parafusos e Porcas",MOTOCICLO
196804,"PARAFUSO T EMBREAGEM CG 125/150 6/45 CH 8","PARAFUSO T EMBREAGEM CG 125/150 6/45 CH 8","PARAFUSO T EMBREAGEM CG 125/150 6/45 CH 8",IRON,"Parafusos e Porcas",MOTOCICLO
180842,"PARAFUSO T EMBREAGEM CG 125/150 6/50 CH 8","PARAFUSO T EMBREAGEM CG 125/150 6/50 CH 8","PARAFUSO T EMBREAGEM CG 125/150 6/50 CH 8",IRON,"Parafusos e Porcas",MOTOCICLO
197994,"PARAFUSO FIX CABECOTE CG 125 8/80","PARAFUSO FIX CABECOTE CG 125 8/80","PARAFUSO FIX CABECOTE CG 125 8/80",IRON,"Parafusos e Porcas",MOTOCICLO
191569,"PARAFUSO FIX MOTOR CG 125 8/110 CH 12","PARAFUSO FIX MOTOR CG 125 8/110 CH 12","PARAFUSO FIX MOTOR CG 125 8/110 CH 12",IRON,"Parafusos e Porcas",MOTOCICLO
191562,"PARAFUSO T LATERAL CG 150 09 DIR. CROMADO","PARAFUSO T LATERAL CG 150 09 DIR. CROMADO","PARAFUSO T LATERAL CG 150 09 DIR. CROMADO",IRON,"Parafusos e Porcas",MOTOCICLO
191563,"PARAFUSO T VÁLVULA BIZ/POP 110I","PARAFUSO T VÁLVULA BIZ/POP 110I","PARAFUSO T VÁLVULA BIZ/POP 110I",IRON,"Parafusos e Porcas",MOTOCICLO
191560,"PARAFUSO TENSOR COM JET 50/50X/125X PHOENIX GOLD 50","PARAFUSO TENSOR COM JET 50/50X/125X PHOENIX GOLD 50","PARAFUSO TENSOR COM JET 50/50X/125X PHOENIX GOLD 50",IRON,"Parafusos e Porcas",MOTOCICLO
185295,"PARAFUSO TUBO ÓLEO CBX/XR 250 CB/XRE 300 7/25","PARAFUSO TUBO ÓLEO CBX/XR 250 CB/XRE 300 7/25","PARAFUSO TUBO ÓLEO CBX/XR 250 CB/XRE 300 7/25",IRON,"Parafusos e Porcas",MOTOCICLO
185246,"PARAFUSO MESA SUP CG 125 82/99 7/54","PARAFUSO MESA SUP CG 125 82/99 7/54","PARAFUSO MESA SUP CG 125 82/99 7/54",IRON,"Parafusos e Porcas",MOTOCICLO
191553,"PARAFUSO COROA NXR 125/150 XR 250 / XRE 300 NX 400","PARAFUSO COROA NXR 125/150 XR 250 / XRE 300 NX 400","PARAFUSO COROA NXR 125/150 XR 250 / XRE 300 NX 400",IRON,"Parafusos e Porcas",MOTOCICLO
185348,"PARAFUSO T VÁLVULA CG 150 CB 250 CH 10","PARAFUSO T VÁLVULA CG 150 CB 250 CH 10","PARAFUSO T VÁLVULA CG 150 CB 250 CH 10",IRON,"Parafusos e Porcas",MOTOCICLO
196776,"PARAFUSO MESA INF CG 125/150 8/35 CH 12","PARAFUSO MESA INF CG 125/150 8/35 CH 12","PARAFUSO MESA INF CG 125/150 8/35 CH 12",IRON,"Parafusos e Porcas",MOTOCICLO
185269,"PARAFUSO CABECOTE CB/XRE 300 6/130","PARAFUSO CABECOTE CB/XRE 300 6/130","PARAFUSO CABECOTE CB/XRE 300 6/130",IRON,"Parafusos e Porcas",MOTOCICLO
185275,"PARAFUSO CABECOTE CG/NXR 160 6/110","PARAFUSO CABECOTE CG/NXR 160 6/110","PARAFUSO CABECOTE CG/NXR 160 6/110",IRON,"Parafusos e Porcas",MOTOCICLO
196784,"PARAFUSO CABECOTE CG NXR 150 6/105","PARAFUSO CABECOTE CG NXR 150 6/105","PARAFUSO CABECOTE CG NXR 150 6/105",IRON,"Parafusos e Porcas",MOTOCICLO
185307,"PARAFUSO FIX MOTOR XLR 125 NXR/NX/XR 150/200 10/215 CH 12","PARAFUSO FIX MOTOR XLR 125 NXR/NX/XR 150/200 10/215 CH 12","PARAFUSO FIX MOTOR XLR 125 NXR/NX/XR 150/200 10/215 CH 12",IRON,"Parafusos e Porcas",MOTOCICLO
184399,"PARAFUSO CARCAÇA LAT BIZ 100 6/90 Ch8","PARAFUSO CARCAÇA LAT BIZ 100 6/90 Ch8","PARAFUSO CARCAÇA LAT BIZ 100 6/90 Ch8",IRON,"Parafusos e Porcas",MOTOCICLO
185302,"PARAFUSO CABECOTE YBR/XTZ 125 8/182 CH 12","PARAFUSO CABECOTE YBR/XTZ 125 8/182 CH 12","PARAFUSO CABECOTE YBR/XTZ 125 8/182 CH 12",IRON,"Parafusos e Porcas",MOTOCICLO
196798,"PARAFUSO VAL. CG/CBX NX/XR/XT 125/150 200/225/600","PARAFUSO VAL. CG/CBX NX/XR/XT 125/150 200/225/600","PARAFUSO VAL. CG/CBX NX/XR/XT 125/150 200/225/600",IRON,"Parafusos e Porcas",MOTOCICLO
185308,"PARAFUSO MOLA POSICION. MARCHA JET 50/50X/125X","PARAFUSO MOLA POSICION. MARCHA JET 50/50X/125X","PARAFUSO MOLA POSICION. MARCHA JET 50/50X/125X",IRON,"Parafusos e Porcas",MOTOCICLO
184432,"PINO GUIA COM JET 50/50X/125X PHOENIX GOLD 50","PINO GUIA COM JET 50/50X/125X PHOENIX GOLD 50","PINO GUIA COM JET 50/50X/125X PHOENIX GOLD 50",IRON,"Geral",MOTOCICLO
185321,"PARAFUSO COROA CG 125 KIT 4PCS","PARAFUSO COROA CG 125 KIT 4PCS","PARAFUSO COROA CG 125 KIT 4PCS",IRON,"Parafusos e Porcas",MOTOCICLO
197030,"PARAFUSO COROA BIZ 100/125/110I","PARAFUSO COROA BIZ 100/125/110I","PARAFUSO COROA BIZ 100/125/110I",IRON,"Parafusos e Porcas",MOTOCICLO
196615,"PARAFUSO COROA POP 100/110I","PARAFUSO COROA POP 100/110I","PARAFUSO COROA POP 100/110I",IRON,"Parafusos e Porcas",MOTOCICLO
185301,"18","18","18",IRON,"Geral",MOTOCICLO
196787,"PARAFUSO / PRESILHA / PRISIONEIRA / PORCA","PARAFUSO / PRESILHA / PRISIONEIRA / PORCA","PARAFUSO / PRESILHA / PRISIONEIRA / PORCA",IRON,"Parafusos e Porcas",MOTOCICLO
119758,"PARAFUSO BENGALA XTZ 125 TAMPA SUP","PARAFUSO BENGALA XTZ 125 TAMPA SUP","PARAFUSO BENGALA XTZ 125 TAMPA SUP",IRON,"Parafusos e Porcas",MOTOCICLO
196789,"PARAFUSO BENGALA CG 150 160 TAMPA SUP","PARAFUSO BENGALA CG 150 160 TAMPA SUP","PARAFUSO BENGALA CG 150 160 TAMPA SUP",IRON,"Parafusos e Porcas",MOTOCICLO
196778,"PARAFUSO CARTER CG 125/150 12MM","PARAFUSO CARTER CG 125/150 12MM","PARAFUSO CARTER CG 125/150 12MM",IRON,"Parafusos e Porcas",MOTOCICLO
185303,"PARAFUSO AMORTECEDOR NXR 125/150/160 INF 10-57","PARAFUSO AMORTECEDOR NXR 125/150/160 INF 10-57","PARAFUSO AMORTECEDOR NXR 125/150/160 INF 10-57",IRON,"Parafusos e Porcas",MOTOCICLO
185297,"PARAFUSO CARTER YES INTRUDER 125 14MM","PARAFUSO CARTER YES INTRUDER 125 14MM","PARAFUSO CARTER YES INTRUDER 125 14MM",IRON,"Parafusos e Porcas",MOTOCICLO
6408,"PARAFUSO CÁRTER PHOENIX GOLD 50","PARAFUSO CÁRTER PHOENIX GOLD 50","PARAFUSO CÁRTER PHOENIX GOLD 50",IRON,"Parafusos e Porcas",MOTOCICLO
196618,"PARAFUSO ESPELHO FREIO TRAS. CG 125","PARAFUSO ESPELHO FREIO TRAS. CG 125","PARAFUSO ESPELHO FREIO TRAS. CG 125",IRON,"Parafusos e Porcas",MOTOCICLO
196797,"PARAFUSO ESPELHO FREIO TRAS. YBR 125 PHOENIX GOLD 50","PARAFUSO ESPELHO FREIO TRAS. YBR 125 PHOENIX GOLD 50","PARAFUSO ESPELHO FREIO TRAS. YBR 125 PHOENIX GOLD 50",IRON,"Parafusos e Porcas",MOTOCICLO
196791,"PARAFUSO PRO-LINK XLR/NX XR 125/150/200 JG","PARAFUSO PRO-LINK XLR/NX XR 125/150/200 JG","PARAFUSO PRO-LINK XLR/NX XR 125/150/200 JG",IRON,"Parafusos e Porcas",MOTOCICLO
350187,"PARAFUSO COROA CG 150/160 CBX/CB 250 KIT","PARAFUSO COROA CG 150/160 CBX/CB 250 KIT","PARAFUSO COROA CG 150/160 CBX/CB 250 KIT",IRON,"Parafusos e Porcas",MOTOCICLO
184407,"PARAFUSO COROA CB 300 KIT","PARAFUSO COROA CB 300 KIT","PARAFUSO COROA CB 300 KIT",IRON,"Parafusos e Porcas",MOTOCICLO
201266,"PARAFUSO COROA YS 150/250 FAZER / XTZ 150/250 KIT","PARAFUSO COROA YS 150/250 FAZER / XTZ 150/250 KIT","PARAFUSO COROA YS 150/250 FAZER / XTZ 150/250 KIT",IRON,"Parafusos e Porcas",MOTOCICLO
201267,"PARAFUSO COROA BIZ 100 125/110I KIT","PARAFUSO COROA BIZ 100 125/110I KIT","PARAFUSO COROA BIZ 100 125/110I KIT",IRON,"Parafusos e Porcas",MOTOCICLO
185319,"PARAFUSO COROA POP 100 110I KIT","PARAFUSO COROA POP 100 110I KIT","PARAFUSO COROA POP 100 110I KIT",IRON,"Parafusos e Porcas",MOTOCICLO
196782,"PARAFUSO COROA XRE 300 NX 400 KIT","PARAFUSO COROA XRE 300 NX 400 KIT","PARAFUSO COROA XRE 300 NX 400 KIT",IRON,"Parafusos e Porcas",MOTOCICLO
185317,"PARAFUSO C/ PRESILHA CARENAGEM PERNA BIZ 125/100 13 6/10 200","PARAFUSO C/ PRESILHA CARENAGEM PERNA BIZ 125/100 13 6/10 200","PARAFUSO C/ PRESILHA CARENAGEM PERNA BIZ 125/100 13 6/10 200",IRON,"Parafusos e Porcas",MOTOCICLO
185320,"PRESILHA CARENAGEM FAROL BIZ 125 / 100 / 110I 160","PRESILHA CARENAGEM FAROL BIZ 125 / 100 / 110I 160","PRESILHA CARENAGEM FAROL BIZ 125 / 100 / 110I 160",IRON,"Carenagem",MOTOCICLO
185306,"PRESILHA RABETA CG 150 C/ PARAFUSO","PRESILHA RABETA CG 150 C/ PARAFUSO","PRESILHA RABETA CG 150 C/ PARAFUSO",IRON,"Parafusos e Porcas",MOTOCICLO
196799,"PRESILHA RABETA CG 125 95/99 C/PARAFUSO","PRESILHA RABETA CG 125 95/99 C/PARAFUSO","PRESILHA RABETA CG 125 95/99 C/PARAFUSO",IRON,"Parafusos e Porcas",MOTOCICLO
185309,"PRISIONEIRA ESCAPE BIZ 100/125/CG 125 82/99 66/35","PRISIONEIRA ESCAPE BIZ 100/125/CG 125 82/99 66/35","PRISIONEIRA ESCAPE BIZ 100/125/CG 125 82/99 66/35",IRON,"Parafusos e Porcas",MOTOCICLO
185299,"PRISIONEIRA ESCAPE CG 125 00/08 CBX/NX 200 7/7/32","PRISIONEIRA ESCAPE CG 125 00/08 CBX/NX 200 7/7/32","PRISIONEIRA ESCAPE CG 125 00/08 CBX/NX 200 7/7/32",IRON,"Parafusos e Porcas",MOTOCICLO
196796,"PRISIONEIRA ESC CG 150/160 8/8/38","PRISIONEIRA ESC CG 150/160 8/8/38","PRISIONEIRA ESC CG 150/160 8/8/38",IRON,"Parafusos e Porcas",MOTOCICLO
185300,"PORCA COROA YBR/RD RDZ 125/135","PORCA COROA YBR/RD RDZ 125/135","PORCA COROA YBR/RD RDZ 125/135",IRON,"Parafusos e Porcas",MOTOCICLO
196783,"PORCA ESCAPE CG 125 00/08 7MM","PORCA ESCAPE CG 125 00/08 7MM","PORCA ESCAPE CG 125 00/08 7MM",IRON,"Parafusos e Porcas",MOTOCICLO
196788,"PORCA COROA BIZ/NXR XR 125/150/250","PORCA COROA BIZ/NXR XR 125/150/250","PORCA COROA BIZ/NXR XR 125/150/250",IRON,"Parafusos e Porcas",MOTOCICLO
185298,"PORCA MAGNETO CG 125","PORCA MAGNETO CG 125","PORCA MAGNETO CG 125",IRON,"Parafusos e Porcas",MOTOCICLO
196288,"PORCA PINHÃO YS 250 FAZER XTZ 250 LANDER","PORCA PINHÃO YS 250 FAZER XTZ 250 LANDER","PORCA PINHÃO YS 250 FAZER XTZ 250 LANDER",IRON,"Parafusos e Porcas",MOTOCICLO
196301,"PORCA RODA DIANT CG 125 150 12MM","PORCA RODA DIANT CG 125 150 12MM","PORCA RODA DIANT CG 125 150 12MM",IRON,"Parafusos e Porcas",MOTOCICLO
196800,"PORCA RODA TRAS XLR/NXR CBX 125/150 200/250 16MM","PORCA RODA TRAS XLR/NXR CBX 125/150 200/250 16MM","PORCA RODA TRAS XLR/NXR CBX 125/150 200/250 16MM",IRON,"Parafusos e Porcas",MOTOCICLO
196312,"PORCA T CABECOTE BIZ POP 100/110I/125 SHINERAY 50","PORCA T CABECOTE BIZ POP 100/110I/125 SHINERAY 50","PORCA T CABECOTE BIZ POP 100/110I/125 SHINERAY 50",IRON,"Parafusos e Porcas",MOTOCICLO
187402,"PORCA BOMBA ÓLEO CG 150 BIZ/POP 100 14MM","PORCA BOMBA ÓLEO CG 150 BIZ/POP 100 14MM","PORCA BOMBA ÓLEO CG 150 BIZ/POP 100 14MM",IRON,"Parafusos e Porcas",MOTOCICLO
187400,"PORCA ESCAPE CG 150/160 CBX 250/NXR 150/160 8MM","PORCA ESCAPE CG 150/160 CBX 250/NXR 150/160 8MM","PORCA ESCAPE CG 150/160 CBX 250/NXR 150/160 8MM",IRON,"Parafusos e Porcas",MOTOCICLO
187398,"19","19","19",IRON,"Geral",MOTOCICLO
187399,"PORCA / KIT PRO-LINK","PORCA / KIT PRO-LINK","PORCA / KIT PRO-LINK",IRON,"Parafusos e Porcas",MOTOCICLO
187403,"PORCA COLUNA DIR BIZ POP 100 / 110I","PORCA COLUNA DIR BIZ POP 100 / 110I","PORCA COLUNA DIR BIZ POP 100 / 110I",IRON,"Parafusos e Porcas",MOTOCICLO
187404,"PORCA EIXO PEDAL PARTIDA YBR/XTZ 125","PORCA EIXO PEDAL PARTIDA YBR/XTZ 125","PORCA EIXO PEDAL PARTIDA YBR/XTZ 125",IRON,"Parafusos e Porcas",MOTOCICLO
46103,"PORCA COLUNA DE DIREÇÃO PHOENIX 50","PORCA COLUNA DE DIREÇÃO PHOENIX 50","PORCA COLUNA DE DIREÇÃO PHOENIX 50",IRON,"Parafusos e Porcas",MOTOCICLO
46106,"PORCA CARCAÇA EMBR. YBR XTZ 125 12MM","PORCA CARCAÇA EMBR. YBR XTZ 125 12MM","PORCA CARCAÇA EMBR. YBR XTZ 125 12MM",IRON,"Parafusos e Porcas",MOTOCICLO
5865,"PORCA CABECOTE CG 125","PORCA CABECOTE CG 125","PORCA CABECOTE CG 125",IRON,"Parafusos e Porcas",MOTOCICLO
43674,"PORCA CABECOTE CG 150","PORCA CABECOTE CG 150","PORCA CABECOTE CG 150",IRON,"Parafusos e Porcas",MOTOCICLO
46107,"PORCA COLUNA DIR CG 150 09-14","PORCA COLUNA DIR CG 150 09-14","PORCA COLUNA DIR CG 150 09-14",IRON,"Parafusos e Porcas",MOTOCICLO
46109,"CONTRA PORCA COLUNA DIR CG 125 99 CBX 200","CONTRA PORCA COLUNA DIR CG 125 99 CBX 200","CONTRA PORCA COLUNA DIR CG 125 99 CBX 200",IRON,"Parafusos e Porcas",MOTOCICLO
46111,"PORCA ESCAPE BIZ/POP CG 100/125 82/99 6MM","PORCA ESCAPE BIZ/POP CG 100/125 82/99 6MM","PORCA ESCAPE BIZ/POP CG 100/125 82/99 6MM",IRON,"Parafusos e Porcas",MOTOCICLO
46113,"PORCA PINHÃO YES 125","PORCA PINHÃO YES 125","PORCA PINHÃO YES 125",IRON,"Parafusos e Porcas",MOTOCICLO
46116,"PORCA 5 MM=8 C/ FLANGE","PORCA 5 MM=8 C/ FLANGE","PORCA 5 MM=8 C/ FLANGE",IRON,"Parafusos e Porcas",MOTOCICLO
46118,"PORCA RODA T QUADRI FOURTRAX","PORCA RODA T QUADRI FOURTRAX","PORCA RODA T QUADRI FOURTRAX",IRON,"Parafusos e Porcas",MOTOCICLO
46122,"PORCA RODA TRAS CG 125/150 14MM","PORCA RODA TRAS CG 125/150 14MM","PORCA RODA TRAS CG 125/150 14MM",IRON,"Parafusos e Porcas",MOTOCICLO
46125,"PORCA EIXO TRAS QUADRI 08/13","PORCA EIXO TRAS QUADRI 08/13","PORCA EIXO TRAS QUADRI 08/13",IRON,"Parafusos e Porcas",MOTOCICLO
46128,"PORCA EIXO TRAS B QUADRI 08-13","PORCA EIXO TRAS B QUADRI 08-13","PORCA EIXO TRAS B QUADRI 08-13",IRON,"Parafusos e Porcas",MOTOCICLO
46088,"PORCA 6 MM=10 C/ FLANGE","PORCA 6 MM=10 C/ FLANGE","PORCA 6 MM=10 C/ FLANGE",IRON,"Parafusos e Porcas",MOTOCICLO
46093,"CONTRA PORCA COLUNA DIR NXR/XR/XRE 125/150/160/250/300","CONTRA PORCA COLUNA DIR NXR/XR/XRE 125/150/160/250/300","CONTRA PORCA COLUNA DIR NXR/XR/XRE 125/150/160/250/300",IRON,"Parafusos e Porcas",MOTOCICLO
46089,"PORCA 6 MM=10","PORCA 6 MM=10","PORCA 6 MM=10",IRON,"Parafusos e Porcas",MOTOCICLO
46097,"PORCA 8 MM=13 C/ FLANGE","PORCA 8 MM=13 C/ FLANGE","PORCA 8 MM=13 C/ FLANGE",IRON,"Parafusos e Porcas",MOTOCICLO
187401,"PORCA AMORTECEDOR CG 125","PORCA AMORTECEDOR CG 125","PORCA AMORTECEDOR CG 125",IRON,"Parafusos e Porcas",MOTOCICLO
16383,"PORCA BOMBA ÓLEO CG 125 16MM","PORCA BOMBA ÓLEO CG 125 16MM","PORCA BOMBA ÓLEO CG 125 16MM",IRON,"Parafusos e Porcas",MOTOCICLO
119018,"PORCA COROA CG 125 82/08","PORCA COROA CG 125 82/08","PORCA COROA CG 125 82/08",IRON,"Parafusos e Porcas",MOTOCICLO
180735,"PORCA COLUNA DIR NXR 125/150 NX 150/200 XR 200/250","PORCA COLUNA DIR NXR 125/150 NX 150/200 XR 200/250","PORCA COLUNA DIR NXR 125/150 NX 150/200 XR 200/250",IRON,"Parafusos e Porcas",MOTOCICLO
46112,"PORCA COLUNA DIR YBR 125 FACTOR YS 150 FAZER","PORCA COLUNA DIR YBR 125 FACTOR YS 150 FAZER","PORCA COLUNA DIR YBR 125 FACTOR YS 150 FAZER",IRON,"Parafusos e Porcas",MOTOCICLO
6322,"CONTRA PORCA COLUNA DIR BIZ 100/125 POP 100/110I","CONTRA PORCA COLUNA DIR BIZ 100/125 POP 100/110I","CONTRA PORCA COLUNA DIR BIZ 100/125 POP 100/110I",IRON,"Parafusos e Porcas",MOTOCICLO
182598,"CONTRA PORCA COLUNA DIR CBX 250 CB 250F/300R","CONTRA PORCA COLUNA DIR CBX 250 CB 250F/300R","CONTRA PORCA COLUNA DIR CBX 250 CB 250F/300R",IRON,"Parafusos e Porcas",MOTOCICLO
187262,"CONTRA PORCA COLUNA DIR CG 150-160","CONTRA PORCA COLUNA DIR CG 150-160","CONTRA PORCA COLUNA DIR CG 150-160",IRON,"Parafusos e Porcas",MOTOCICLO
187261,"KIT PRO-LINK XLR/NX XR 125/150/200","KIT PRO-LINK XLR/NX XR 125/150/200","KIT PRO-LINK XLR/NX XR 125/150/200",IRON,"Kit Suspensão",MOTOCICLO
187263,"KIT PROLINK XTZ 250 LANDER TENERE 250 13...","KIT PROLINK XTZ 250 LANDER TENERE 250 13...","KIT PROLINK XTZ 250 LANDER TENERE 250 13...",IRON,"Kit Suspensão",MOTOCICLO
187265,"KIT PRO-LINK YS 250 FAZER 06/09","KIT PRO-LINK YS 250 FAZER 06/09","KIT PRO-LINK YS 250 FAZER 06/09",IRON,"Kit Suspensão",MOTOCICLO
187264,"PORCA COLUNA DIR CG 125 00/08","PORCA COLUNA DIR CG 125 00/08","PORCA COLUNA DIR CG 125 00/08",IRON,"Parafusos e Porcas",MOTOCICLO
187267,"20","20","20",IRON,"Geral",MOTOCICLO
187269,"BUCHA FIX PARALAMA DIANT CG 150/160","BUCHA FIX PARALAMA DIANT CG 150/160","BUCHA FIX PARALAMA DIANT CG 150/160",IRON,"Borrachas/Buchas",MOTOCICLO
180729,"ROLAMENTO","ROLAMENTO","ROLAMENTO",IRON,"Rolamentos",MOTOCICLO
180730,"ROLAMENTO DIFERENCIAL TRAS ESQ QUADRICICLO FOURTRAX TRX 420","ROLAMENTO DIFERENCIAL TRAS ESQ QUADRICICLO FOURTRAX TRX 420 08/13","ROLAMENTO DIFERENCIAL TRAS ESQ QUADRICICLO FOURTRAX TRX 420 08/13",IRON,"Rolamentos",MOTOCICLO
180731,"ROLAMENTO DIFERENCIAL TRAS QUADRICICLO FOURTRAX TRX 420 14","ROLAMENTO DIFERENCIAL TRAS QUADRICICLO FOURTRAX TRX 420 14","ROLAMENTO DIFERENCIAL TRAS QUADRICICLO FOURTRAX TRX 420 14",IRON,"Rolamentos",MOTOCICLO
180733,"ROLAMENTO ESPELHO FR TRAS QUADRICICLO FOURTRAX TRX 420","ROLAMENTO ESPELHO FR TRAS QUADRICICLO FOURTRAX TRX 420","ROLAMENTO ESPELHO FR TRAS QUADRICICLO FOURTRAX TRX 420",IRON,"Rolamentos",MOTOCICLO
182593,"ROLAMENTO PINHÃO DIFER. TRAS QUADRIC. FOURTRAX TRX 420","ROLAMENTO PINHÃO DIFER. TRAS QUADRIC. FOURTRAX TRX 420","ROLAMENTO PINHÃO DIFER. TRAS QUADRIC. FOURTRAX TRX 420",IRON,"Rolamentos",MOTOCICLO
180734,"ROLAMENTO RODA DIANT QUADRICICLO FOURTRAX TRX 420 08/13","ROLAMENTO RODA DIANT QUADRICICLO FOURTRAX TRX 420 08/13","ROLAMENTO RODA DIANT QUADRICICLO FOURTRAX TRX 420 08/13",IRON,"Rolamentos",MOTOCICLO
197029,"ROLAMENTO RODA DIANT QUADRICICLO FOURTRAX TRX 420 14","ROLAMENTO RODA DIANT QUADRICICLO FOURTRAX TRX 420 14","ROLAMENTO RODA DIANT QUADRICICLO FOURTRAX TRX 420 14",IRON,"Rolamentos",MOTOCICLO
43678,"ROLAMENTO 6000 2RS","ROLAMENTO 6000 2RS","ROLAMENTO 6000 2RS",IRON,"Rolamentos",MOTOCICLO
187266,"ROLAMENTO 6001 2RS","ROLAMENTO 6001 2RS","ROLAMENTO 6001 2RS",IRON,"Rolamentos",MOTOCICLO
46108,"ROLAMENTO 6002 2RS","ROLAMENTO 6002 2RS","ROLAMENTO 6002 2RS",IRON,"Rolamentos",MOTOCICLO
46101,"ROLAMENTO 6003 2RS","ROLAMENTO 6003 2RS","ROLAMENTO 6003 2RS",IRON,"Rolamentos",MOTOCICLO
46110,"ROLAMENTO 6004 2RS","ROLAMENTO 6004 2RS","ROLAMENTO 6004 2RS",IRON,"Rolamentos",MOTOCICLO
187268,"ROLAMENTO 6201 2RS","ROLAMENTO 6201 2RS","ROLAMENTO 6201 2RS",IRON,"Rolamentos",MOTOCICLO
350117,"ROLAMENTO 6203 2RS","ROLAMENTO 6203 2RS","ROLAMENTO 6203 2RS",IRON,"Rolamentos",MOTOCICLO
16003,"ROLAMENTO 6204 2RS","ROLAMENTO 6204 2RS","ROLAMENTO 6204 2RS",IRON,"Rolamentos",MOTOCICLO
188101,"ROLAMENTO 6205 2RS","ROLAMENTO 6205 2RS","ROLAMENTO 6205 2RS",IRON,"Rolamentos",MOTOCICLO
196148,"ROLAMENTO 6207 2RS","ROLAMENTO 6207 2RS","ROLAMENTO 6207 2RS",IRON,"Rolamentos",MOTOCICLO
196146,"ROLAMENTO 6300 2RS","ROLAMENTO 6300 2RS","ROLAMENTO 6300 2RS",IRON,"Rolamentos",MOTOCICLO
196150,"ROLAMENTO 6301 2RS","ROLAMENTO 6301 2RS","ROLAMENTO 6301 2RS",IRON,"Rolamentos",MOTOCICLO
25307,"ROLAMENTO 6302 2RS","ROLAMENTO 6302 2RS","ROLAMENTO 6302 2RS",IRON,"Rolamentos",MOTOCICLO
27661,"ROLAMENTO 6304 2RS","ROLAMENTO 6304 2RS","ROLAMENTO 6304 2RS",IRON,"Rolamentos",MOTOCICLO
8370,"ROLAMENTO 6303 2RS","ROLAMENTO 6303 2RS","ROLAMENTO 6303 2RS",IRON,"Rolamentos",MOTOCICLO
25314,"ROLAMENTO 6305 2RS","ROLAMENTO 6305 2RS","ROLAMENTO 6305 2RS",IRON,"Rolamentos",MOTOCICLO
25305,"ROLAMENTO RODA TRAS ESQ QUADRICICLO FOURTRAX TRX 420 14","ROLAMENTO RODA TRAS ESQ QUADRICICLO FOURTRAX TRX 420 14","ROLAMENTO RODA TRAS ESQ QUADRICICLO FOURTRAX TRX 420 14",IRON,"Rolamentos",MOTOCICLO
25308,"ROLAMENTO EIXO PINHÃO PHOENIX GOLD SHINERAY XY 50-Q","ROLAMENTO EIXO PINHÃO PHOENIX GOLD SHINERAY XY 50-Q","ROLAMENTO EIXO PINHÃO PHOENIX GOLD SHINERAY XY 50-Q",IRON,"Rolamentos",MOTOCICLO
25303,"ROLAMENTO EIXO PRIMÁRIO PHOENIX GOLD/XY 50-Q","ROLAMENTO EIXO PRIMÁRIO PHOENIX GOLD/XY 50-Q","ROLAMENTO EIXO PRIMÁRIO PHOENIX GOLD/XY 50-Q",IRON,"Rolamentos",MOTOCICLO
25315,"ROLAMENTO VIRABREQUIM BIZ POP 125/110","ROLAMENTO VIRABREQUIM BIZ POP 125/110","ROLAMENTO VIRABREQUIM BIZ POP 125/110",IRON,"Rolamentos",MOTOCICLO
25311,"ROLAMENTO VIR. CG 150 ESQ. 35BC07S56","ROLAMENTO VIR. CG 150 ESQ. 35BC07S56","ROLAMENTO VIR. CG 150 ESQ. 35BC07S56",IRON,"Rolamentos",MOTOCICLO
25304,"ROLAMENTO RODA TRAS. ESQ. QUADRICICLO FOURTRAX TRX 420 60-32","ROLAMENTO RODA TRAS. ESQ. QUADRICICLO FOURTRAX TRX 420 60-32","ROLAMENTO RODA TRAS. ESQ. QUADRICICLO FOURTRAX TRX 420 60-32",IRON,"Rolamentos",MOTOCICLO
25306,"ROLAMENTO COMANDO POP 100 6902ZE C3 DIR","ROLAMENTO COMANDO POP 100 6902ZE C3 DIR","ROLAMENTO COMANDO POP 100 6902ZE C3 DIR",IRON,"Rolamentos",MOTOCICLO
46631,"ROLAMENTO COMANDO POP 100 ESQ 6905X C3","ROLAMENTO COMANDO POP 100 ESQ 6905X C3","ROLAMENTO COMANDO POP 100 ESQ 6905X C3",IRON,"Rolamentos",MOTOCICLO
41536,"ROLAMENTO COMANDO POP 110 XLX 250/350 NX/400 6904 20MM","ROLAMENTO COMANDO POP 110 XLX 250/350 NX/400 6904 20MM","ROLAMENTO COMANDO POP 110 XLX 250/350 NX/400 6904 20MM",IRON,"Rolamentos",MOTOCICLO
39911,"21","21","21",IRON,"Geral",MOTOCICLO
46630,"ROLAMENTO","ROLAMENTO","ROLAMENTO",IRON,"Rolamentos",MOTOCICLO
27663,"ROLAMENTO EIXO PINHÃO CG 150 17X42","ROLAMENTO EIXO PINHÃO CG 150 17X42","ROLAMENTO EIXO PINHÃO CG 150 17X42",IRON,"Rolamentos",MOTOCICLO
25309,"ROLAMENTO EIXO PINHÃO CG 125 HK 1512","ROLAMENTO EIXO PINHÃO CG 125 HK 1512","ROLAMENTO EIXO PINHÃO CG 125 HK 1512",IRON,"Rolamentos",MOTOCICLO
46629,"ROLAMENTO VIR CG NXR 160","ROLAMENTO VIR CG NXR 160","ROLAMENTO VIR CG NXR 160",IRON,"Rolamentos",MOTOCICLO
41535,"ROLAMENTO BALANÇA NXR 125/150/160 XR 250 / XRE 300","ROLAMENTO BALANÇA NXR 125/150/160 XR 250 / XRE 300","ROLAMENTO BALANÇA NXR 125/150/160 XR 250 / XRE 300",IRON,"Rolamentos",MOTOCICLO
197004,"ROLAMENTO 6005 2RS","ROLAMENTO 6005 2RS","ROLAMENTO 6005 2RS",IRON,"Rolamentos",MOTOCICLO
39910,"ROLAMENTO 6006 2RS","ROLAMENTO 6006 2RS","ROLAMENTO 6006 2RS",IRON,"Rolamentos",MOTOCICLO
6887,"ROLAMENTO 6007 2RS","ROLAMENTO 6007 2RS","ROLAMENTO 6007 2RS",IRON,"Rolamentos",MOTOCICLO
25312,"ROLAMENTO 6206 2RS","ROLAMENTO 6206 2RS","ROLAMENTO 6206 2RS",IRON,"Rolamentos",MOTOCICLO
27662,"ROLAMENTO 6307 2RS","ROLAMENTO 6307 2RS","ROLAMENTO 6307 2RS",IRON,"Rolamentos",MOTOCICLO
25310,"ROLAMENTO 6306 2RS","ROLAMENTO 6306 2RS","ROLAMENTO 6306 2RS",IRON,"Rolamentos",MOTOCICLO
25316,"ROLAMENTO BALANÇA CBX 250 CB 300/500 CBR 600","ROLAMENTO BALANÇA CBX 250 CB 300/500 CBR 600","ROLAMENTO BALANÇA CBX 250 CB 300/500 CBR 600",IRON,"Rolamentos",MOTOCICLO
25313,"ROLAMENTO EIXO SECUND. CB/XRE 300 62/22","ROLAMENTO EIXO SECUND. CB/XRE 300 62/22","ROLAMENTO EIXO SECUND. CB/XRE 300 62/22",IRON,"Rolamentos",MOTOCICLO
25317,"ROLAMENTO VIR CB XRE 300R","ROLAMENTO VIR CB XRE 300R","ROLAMENTO VIR CB XRE 300R",IRON,"Rolamentos",MOTOCICLO
185887,"ROLAMENTO VIR CG 125 00/08 (28BCS18RS)CB","ROLAMENTO VIR CG 125 00/08 (28BCS18RS)CB","ROLAMENTO VIR CG 125 00/08 (28BCS18RS)CB",IRON,"Rolamentos",MOTOCICLO
27667,"ROLAMENTO VIR. CG 125 77/99 YS 250 FAZER 11 (63/28 RS)","ROLAMENTO VIR. CG 125 77/99 YS 250 FAZER 11 (63/28 RS)","ROLAMENTO VIR. CG 125 77/99 YS 250 FAZER 11 (63/28 RS)",IRON,"Rolamentos",MOTOCICLO
27668,"ROLAMENTO VIR. CG 150 DIR (F11334207)","ROLAMENTO VIR. CG 150 DIR (F11334207)","ROLAMENTO VIR. CG 150 DIR (F11334207)",IRON,"Rolamentos",MOTOCICLO
27665,"ROLAMENTO VIR NX 400","ROLAMENTO VIR NX 400","ROLAMENTO VIR NX 400",IRON,"Rolamentos",MOTOCICLO
196161,"ROLAMENTO 6005 2RS","ROLAMENTO 6005 2RS","ROLAMENTO 6005 2RS",IRON,"Rolamentos",MOTOCICLO
46632,"ROLAMENTO EMB CBX/NX 150/200","ROLAMENTO EMB CBX/NX 150/200","ROLAMENTO EMB CBX/NX 150/200",IRON,"Rolamentos",MOTOCICLO
196163,"SUSPENSÃO","SUSPENSÃO","SUSPENSÃO",IRON,"Suspensão",MOTOCICLO
27672,"AMORTECEDOR POP 110I PAR","AMORTECEDOR POP 110I PAR","AMORTECEDOR POP 110I PAR",IRON,"Suspensão",MOTOCICLO
46633,"AMORTECEDOR AN 125 BURGMAN A5/11 UNI","AMORTECEDOR AN 125 BURGMAN A5/11 UNI","AMORTECEDOR AN 125 BURGMAN A5/11 UNI",IRON,"Suspensão",MOTOCICLO
176790,"AMORTECEDOR CG 160 PAR","AMORTECEDOR CG 160 PAR","AMORTECEDOR CG 160 PAR",IRON,"Suspensão",MOTOCICLO
27670,"AMORTECEDOR YS 250 FAZER 18 COMPLETO","AMORTECEDOR YS 250 FAZER 18 COMPLETO","AMORTECEDOR YS 250 FAZER 18 COMPLETO",IRON,"Suspensão",MOTOCICLO
27664,"AMORTECEDOR YBR 125","AMORTECEDOR YBR 125","AMORTECEDOR YBR 125",IRON,"Suspensão",MOTOCICLO
176791,"AMORTECEDOR YBR 125I/150/YS 150 FAZER","AMORTECEDOR YBR 125I/150/YS 150 FAZER","AMORTECEDOR YBR 125I/150/YS 150 FAZER",IRON,"Suspensão",MOTOCICLO
119327,"AMORTECEDOR YES 125","AMORTECEDOR YES 125","AMORTECEDOR YES 125",IRON,"Suspensão",MOTOCICLO
27666,"AMORTECEDOR YS 250 FAZER","AMORTECEDOR YS 250 FAZER","AMORTECEDOR YS 250 FAZER",IRON,"Suspensão",MOTOCICLO
9376,"AMORTECEDOR CG 125 00/08 PAR","AMORTECEDOR CG 125 00/08 PAR","AMORTECEDOR CG 125 00/08 PAR",IRON,"Suspensão",MOTOCICLO
119760,"AMORTECEDOR POP 100 (MOLA PRETA)PAR","AMORTECEDOR POP 100 (MOLA PRETA)PAR","AMORTECEDOR POP 100 (MOLA PRETA)PAR",IRON,"Suspensão",MOTOCICLO
27671,"AMORTECEDOR BIZ 100/125","AMORTECEDOR BIZ 100/125","AMORTECEDOR BIZ 100/125",IRON,"Suspensão",MOTOCICLO
176789,"AMORTECEDOR CB 300R","AMORTECEDOR CB 300R","AMORTECEDOR CB 300R",IRON,"Suspensão",MOTOCICLO
39912,"AMORTECEDOR CBX 250","AMORTECEDOR CBX 250","AMORTECEDOR CBX 250",IRON,"Suspensão",MOTOCICLO
24179,"AMORTECEDOR CG 125 77/99","AMORTECEDOR CG 125 77/99","AMORTECEDOR CG 125 77/99",IRON,"Suspensão",MOTOCICLO
27674,"AMORTECEDOR CG 150","AMORTECEDOR CG 150","AMORTECEDOR CG 150",IRON,"Suspensão",MOTOCICLO
27669,"AMORTECEDOR CRF 230","AMORTECEDOR CRF 230","AMORTECEDOR CRF 230",IRON,"Suspensão",MOTOCICLO
27673,"AMORTECEDOR CRYPTON 105","AMORTECEDOR CRYPTON 105","AMORTECEDOR CRYPTON 105",IRON,"Suspensão",MOTOCICLO
26687,"AMORTECEDOR CRYPTON 115","AMORTECEDOR CRYPTON 115","AMORTECEDOR CRYPTON 115",IRON,"Suspensão",MOTOCICLO
185888,"AMORTECEDOR LEAD 110","AMORTECEDOR LEAD 110","AMORTECEDOR LEAD 110",IRON,"Suspensão",MOTOCICLO
180741,"AMORTECEDOR NX 400","AMORTECEDOR NX 400","AMORTECEDOR NX 400",IRON,"Suspensão",MOTOCICLO
188103,"AMORTECEDOR NXR 125/150","AMORTECEDOR NXR 125/150","AMORTECEDOR NXR 125/150",IRON,"Suspensão",MOTOCICLO
176788,"AMORTECEDOR PCX 150","AMORTECEDOR PCX 150","AMORTECEDOR PCX 150",IRON,"Suspensão",MOTOCICLO
185889,"AMORTECEDOR PHOENIX GOLD 50","AMORTECEDOR PHOENIX GOLD 50","AMORTECEDOR PHOENIX GOLD 50",IRON,"Suspensão",MOTOCICLO
200920,"AMORTECEDOR POP 100 MOLA AMARELA PAR","AMORTECEDOR POP 100 MOLA AMARELA PAR","AMORTECEDOR POP 100 MOLA AMARELA PAR",IRON,"Suspensão",MOTOCICLO
200929,"AMORTECEDOR XL 125","AMORTECEDOR XL 125","AMORTECEDOR XL 125",IRON,"Suspensão",MOTOCICLO
196155,"AMORTECEDOR AN 125 BURGMAN UND","AMORTECEDOR AN 125 BURGMAN UND","AMORTECEDOR AN 125 BURGMAN UND",IRON,"Suspensão",MOTOCICLO
200927,"AMORTECEDOR XLR/NX 125 150/200","AMORTECEDOR XLR/NX 125 150/200","AMORTECEDOR XLR/NX 125 150/200",IRON,"Suspensão",MOTOCICLO
200908,"AMORTECEDOR XR 200","AMORTECEDOR XR 200","AMORTECEDOR XR 200",IRON,"Suspensão",MOTOCICLO
200906,"AMORTECEDOR XR 250","AMORTECEDOR XR 250","AMORTECEDOR XR 250",IRON,"Suspensão",MOTOCICLO
201332,"AMORTECEDOR XRE 300","AMORTECEDOR XRE 300","AMORTECEDOR XRE 300",IRON,"Suspensão",MOTOCICLO
46634,"AMORTECEDOR XTZ 125","AMORTECEDOR XTZ 125","AMORTECEDOR XTZ 125",IRON,"Suspensão",MOTOCICLO
188102,"AMORTECEDOR XTZ 250 LANDER","AMORTECEDOR XTZ 250 LANDER","AMORTECEDOR XTZ 250 LANDER",IRON,"Suspensão",MOTOCICLO
193921,"23","23","23",IRON,"Geral",MOTOCICLO
196184,"SUSPENSÃO","SUSPENSÃO","SUSPENSÃO",IRON,"Suspensão",MOTOCICLO
198526,"AMORTECEDOR CB 250F","AMORTECEDOR CB 250F","AMORTECEDOR CB 250F",IRON,"Suspensão",MOTOCICLO
198529,"BENGALA BIZ 100 99/05 POP 100","BENGALA BIZ 100 99/05 POP 100","BENGALA BIZ 100 99/05 POP 100",IRON,"Suspensão",MOTOCICLO
198524,"BENGALA BIZ 125 06/10 BIZ 110I 18...","BENGALA BIZ 125 06/10 BIZ 110I 18...","BENGALA BIZ 125 06/10 BIZ 110I 18...",IRON,"Suspensão",MOTOCICLO
198534,"BENGALA CG 150","BENGALA CG 150","BENGALA CG 150",IRON,"Suspensão",MOTOCICLO
198531,"BENGALA CRYPTON 115 09/11 C/ ROSCA","BENGALA CRYPTON 115 09/11 C/ ROSCA","BENGALA CRYPTON 115 09/11 C/ ROSCA",IRON,"Suspensão",MOTOCICLO
39919,"BENGALA CRF 230","BENGALA CRF 230","BENGALA CRF 230",IRON,"Suspensão",MOTOCICLO
39915,"BENGALA XTZ 250 LANDER 07/14","BENGALA XTZ 250 LANDER 07/14","BENGALA XTZ 250 LANDER 07/14",IRON,"Suspensão",MOTOCICLO
186576,"BENGALA YS 250 FAZER 06/10","BENGALA YS 250 FAZER 06/10","BENGALA YS 250 FAZER 06/10",IRON,"Suspensão",MOTOCICLO
6619,"BENGALA NEO AT 115 04/11","BENGALA NEO AT 115 04/11","BENGALA NEO AT 115 04/11",IRON,"Suspensão",MOTOCICLO
39916,"BENGALA NX 400 99/08/13/15","BENGALA NX 400 99/08/13/15","BENGALA NX 400 99/08/13/15",IRON,"Suspensão",MOTOCICLO
39913,"BENGALA CBX/CB 250/300R","BENGALA CBX/CB 250/300R","BENGALA CBX/CB 250/300R",IRON,"Suspensão",MOTOCICLO
16875,"BENGALA CG 125 82/08","BENGALA CG 125 82/08","BENGALA CG 125 82/08",IRON,"Suspensão",MOTOCICLO
39914,"BENGALA INTRUDER 125","BENGALA INTRUDER 125","BENGALA INTRUDER 125",IRON,"Suspensão",MOTOCICLO
5197,"BENGALA JET 50","BENGALA JET 50","BENGALA JET 50",IRON,"Suspensão",MOTOCICLO
195762,"BENGALA NXR 125/150 03/05","BENGALA NXR 125/150 03/05","BENGALA NXR 125/150 03/05",IRON,"Suspensão",MOTOCICLO
39921,"BENGALA NXR 150 06/15 NXR 160","BENGALA NXR 150 06/15 NXR 160","BENGALA NXR 150 06/15 NXR 160",IRON,"Suspensão",MOTOCICLO
39920,"BENGALA XTZ 125","BENGALA XTZ 125","BENGALA XTZ 125",IRON,"Suspensão",MOTOCICLO
16874,"BENGALA WEB 100 TRAXX JL-50 SKY 50","BENGALA WEB 100 TRAXX JL-50 SKY 50","BENGALA WEB 100 TRAXX JL-50 SKY 50",IRON,"Suspensão",MOTOCICLO
14228,"BENGALA XLR 125","BENGALA XLR 125","BENGALA XLR 125",IRON,"Suspensão",MOTOCICLO
39918,"BENGALA XR 200","BENGALA XR 200","BENGALA XR 200",IRON,"Suspensão",MOTOCICLO
39917,"BENGALA XTZ 150 CROSSER","BENGALA XTZ 150 CROSSER","BENGALA XTZ 150 CROSSER",IRON,"Suspensão",MOTOCICLO
16871,"BENGALA YBR 125 YS 150 FAZER","BENGALA YBR 125 YS 150 FAZER","BENGALA YBR 125 YS 150 FAZER",IRON,"Suspensão",MOTOCICLO
176792,"BENGALA YES 125","BENGALA YES 125","BENGALA YES 125",IRON,"Suspensão",MOTOCICLO
196176,"BENGALA PHOENIX 50","BENGALA PHOENIX 50","BENGALA PHOENIX 50",IRON,"Suspensão",MOTOCICLO
196174,"BENGALA BIZ 100 99/05 POP 100/110I","BENGALA BIZ 100 99/05 POP 100/110I","BENGALA BIZ 100 99/05 POP 100/110I",IRON,"Suspensão",MOTOCICLO
119759,"BENGALA CG 160 18-21 ESQ","BENGALA CG 160 18-21 ESQ","BENGALA CG 160 18-21 ESQ",IRON,"Suspensão",MOTOCICLO
119761,"BENGALA NX 200","BENGALA NX 200","BENGALA NX 200",IRON,"Suspensão",MOTOCICLO
196186,"BENGALA PHOENIX MAIS 50","BENGALA PHOENIX MAIS 50","BENGALA PHOENIX MAIS 50",IRON,"Suspensão",MOTOCICLO
27676,"BENGALA XR 250 02/08","BENGALA XR 250 02/08","BENGALA XR 250 02/08",IRON,"Suspensão",MOTOCICLO
27677,"BENGALA XRE 300","BENGALA XRE 300","BENGALA XRE 300",IRON,"Suspensão",MOTOCICLO
27680,"BENGALA XTZ 250 LANDER 17/21","BENGALA XTZ 250 LANDER 17/21","BENGALA XTZ 250 LANDER 17/21",IRON,"Suspensão",MOTOCICLO
27682,"BENGALA CRF 250","BENGALA CRF 250","BENGALA CRF 250",IRON,"Suspensão",MOTOCICLO
27681,"24","24","24",IRON,"Geral",MOTOCICLO
196189,"SUSPENSÃO","SUSPENSÃO","SUSPENSÃO",IRON,"Suspensão",MOTOCICLO
196206,"BENGALA CBX 150/200","BENGALA CBX 150/200","BENGALA CBX 150/200",IRON,"Suspensão",MOTOCICLO
185890,"BENGALA PCX 150 14/18","BENGALA PCX 150 14/18","BENGALA PCX 150 14/18",IRON,"Suspensão",MOTOCICLO
196202,"BENGALA N-MAX 160","BENGALA N-MAX 160","BENGALA N-MAX 160",IRON,"Suspensão",MOTOCICLO
122455,"BENGALA NEO 125","BENGALA NEO 125","BENGALA NEO 125",IRON,"Suspensão",MOTOCICLO
180778,"BENGALA PCX 150 19/21","BENGALA PCX 150 19/21","BENGALA PCX 150 19/21",IRON,"Suspensão",MOTOCICLO
196204,"BENGALA YS 250 FAZER 11/18","BENGALA YS 250 FAZER 11/18","BENGALA YS 250 FAZER 11/18",IRON,"Suspensão",MOTOCICLO
122454,"BENGALA CRYPTON 115 12/16 C/ROSCA","BENGALA CRYPTON 115 12/16 C/ROSCA","BENGALA CRYPTON 115 12/16 C/ROSCA",IRON,"Suspensão",MOTOCICLO
27675,"CILINDRO GARFO CG 150 14 160 EX PAR","CILINDRO GARFO CG 150 14 160 EX PAR","CILINDRO GARFO CG 150 14 160 EX PAR",IRON,"Suspensão",MOTOCICLO
42895,"CILINDRO GARFO INTRUDER 125 PAR","CILINDRO GARFO INTRUDER 125 PAR","CILINDRO GARFO INTRUDER 125 PAR",IRON,"Suspensão",MOTOCICLO
27679,"CILINDRO GARFO CG 160 START 18 PAR","CILINDRO GARFO CG 160 START 18 PAR","CILINDRO GARFO CG 160 START 18 PAR",IRON,"Suspensão",MOTOCICLO
27678,"CILINDRO GARFO NXR 160 ESDD 18 PAR","CILINDRO GARFO NXR 160 ESDD 18 PAR","CILINDRO GARFO NXR 160 ESDD 18 PAR",IRON,"Suspensão",MOTOCICLO
196214,"CILINDRO GARFO XRE 190 PAR","CILINDRO GARFO XRE 190 PAR","CILINDRO GARFO XRE 190 PAR",IRON,"Suspensão",MOTOCICLO
27683,"CILINDRO XTZ 150 CROSSER 14 PAR","CILINDRO XTZ 150 CROSSER 14 PAR","CILINDRO XTZ 150 CROSSER 14 PAR",IRON,"Suspensão",MOTOCICLO
196209,"CILINDRO GARFO XTZ 150 CROSSER 19/22","CILINDRO GARFO XTZ 150 CROSSER 19/22","CILINDRO GARFO XTZ 150 CROSSER 19/22",IRON,"Suspensão",MOTOCICLO
196211,"CILINDRO GARFO CG 150 08 ESD PAR","CILINDRO GARFO CG 150 08 ESD PAR","CILINDRO GARFO CG 150 08 ESD PAR",IRON,"Suspensão",MOTOCICLO
185891,"CILINDRO GARFO CG 150 08 KS PAR","CILINDRO GARFO CG 150 08 KS PAR","CILINDRO GARFO CG 150 08 KS PAR",IRON,"Suspensão",MOTOCICLO
202708,"CILINDRO GARFO BIZ 100 99/05 PAR","CILINDRO GARFO BIZ 100 99/05 PAR","CILINDRO GARFO BIZ 100 99/05 PAR",IRON,"Suspensão",MOTOCICLO
196199,"CILINDRO GARFO BIZ 125 06/10 PAR","CILINDRO GARFO BIZ 125 06/10 PAR","CILINDRO GARFO BIZ 125 06/10 PAR",IRON,"Suspensão",MOTOCICLO
196197,"CILINDRO GARFO CG 125 82/99 PAR","CILINDRO GARFO CG 125 82/99 PAR","CILINDRO GARFO CG 125 82/99 PAR",IRON,"Suspensão",MOTOCICLO
187407,"CILINDRO GARFO CG 125 00/04 ES PAR","CILINDRO GARFO CG 125 00/04 ES PAR","CILINDRO GARFO CG 125 00/04 ES PAR",IRON,"Suspensão",MOTOCICLO
187409,"CILINDRO GARFO CG 125 00/08 KS PAR","CILINDRO GARFO CG 125 00/08 KS PAR","CILINDRO GARFO CG 125 00/08 KS PAR",IRON,"Suspensão",MOTOCICLO
187410,"CILINDRO GARFO CG 125 09/13 PAR","CILINDRO GARFO CG 125 09/13 PAR","CILINDRO GARFO CG 125 09/13 PAR",IRON,"Suspensão",MOTOCICLO
187408,"CILINDRO GARFO CG 150 09/13 ESD PAR","CILINDRO GARFO CG 150 09/13 ESD PAR","CILINDRO GARFO CG 150 09/13 ESD PAR",IRON,"Suspensão",MOTOCICLO
201275,"CILINDRO GARFO NXR 150 ESD PAR","CILINDRO GARFO NXR 150 ESD PAR","CILINDRO GARFO NXR 150 ESD PAR",IRON,"Suspensão",MOTOCICLO
197588,"CILINDRO GARFO NXR 125 150 KS 2003 2005 PAR","CILINDRO GARFO NXR 125 150 KS 2003 2005 PAR","CILINDRO GARFO NXR 125 150 KS 2003 2005 PAR",IRON,"Suspensão",MOTOCICLO
197586,"CILINDRO GARFO XLR 125 PAR","CILINDRO GARFO XLR 125 PAR","CILINDRO GARFO XLR 125 PAR",IRON,"Suspensão",MOTOCICLO
185108,"CILINDRO GARFO XR 200 PAR","CILINDRO GARFO XR 200 PAR","CILINDRO GARFO XR 200 PAR",IRON,"Suspensão",MOTOCICLO
185102,"CILINDRO GARFO POP 100/110I PAR","CILINDRO GARFO POP 100/110I PAR","CILINDRO GARFO POP 100/110I PAR",IRON,"Suspensão",MOTOCICLO
197587,"CILINDRO GARFO YBR 125 08 ED PAR","CILINDRO GARFO YBR 125 08 ED PAR","CILINDRO GARFO YBR 125 08 ED PAR",IRON,"Suspensão",MOTOCICLO
185106,"CILINDRO GARFO YBR 125 08 EK PAR","CILINDRO GARFO YBR 125 08 EK PAR","CILINDRO GARFO YBR 125 08 EK PAR",IRON,"Suspensão",MOTOCICLO
201273,"CILINDRO GARFO YES 125 04/10 PAR","CILINDRO GARFO YES 125 04/10 PAR","CILINDRO GARFO YES 125 04/10 PAR",IRON,"Suspensão",MOTOCICLO
27684,"CILINDRO GARFO CG 150 09/12 PAR","CILINDRO GARFO CG 150 09/12 PAR","CILINDRO GARFO CG 150 09/12 PAR",IRON,"Suspensão",MOTOCICLO
187395,"25","25","25",IRON,"Geral",MOTOCICLO
187397,"SUSPENSÃO","SUSPENSÃO","SUSPENSÃO",IRON,"Suspensão",MOTOCICLO
187396,"CILINDRO GARFO CG 125I 16/18 PAR","CILINDRO GARFO CG 125I 16/18 PAR","CILINDRO GARFO CG 125I 16/18 PAR",IRON,"Suspensão",MOTOCICLO
202833,"CILINDRO GARFO CG 150 14 160 ESD PAR","CILINDRO GARFO CG 150 14 160 ESD PAR","CILINDRO GARFO CG 150 14 160 ESD PAR",IRON,"Suspensão",MOTOCICLO
198546,"GARFO DIANT. PHOENIX 50 ESQUERDO","GARFO DIANT. PHOENIX 50 ESQUERDO","GARFO DIANT. PHOENIX 50 ESQUERDO",IRON,"Suspensão",MOTOCICLO
198569,"GARFO DIANT. PHOENIX 50 DIREITO","GARFO DIANT. PHOENIX 50 DIREITO","GARFO DIANT. PHOENIX 50 DIREITO",IRON,"Suspensão",MOTOCICLO
198558,"CILINDRO GARFO TZ 125 PAR","CILINDRO GARFO TZ 125 PAR","CILINDRO GARFO TZ 125 PAR",IRON,"Suspensão",MOTOCICLO
198552,"GARFO DIANT. YBR 125 EK PAR","GARFO DIANT. YBR 125 EK PAR","GARFO DIANT. YBR 125 EK PAR",IRON,"Suspensão",MOTOCICLO
198542,"GARFO DIANT. CG 125 82/99 PAR","GARFO DIANT. CG 125 82/99 PAR","GARFO DIANT. CG 125 82/99 PAR",IRON,"Suspensão",MOTOCICLO
198539,"GARFO DIANT. CG 150 ESD 04/08 PAR","GARFO DIANT. CG 150 ESD 04/08 PAR","GARFO DIANT. CG 150 ESD 04/08 PAR",IRON,"Suspensão",MOTOCICLO
198583,"GARFO DIANT. BIZ 100/125 11/17 PAR","GARFO DIANT. BIZ 100/125 11/17 PAR","GARFO DIANT. BIZ 100/125 11/17 PAR",IRON,"Suspensão",MOTOCICLO
198564,"GARFO DIANT. CG 150 KS/ES 04/08 PAR","GARFO DIANT. CG 150 KS/ES 04/08 PAR","GARFO DIANT. CG 150 KS/ES 04/08 PAR",IRON,"Suspensão",MOTOCICLO
198537,"GARFO DIANT CG 125 00/04 ES PAR","GARFO DIANT CG 125 00/04 ES PAR","GARFO DIANT CG 125 00/04 ES PAR",IRON,"Suspensão",MOTOCICLO
198572,"GARFO DIANT CG 150 09/13 ESD/EX PAR","GARFO DIANT CG 150 09/13 ESD/EX PAR","GARFO DIANT CG 150 09/13 ESD/EX PAR",IRON,"Suspensão",MOTOCICLO
198591,"GARFO DIANT CG 125I 16 PAR","GARFO DIANT CG 125I 16 PAR","GARFO DIANT CG 125I 16 PAR",IRON,"Suspensão",MOTOCICLO
198580,"GARFO DIANT. BIZ 125 06/10 PAR","GARFO DIANT. BIZ 125 06/10 PAR","GARFO DIANT. BIZ 125 06/10 PAR",IRON,"Suspensão",MOTOCICLO
198550,"GARFO DIANT. JET 50/50 X 125 X ESQ.","GARFO DIANT. JET 50/50 X 125 X ESQ.","GARFO DIANT. JET 50/50 X 125 X ESQ.",IRON,"Suspensão",MOTOCICLO
198587,"GARFO DIANT SHINERAY 50-Q PAR","GARFO DIANT SHINERAY 50-Q PAR","GARFO DIANT SHINERAY 50-Q PAR",IRON,"Suspensão",MOTOCICLO
198578,"GARFO DIANT. JET 50/50 X 125 X DIR.","GARFO DIANT. JET 50/50 X 125 X DIR.","GARFO DIANT. JET 50/50 X 125 X DIR.",IRON,"Suspensão",MOTOCICLO
198585,"GARFO DIANT. YBR 125 ED PAR","GARFO DIANT. YBR 125 ED PAR","GARFO DIANT. YBR 125 ED PAR",IRON,"Suspensão",MOTOCICLO
198554,"GARFO DIANT NXR 125/150 160 KS/ES","GARFO DIANT NXR 125/150 160 KS/ES","GARFO DIANT NXR 125/150 160 KS/ES",IRON,"Suspensão",MOTOCICLO
198560,"GARFO DIANT. CG 150 09/13 KS/ES PAR","GARFO DIANT. CG 150 09/13 KS/ES PAR","GARFO DIANT. CG 150 09/13 KS/ES PAR",IRON,"Suspensão",MOTOCICLO
198556,"GARFO DIANT. BIZ 100 99/05 PAR","GARFO DIANT. BIZ 100 99/05 PAR","GARFO DIANT. BIZ 100 99/05 PAR",IRON,"Suspensão",MOTOCICLO
198544,"GARFO DIANT. CG 125 KS 00/08 PAR","GARFO DIANT. CG 125 KS 00/08 PAR","GARFO DIANT. CG 125 KS 00/08 PAR",IRON,"Suspensão",MOTOCICLO
198576,"GARFO DIANT. YES 125 PAR","GARFO DIANT. YES 125 PAR","GARFO DIANT. YES 125 PAR",IRON,"Suspensão",MOTOCICLO
198548,"GARFO DIANT. NXR 150 ESD PAR","GARFO DIANT. NXR 150 ESD PAR","GARFO DIANT. NXR 150 ESD PAR",IRON,"Suspensão",MOTOCICLO
198562,"GARFO DIANT. YBR 125 09/13 ED PAR","GARFO DIANT. YBR 125 09/13 ED PAR","GARFO DIANT. YBR 125 09/13 ED PAR",IRON,"Suspensão",MOTOCICLO
198567,"GARFO DIANT. YBR 125 09/13 EK PAR","GARFO DIANT. YBR 125 09/13 EK PAR","GARFO DIANT. YBR 125 09/13 EK PAR",IRON,"Suspensão",MOTOCICLO
198607,"GARFO D POP 100 110I PAR","GARFO D POP 100 110I PAR","GARFO D POP 100 110I PAR",IRON,"Suspensão",MOTOCICLO
198603,"GARFO D PHOENIX GOLD 50 PAR","GARFO D PHOENIX GOLD 50 PAR","GARFO D PHOENIX GOLD 50 PAR",IRON,"Suspensão",MOTOCICLO
198616,"GARFO D CG 150 14 160 EX PAR","GARFO D CG 150 14 160 EX PAR","GARFO D CG 150 14 160 EX PAR",IRON,"Suspensão",MOTOCICLO
198613,"TERMINAL DIR INT ESQ QUADRIC. FOURTRAX 420 PAR","TERMINAL DIR INT ESQ QUADRIC. FOURTRAX 420 PAR","TERMINAL DIR INT ESQ QUADRIC. FOURTRAX 420 PAR",IRON,"Suspensão",MOTOCICLO
198601,"PIVO INFERIOR QUADRIC. FOURTRAX 420 PAR","PIVO INFERIOR QUADRIC. FOURTRAX 420 PAR","PIVO INFERIOR QUADRIC. FOURTRAX 420 PAR",IRON,"Geral",MOTOCICLO
198595,"GARFO D CG 150 14 150 ESD","GARFO D CG 150 14 150 ESD","GARFO D CG 150 14 150 ESD",IRON,"Suspensão",MOTOCICLO
198593,"26","26","26",IRON,"Geral",MOTOCICLO
198597,"SUSPENSÃO","SUSPENSÃO","SUSPENSÃO",IRON,"Suspensão",MOTOCICLO
189286,"PIVO SUP. QUADRIC. FOURTRAX 420 08/23 PAR","PIVO SUP. QUADRIC. FOURTRAX 420 08/23 PAR","PIVO SUP. QUADRIC. FOURTRAX 420 08/23 PAR",IRON,"Geral",MOTOCICLO
189284,"TERMINAL DIR EXT DIR QUADRIC. FOURTRAX 420 HONDA PAR","TERMINAL DIR EXT DIR QUADRIC. FOURTRAX 420 HONDA PAR","TERMINAL DIR EXT DIR QUADRIC. FOURTRAX 420 HONDA PAR",IRON,"Suspensão",MOTOCICLO
189285,"CRUZETA CARDAN QUADRIC. HONDA 14","CRUZETA CARDAN QUADRIC. HONDA 14","CRUZETA CARDAN QUADRIC. HONDA 14",IRON,"Suspensão",MOTOCICLO
121907,"BUCHA GARFO DIANT XR 250 XRE 300 NX 400/400I CB 500F/600 SUP","BUCHA GARFO DIANT XR 250 XRE 300 NX 400/400I CB 500F/600 SUP","BUCHA GARFO DIANT XR 250 XRE 300 NX 400/400I CB 500F/600 SUP",IRON,"Borrachas/Buchas",MOTOCICLO
188146,"BUCHA GARFO DIANT CBX 250 CB 300 / CRF 230 CB 500 98/02/XR 2","BUCHA GARFO DIANT CBX 250 CB 300 / CRF 230 CB 500 98/02/XR 200","BUCHA GARFO DIANT CBX 250 CB 300 / CRF 230 CB 500 98/02/XR 200",IRON,"Borrachas/Buchas",MOTOCICLO
188148,"GUARNIÇÃO TUBO INT GARFO DIANT. CG 150/160","GUARNIÇÃO TUBO INT GARFO DIANT. CG 150/160","GUARNIÇÃO TUBO INT GARFO DIANT. CG 150/160",IRON,"Juntas e Guarnições",MOTOCICLO
12150,"GUARNIÇÃO TUBO INT GARFO DIANT. NXR/XRE 150/160/190","GUARNIÇÃO TUBO INT GARFO DIANT. NXR/XRE 150/160/190","GUARNIÇÃO TUBO INT GARFO DIANT. NXR/XRE 150/160/190",IRON,"Juntas e Guarnições",MOTOCICLO
41467,"BUCHA GARFO DIANT CG/FAN NXR/XRE 150/190 SUP 2MM","BUCHA GARFO DIANT CG/FAN NXR/XRE 150/190 SUP 2MM","BUCHA GARFO DIANT CG/FAN NXR/XRE 150/190 SUP 2MM",IRON,"Borrachas/Buchas",MOTOCICLO
122452,"GUARNIÇÃO TUBO INT GARFO DIANT CG 125","GUARNIÇÃO TUBO INT GARFO DIANT CG 125","GUARNIÇÃO TUBO INT GARFO DIANT CG 125",IRON,"Juntas e Guarnições",MOTOCICLO
173098,"JUNTA HOMOC. QUADRI. 350 HONDA COMP.","JUNTA HOMOC. QUADRI. 350 HONDA COMP.","JUNTA HOMOC. QUADRI. 350 HONDA COMP.",IRON,"Suspensão",MOTOCICLO
173100,"JUNTA HOMOC. QUADRICICLO FOURTRAX 420 14 ESQ COMP","JUNTA HOMOC. QUADRICICLO FOURTRAX 420 14 ESQ COMP","JUNTA HOMOC. QUADRICICLO FOURTRAX 420 14 ESQ COMP",IRON,"Suspensão",MOTOCICLO
121896,"JUNTA HOMOC. QUADRICICLO FOURTRAX 420 14 DIR COMP","JUNTA HOMOC. QUADRICICLO FOURTRAX 420 14 DIR COMP","JUNTA HOMOC. QUADRICICLO FOURTRAX 420 14 DIR COMP",IRON,"Suspensão",MOTOCICLO
173099,"JUNTA HOMOC. QUADRI. FOURTRAX 420 08/13 ESQ COMP","JUNTA HOMOC. QUADRI. FOURTRAX 420 08/13 ESQ COMP","JUNTA HOMOC. QUADRI. FOURTRAX 420 08/13 ESQ COMP",IRON,"Suspensão",MOTOCICLO
179243,"JUNTA HOMOC. QUADRIC. FOURTRAX 420 08/13 DIR COMP","JUNTA HOMOC. QUADRIC. FOURTRAX 420 08/13 DIR COMP","JUNTA HOMOC. QUADRIC. FOURTRAX 420 08/13 DIR COMP",IRON,"Suspensão",MOTOCICLO
179244,"JUNTA HOM QUADRI 19-24 COMP","JUNTA HOM QUADRI 19-24 COMP","JUNTA HOM QUADRI 19-24 COMP",IRON,"Suspensão",MOTOCICLO
173097,"27","27","27",IRON,"Geral",MOTOCICLO
23360,"AMORTECEDOR BIZ 100-125","AMORTECEDOR BIZ 100-125","AMORTECEDOR BIZ 100-125",IRON,"Suspensão",MOTOCICLO
202892,"AMORTECEDOR CB 250F","AMORTECEDOR CB 250F","AMORTECEDOR CB 250F",IRON,"Suspensão",MOTOCICLO
188178,"AMORTECEDOR CB 300","AMORTECEDOR CB 300","AMORTECEDOR CB 300",IRON,"Suspensão",MOTOCICLO
173102,"AMORTECEDOR CBX 250","AMORTECEDOR CBX 250","AMORTECEDOR CBX 250",IRON,"Suspensão",MOTOCICLO
173101,"AMORTECEDOR CG 125 00/08","AMORTECEDOR CG 125 00/08","AMORTECEDOR CG 125 00/08",IRON,"Suspensão",MOTOCICLO
188174,"AMORTECEDOR CG 150","AMORTECEDOR CG 150","AMORTECEDOR CG 150",IRON,"Suspensão",MOTOCICLO
188182,"AMORTECEDOR CG 160","AMORTECEDOR CG 160","AMORTECEDOR CG 160",IRON,"Suspensão",MOTOCICLO
188180,"AMORTECEDOR CRF 230","AMORTECEDOR CRF 230","AMORTECEDOR CRF 230",IRON,"Suspensão",MOTOCICLO
188188,"AMORTECEDOR CRYPTON 115","AMORTECEDOR CRYPTON 115","AMORTECEDOR CRYPTON 115",IRON,"Suspensão",MOTOCICLO
188176,"AMORTECEDOR LEAD 110","AMORTECEDOR LEAD 110","AMORTECEDOR LEAD 110",IRON,"Suspensão",MOTOCICLO
188186,"AMORTECEDOR N-MAX 160","AMORTECEDOR N-MAX 160","AMORTECEDOR N-MAX 160",IRON,"Suspensão",MOTOCICLO
188184,"AMORTECEDOR NEO AT 115","AMORTECEDOR NEO AT 115","AMORTECEDOR NEO AT 115",IRON,"Suspensão",MOTOCICLO
182619,"AMORTECEDOR NXR 125/150/160 XRE 190","AMORTECEDOR NXR 125/150/160 XRE 190","AMORTECEDOR NXR 125/150/160 XRE 190",IRON,"Suspensão",MOTOCICLO
182615,"AMORTECEDOR PCX 150","AMORTECEDOR PCX 150","AMORTECEDOR PCX 150",IRON,"Suspensão",MOTOCICLO
182621,"AMORTECEDOR POP 100","AMORTECEDOR POP 100","AMORTECEDOR POP 100",IRON,"Suspensão",MOTOCICLO
200938,"AMORTECEDOR POP 110I","AMORTECEDOR POP 110I","AMORTECEDOR POP 110I",IRON,"Suspensão",MOTOCICLO
188118,"AMORTECEDOR XR 250","AMORTECEDOR XR 250","AMORTECEDOR XR 250",IRON,"Suspensão",MOTOCICLO
200940,"AMORTECEDOR XRE 300","AMORTECEDOR XRE 300","AMORTECEDOR XRE 300",IRON,"Suspensão",MOTOCICLO
188142,"AMORTECEDOR XTZ 125","AMORTECEDOR XTZ 125","AMORTECEDOR XTZ 125",IRON,"Suspensão",MOTOCICLO
188140,"AMORTECEDOR YBR 125","AMORTECEDOR YBR 125","AMORTECEDOR YBR 125",IRON,"Suspensão",MOTOCICLO
183621,"AMORTECEDOR YBR 125I / 150 YS 150 FAZER","AMORTECEDOR YBR 125I / 150 YS 150 FAZER","AMORTECEDOR YBR 125I / 150 YS 150 FAZER",IRON,"Suspensão",MOTOCICLO
28670,"AMORTECEDOR YES 125","AMORTECEDOR YES 125","AMORTECEDOR YES 125",IRON,"Suspensão",MOTOCICLO
188122,"AMORTECEDOR YS 250 FAZER 06/17","AMORTECEDOR YS 250 FAZER 06/17","AMORTECEDOR YS 250 FAZER 06/17",IRON,"Suspensão",MOTOCICLO
188120,"AMORTECEDOR XTZ 250 LANDER","AMORTECEDOR XTZ 250 LANDER","AMORTECEDOR XTZ 250 LANDER",IRON,"Suspensão",MOTOCICLO
188138,"CILINDRO GARFO PCX 150 PAR","CILINDRO GARFO PCX 150 PAR","CILINDRO GARFO PCX 150 PAR",IRON,"Suspensão",MOTOCICLO
188126,"CILINDRO GARFO PHOENIX GOLD 50 PAR","CILINDRO GARFO PHOENIX GOLD 50 PAR","CILINDRO GARFO PHOENIX GOLD 50 PAR",IRON,"Suspensão",MOTOCICLO
28676,"CILINDRO GARFO YBR FACTOR DISCO PAR","CILINDRO GARFO YBR FACTOR DISCO PAR","CILINDRO GARFO YBR FACTOR DISCO PAR",IRON,"Suspensão",MOTOCICLO
121905,"CILINDRO GARFO YBR 150 FACTOR TAMBOR PAR","CILINDRO GARFO YBR 150 FACTOR TAMBOR PAR","CILINDRO GARFO YBR 150 FACTOR TAMBOR PAR",IRON,"Suspensão",MOTOCICLO
11428,"CILINDRO GARFO BIZ 125 06/10+ PAR","CILINDRO GARFO BIZ 125 06/10+ PAR","CILINDRO GARFO BIZ 125 06/10+ PAR",IRON,"Suspensão",MOTOCICLO
188109,"BENGALA HUNTER 90/100","BENGALA HUNTER 90/100","BENGALA HUNTER 90/100",IRON,"Suspensão",MOTOCICLO
188116,"BENGALA LEAD 110 09/05 ELITE 125 19","BENGALA LEAD 110 09/05 ELITE 125 19","BENGALA LEAD 110 09/05 ELITE 125 19",IRON,"Suspensão",MOTOCICLO
182623,"BENGALA HUNTER 125 04/09","BENGALA HUNTER 125 04/09","BENGALA HUNTER 125 04/09",IRON,"Suspensão",MOTOCICLO
23479,"28","28","28",IRON,"Geral",MOTOCICLO
182617,"FREIO","FREIO","FREIO",IRON,"Freios",MOTOCICLO
28667,"CONJUNTO FR D NXR 150 ESD","CONJUNTO FR D NXR 150 ESD","CONJUNTO FR D NXR 150 ESD",IRON,"Geral",MOTOCICLO
9746,"CONJUNTO FR D CG 150 ESD 04/08","CONJUNTO FR D CG 150 ESD 04/08","CONJUNTO FR D CG 150 ESD 04/08",IRON,"Geral",MOTOCICLO
24193,"CONJUNTO FR D CG 150 ESD 09/13","CONJUNTO FR D CG 150 ESD 09/13","CONJUNTO FR D CG 150 ESD 09/13",IRON,"Geral",MOTOCICLO
182613,"CONJUNTO FR D JET 50","CONJUNTO FR D JET 50","CONJUNTO FR D JET 50",IRON,"Geral",MOTOCICLO
24190,"BOMBA FR D CRF 230","BOMBA FR D CRF 230","BOMBA FR D CRF 230",IRON,"Combustível/Bomba",MOTOCICLO
188134,"BOMBA FR D CRYPTON 115","BOMBA FR D CRYPTON 115","BOMBA FR D CRYPTON 115",IRON,"Combustível/Bomba",MOTOCICLO
188124,"BOMBA FR D BIZ 125 PHOENIX+ 50","BOMBA FR D BIZ 125 PHOENIX+ 50","BOMBA FR D BIZ 125 PHOENIX+ 50",IRON,"Combustível/Bomba",MOTOCICLO
188128,"BOMBA FR D CG/CBX 125 150/200/250","BOMBA FR D CG/CBX 125 150/200/250","BOMBA FR D CG/CBX 125 150/200/250",IRON,"Combustível/Bomba",MOTOCICLO
182611,"BOMBA FR F JET 50","BOMBA FR F JET 50","BOMBA FR F JET 50",IRON,"Combustível/Bomba",MOTOCICLO
200936,"BOMBA FR D YBR 125 00/08 ED","BOMBA FR D YBR 125 00/08 ED","BOMBA FR D YBR 125 00/08 ED",IRON,"Combustível/Bomba",MOTOCICLO
182609,"BOMBA FR D YBR 125 09 FACTOR","BOMBA FR D YBR 125 09 FACTOR","BOMBA FR D YBR 125 09 FACTOR",IRON,"Combustível/Bomba",MOTOCICLO
200947,"BOMBA FR D YES INTRUDER 125","BOMBA FR D YES INTRUDER 125","BOMBA FR D YES INTRUDER 125",IRON,"Combustível/Bomba",MOTOCICLO
180726,"BOMBA FR D YS 150 FAZER 14","BOMBA FR D YS 150 FAZER 14","BOMBA FR D YS 150 FAZER 14",IRON,"Combustível/Bomba",MOTOCICLO
6329,"BOMBA FR D AN 125 BURGMAN 14","BOMBA FR D AN 125 BURGMAN 14","BOMBA FR D AN 125 BURGMAN 14",IRON,"Combustível/Bomba",MOTOCICLO
180728,"BOMBA FR D XTZ 125/250 LANDER","BOMBA FR D XTZ 125/250 LANDER","BOMBA FR D XTZ 125/250 LANDER",IRON,"Combustível/Bomba",MOTOCICLO
14631,"BOMBA FR D YS 250 FAZER","BOMBA FR D YS 250 FAZER","BOMBA FR D YS 250 FAZER",IRON,"Combustível/Bomba",MOTOCICLO
180719,"BOMBA FR D CG CBX 125/150 200/250","BOMBA FR D CG CBX 125/150 200/250","BOMBA FR D CG CBX 125/150 200/250",IRON,"Combustível/Bomba",MOTOCICLO
15253,"BOMBA FR D JET 50 50 X/125 X","BOMBA FR D JET 50 50 X/125 X","BOMBA FR D JET 50 50 X/125 X",IRON,"Combustível/Bomba",MOTOCICLO
26619,"BOMBA FR D QUADRI TRX 420 HONDA","BOMBA FR D QUADRI TRX 420 HONDA","BOMBA FR D QUADRI TRX 420 HONDA",IRON,"Combustível/Bomba",MOTOCICLO
26618,"BOMBA FR T NX 400","BOMBA FR T NX 400","BOMBA FR T NX 400",IRON,"Combustível/Bomba",MOTOCICLO
180723,"BOMBA FR D NXR 150","BOMBA FR D NXR 150","BOMBA FR D NXR 150",IRON,"Combustível/Bomba",MOTOCICLO
180725,"BOMBA FR D NX/XR 150/200/250/400","BOMBA FR D NX/XR 150/200/250/400","BOMBA FR D NX/XR 150/200/250/400",IRON,"Combustível/Bomba",MOTOCICLO
180721,"BOMBA FR T YS 250 FAZER XTZ 250 LANDER TENERE 250","BOMBA FR T YS 250 FAZER XTZ 250 LANDER TENERE 250","BOMBA FR T YS 250 FAZER XTZ 250 LANDER TENERE 250",IRON,"Combustível/Bomba",MOTOCICLO
180718,"BOMBA FR T CG 150 / 160 C/ CBS","BOMBA FR T CG 150 / 160 C/ CBS","BOMBA FR T CG 150 / 160 C/ CBS",IRON,"Combustível/Bomba",MOTOCICLO
26238,"BOMBA FR T XTZ 150 19 ABS","BOMBA FR T XTZ 150 19 ABS","BOMBA FR T XTZ 150 19 ABS",IRON,"Combustível/Bomba",MOTOCICLO
8064,"BOMBA FR T CB 300R 13/15","BOMBA FR T CB 300R 13/15","BOMBA FR T CB 300R 13/15",IRON,"Combustível/Bomba",MOTOCICLO
200651,"BOMBA FR T CB 500 98/02","BOMBA FR T CB 500 98/02","BOMBA FR T CB 500 98/02",IRON,"Combustível/Bomba",MOTOCICLO
200958,"BOMBA FR T XRE 300","BOMBA FR T XRE 300","BOMBA FR T XRE 300",IRON,"Combustível/Bomba",MOTOCICLO
200953,"BOMBA FR T NXR / XRE 160 190 C/ CBS","BOMBA FR T NXR / XRE 160 190 C/ CBS","BOMBA FR T NXR / XRE 160 190 C/ CBS",IRON,"Combustível/Bomba",MOTOCICLO
180722,"DISCO FR T XTZ 250 LANDER TENERE 250 06/17","DISCO FR T XTZ 250 LANDER TENERE 250 06/17","DISCO FR T XTZ 250 LANDER TENERE 250 06/17",IRON,"Freios",MOTOCICLO
180724,"DISCO FR D YBR 125 14 YS 150 FAZER 14","DISCO FR D YBR 125 14 YS 150 FAZER 14","DISCO FR D YBR 125 14 YS 150 FAZER 14",IRON,"Freios",MOTOCICLO
14432,"DISCO FR T NXR 160 NX 400 XRE/190/300 CRB-450","DISCO FR T NXR 160 NX 400 XRE/190/300 CRB-450","DISCO FR T NXR 160 NX 400 XRE/190/300 CRB-450",IRON,"Freios",MOTOCICLO
180720,"29","29","29",IRON,"Geral",MOTOCICLO
180727,"FREIO","FREIO","FREIO",IRON,"Freios",MOTOCICLO
200961,"DISCO FR T XT 660R","DISCO FR T XT 660R","DISCO FR T XT 660R",IRON,"Freios",MOTOCICLO
17161,"DISCO FR D. CB 250F","DISCO FR D. CB 250F","DISCO FR D. CB 250F",IRON,"Freios",MOTOCICLO
200955,"DISCO FR D LEAD 110","DISCO FR D LEAD 110","DISCO FR D LEAD 110",IRON,"Freios",MOTOCICLO
200949,"DISCO FR D T N-MAX 160","DISCO FR D T N-MAX 160","DISCO FR D T N-MAX 160",IRON,"Freios",MOTOCICLO
200951,"DISCO FR T YS 250 FAZER 18... ABS","DISCO FR T YS 250 FAZER 18... ABS","DISCO FR T YS 250 FAZER 18... ABS",IRON,"Freios",MOTOCICLO
174753,"DISCO FR T NXR 160 XRE 190","DISCO FR T NXR 160 XRE 190","DISCO FR T NXR 160 XRE 190",IRON,"Freios",MOTOCICLO
174755,"DISCO FR D BIZ 125+","DISCO FR D BIZ 125+","DISCO FR D BIZ 125+",IRON,"Freios",MOTOCICLO
174754,"DISCO FR D NX/XR 200/250 CRF 230","DISCO FR D NX/XR 200/250 CRF 230","DISCO FR D NX/XR 200/250 CRF 230",IRON,"Freios",MOTOCICLO
200999,"DISCO FR T CB 250F","DISCO FR T CB 250F","DISCO FR T CB 250F",IRON,"Freios",MOTOCICLO
202887,"DISCO FR D YS 250 FAZER 18...ABS","DISCO FR D YS 250 FAZER 18...ABS","DISCO FR D YS 250 FAZER 18...ABS",IRON,"Freios",MOTOCICLO
202889,"DISCO FR D PCX 150","DISCO FR D PCX 150","DISCO FR D PCX 150",IRON,"Freios",MOTOCICLO
188166,"DISCO FR T CB 300R 09/15","DISCO FR T CB 300R 09/15","DISCO FR T CB 300R 09/15",IRON,"Freios",MOTOCICLO
179242,"DISCO DE FR D JET 50","DISCO DE FR D JET 50","DISCO DE FR D JET 50",IRON,"Freios",MOTOCICLO
122792,"DISCO FR D CBX 250 CB 300R","DISCO FR D CBX 250 CB 300R","DISCO FR D CBX 250 CB 300R",IRON,"Freios",MOTOCICLO
197053,"DISCO FR D CG 125 00/04 ES","DISCO FR D CG 125 00/04 ES","DISCO FR D CG 125 00/04 ES",IRON,"Freios",MOTOCICLO
200972,"DISCO FR T XRE 300 NX 400/CBR 450","DISCO FR T XRE 300 NX 400/CBR 450","DISCO FR T XRE 300 NX 400/CBR 450",IRON,"Freios",MOTOCICLO
188170,"DISCO FR D XRE 300","DISCO FR D XRE 300","DISCO FR D XRE 300",IRON,"Freios",MOTOCICLO
188168,"DISCO FR D XTZ 125","DISCO FR D XTZ 125","DISCO FR D XTZ 125",IRON,"Freios",MOTOCICLO
24417,"DISCO FR D XTZ 250 LANDER TENERE 250","DISCO FR D XTZ 250 LANDER TENERE 250","DISCO FR D XTZ 250 LANDER TENERE 250",IRON,"Freios",MOTOCICLO
173094,"DISCO FR D YBR 125 00/08","DISCO FR D YBR 125 00/08","DISCO FR D YBR 125 00/08",IRON,"Freios",MOTOCICLO
173090,"DISCO FR D YBR 125 09","DISCO FR D YBR 125 09","DISCO FR D YBR 125 09",IRON,"Freios",MOTOCICLO
173096,"DISCO FR D YES 125 GSR 125/150I","DISCO FR D YES 125 GSR 125/150I","DISCO FR D YES 125 GSR 125/150I",IRON,"Freios",MOTOCICLO
173093,"DISCO FR D YS 250 FAZER 06/15","DISCO FR D YS 250 FAZER 06/15","DISCO FR D YS 250 FAZER 06/15",IRON,"Freios",MOTOCICLO
27012,"DISCO FR D CG 150 ESD 04/08","DISCO FR D CG 150 ESD 04/08","DISCO FR D CG 150 ESD 04/08",IRON,"Freios",MOTOCICLO
188150,"DISCO FR T CRF 250F/450","DISCO FR T CRF 250F/450","DISCO FR T CRF 250F/450",IRON,"Freios",MOTOCICLO
188152,"DISCO FR D CRYPTON NEO AT 115","DISCO FR D CRYPTON NEO AT 115","DISCO FR D CRYPTON NEO AT 115",IRON,"Freios",MOTOCICLO
188158,"DISCO FR T YS 250 FAZER 11/17","DISCO FR T YS 250 FAZER 11/17","DISCO FR T YS 250 FAZER 11/17",IRON,"Freios",MOTOCICLO
173091,"DISCO FR D CG 150 ESD 09/13","DISCO FR D CG 150 ESD 09/13","DISCO FR D CG 150 ESD 09/13",IRON,"Freios",MOTOCICLO
173092,"30","30","30",IRON,"Geral",MOTOCICLO
188160,"DISCO FR D XTZ 150 CROSSER","DISCO FR D XTZ 150 CROSSER","DISCO FR D XTZ 150 CROSSER",IRON,"Freios",MOTOCICLO
188154,"DISCO FR D NXR XRE 150/160/190","DISCO FR D NXR XRE 150/160/190","DISCO FR D NXR XRE 150/160/190",IRON,"Freios",MOTOCICLO
188172,"PASTILHA FR D LEAD 110 ELITE 125I 19/21 XLX 350","PASTILHA FR D LEAD 110 ELITE 125I 19/21 XLX 350","PASTILHA FR D LEAD 110 ELITE 125I 19/21 XLX 350",IRON,"Freios",MOTOCICLO
188164,"PASTILHA FR T NXR 160 XRE 190 CB 250F CRF 250","PASTILHA FR T NXR 160 XRE 190 CB 250F CRF 250","PASTILHA FR T NXR 160 XRE 190 CB 250F CRF 250",IRON,"Freios",MOTOCICLO
173095,"FREIO","FREIO","FREIO",IRON,"Freios",MOTOCICLO
188156,"PASTILHA FR D BIZ NX/NXR 125/200 350/400","PASTILHA FR D BIZ NX/NXR 125/200 350/400","PASTILHA FR D BIZ NX/NXR 125/200 350/400",IRON,"Freios",MOTOCICLO
188162,"PASTILHA FR D CB 250CB 500F 600F CBR 250","PASTILHA FR D CB 250CB 500F 600F CBR 250","PASTILHA FR D CB 250CB 500F 600F CBR 250",IRON,"Freios",MOTOCICLO
24312,"PASTILHA FR D CG 125 150 04/08 CBX 150 200","PASTILHA FR D CG 125 150 04/08 CBX 150 200","PASTILHA FR D CG 125 150 04/08 CBX 150 200",IRON,"Freios",MOTOCICLO
45589,"PASTILHA FR T XTZ 250 LANDER YS 250 FAZER","PASTILHA FR T XTZ 250 LANDER YS 250 FAZER","PASTILHA FR T XTZ 250 LANDER YS 250 FAZER",IRON,"Freios",MOTOCICLO
45583,"PASTILHA FR D CG 150 2009 2015 YS 250 FAZER 2016","PASTILHA FR D CG 150 2009 2015 YS 250 FAZER 2016","PASTILHA FR D CG 150 2009 2015 YS 250 FAZER 2016",IRON,"Freios",MOTOCICLO
1779,"PASTILHA FR D YBR 125 2009 YS 150 FAZER 2014","PASTILHA FR D YBR 125 2009 YS 150 FAZER 2014","PASTILHA FR D YBR 125 2009 YS 150 FAZER 2014",IRON,"Freios",MOTOCICLO
196105,"PASTILHA FR D YES 125 XTZ 125/250 LANDER","PASTILHA FR D YES 125 XTZ 125/250 LANDER","PASTILHA FR D YES 125 XTZ 125/250 LANDER",IRON,"Freios",MOTOCICLO
196103,"PASTILHA FR D YBR 150 FACTOR YS 150 FAZER 2015","PASTILHA FR D YBR 150 FACTOR YS 150 FAZER 2015","PASTILHA FR D YBR 150 FACTOR YS 150 FAZER 2015",IRON,"Freios",MOTOCICLO
121141,"PASTILHA FR D CG 150/160 14/16 C/ CBS","PASTILHA FR D CG 150/160 14/16 C/ CBS","PASTILHA FR D CG 150/160 14/16 C/ CBS",IRON,"Freios",MOTOCICLO
25521,"PASTILHA FR T XRE 300/NX 400","PASTILHA FR T XRE 300/NX 400","PASTILHA FR T XRE 300/NX 400",IRON,"Freios",MOTOCICLO
119245,"PASTILHA FR D CBX CB YS 250 300R YBR 125 2008","PASTILHA FR D CBX CB YS 250 300R YBR 125 2008","PASTILHA FR D CBX CB YS 250 300R YBR 125 2008",IRON,"Freios",MOTOCICLO
197179,"PASTILHA FR D INTRUDER 125","PASTILHA FR D INTRUDER 125","PASTILHA FR D INTRUDER 125",IRON,"Freios",MOTOCICLO
185123,"PASTILHA FR T CB 500 98/08 XT 660R/MT 03 16 BMW F650/800 GS","PASTILHA FR T CB 500 98/08 XT 660R/MT 03 16 BMW F650/800 GS","PASTILHA FR T CB 500 98/08 XT 660R/MT 03 16 BMW F650/800 GS",IRON,"Freios",MOTOCICLO
24739,"PASTILHA FR D CB 500 98/02 XT 660R BMW F650 GS 09 F800 GS 11","PASTILHA FR D CB 500 98/02 XT 660R BMW F650 GS 09 F800 GS 11","PASTILHA FR D CB 500 98/02 XT 660R BMW F650 GS 09 F800 GS 11",IRON,"Freios",MOTOCICLO
185121,"PASTILHA FR D CG 160 18 C/CBS","PASTILHA FR D CG 160 18 C/CBS","PASTILHA FR D CG 160 18 C/CBS",IRON,"Freios",MOTOCICLO
185113,"PASTILHA FR D DAFRA NEXT 250","PASTILHA FR D DAFRA NEXT 250","PASTILHA FR D DAFRA NEXT 250",IRON,"Freios",MOTOCICLO
185125,"PASTILHA FR T CB 300 SEM ABS NX 650 DOM","PASTILHA FR T CB 300 SEM ABS NX 650 DOM","PASTILHA FR T CB 300 SEM ABS NX 650 DOM",IRON,"Freios",MOTOCICLO
185117,"PASTILHA FR D XTZ 150 CROSSER CRF 250 2014","PASTILHA FR D XTZ 150 CROSSER CRF 250 2014","PASTILHA FR D XTZ 150 CROSSER CRF 250 2014",IRON,"Freios",MOTOCICLO
196264,"PASTILHA FR D PCX 150 14/18","PASTILHA FR D PCX 150 14/18","PASTILHA FR D PCX 150 14/18",IRON,"Freios",MOTOCICLO
185115,"PASTILHA FR T CB 300 500F 600 XRE 300V STROM 650 2015 C/ ABS","PASTILHA FR T CB 300 500F 600 XRE 300V STROM 650 2015 C/ ABS","PASTILHA FR T CB 300 500F 600 XRE 300V STROM 650 2015 C/ ABS",IRON,"Freios",MOTOCICLO
185119,"PASTILHA FR D BIZ 125 2018 NXR 160 2018 C/ ABS","PASTILHA FR D BIZ 125 2018 NXR 160 2018 C/ ABS","PASTILHA FR D BIZ 125 2018 NXR 160 2018 C/ ABS",IRON,"Freios",MOTOCICLO
191574,"PASTILHA FR D N-MAX 160 17 C/ABS","PASTILHA FR D N-MAX 160 17 C/ABS","PASTILHA FR D N-MAX 160 17 C/ABS",IRON,"Freios",MOTOCICLO
191575,"PASTILHA FR T CRF CR 125/150 250/450","PASTILHA FR T CRF CR 125/150 250/450","PASTILHA FR T CRF CR 125/150 250/450",IRON,"Freios",MOTOCICLO
191570,"PASTILHA FR T DAFRA NEXT 250","PASTILHA FR T DAFRA NEXT 250","PASTILHA FR T DAFRA NEXT 250",IRON,"Freios",MOTOCICLO
8591,"PASTILHA FR D AN 125 BURGMAN SMART 125 09-11","PASTILHA FR D AN 125 BURGMAN SMART 125 09-11","PASTILHA FR D AN 125 BURGMAN SMART 125 09-11",IRON,"Freios",MOTOCICLO
191573,"PASTILHA FR D CB 500 98/02 XT 660R BMW F650 GS 09 F800 GS 11","PASTILHA FR D CB 500 98/02 XT 660R BMW F650 GS 09 F800 GS 11","PASTILHA FR D CB 500 98/02 XT 660R BMW F650 GS 09 F800 GS 11",IRON,"Freios",MOTOCICLO
191572,"PATIM FR CG/125/150/160 DIANT/TRAS 050","PATIM FR CG/125/150/160 DIANT/TRAS 050","PATIM FR CG/125/150/160 DIANT/TRAS 050",IRON,"Geral",MOTOCICLO
191571,"PATIM FR BIZ/POP NXR T 025","PATIM FR BIZ/POP NXR T 025","PATIM FR BIZ/POP NXR T 025",IRON,"Geral",MOTOCICLO
185111,"PATIM FR QUADRICICLO TRX 420 T","PATIM FR QUADRICICLO TRX 420 T","PATIM FR QUADRICICLO TRX 420 T",IRON,"Geral",MOTOCICLO
196267,"BURRINHO FR D/D QUADRIC. TRX 420","BURRINHO FR D/D QUADRIC. TRX 420","BURRINHO FR D/D QUADRIC. TRX 420",IRON,"Freios",MOTOCICLO
185127,"BURRINHO FR D/E QUADRIC. TRX 420","BURRINHO FR D/E QUADRIC. TRX 420","BURRINHO FR D/E QUADRIC. TRX 420",IRON,"Freios",MOTOCICLO
196520,"31","31","31",IRON,"Geral",MOTOCICLO
185344,"PATIM FR. BIZ/POP NXR T 050","PATIM FR. BIZ/POP NXR T 050","PATIM FR. BIZ/POP NXR T 050",IRON,"Geral",MOTOCICLO
121901,"FREIO","FREIO","FREIO",IRON,"Freios",MOTOCICLO
196485,"BURRINHO FR T XTZ 250 LANDER/XTZ 150 CROSSER","BURRINHO FR T XTZ 250 LANDER/XTZ 150 CROSSER","BURRINHO FR T XTZ 250 LANDER/XTZ 150 CROSSER",IRON,"Freios",MOTOCICLO
196488,"BURRINHO FR D NX 400","BURRINHO FR D NX 400","BURRINHO FR D NX 400",IRON,"Freios",MOTOCICLO
196360,"BURRINHO FR D CG 150 04/08 125 ES CBX 150/200","BURRINHO FR D CG 150 04/08 125 ES CBX 150/200","BURRINHO FR D CG 150 04/08 125 ES CBX 150/200",IRON,"Freios",MOTOCICLO
196482,"BURRINHO FR D JET 50","BURRINHO FR D JET 50","BURRINHO FR D JET 50",IRON,"Freios",MOTOCICLO
41161,"BURRINHO FR T CRF 250F 19","BURRINHO FR T CRF 250F 19","BURRINHO FR T CRF 250F 19",IRON,"Freios",MOTOCICLO
185345,"BURRINHO FR T XRE 300","BURRINHO FR T XRE 300","BURRINHO FR T XRE 300",IRON,"Freios",MOTOCICLO
184403,"BURRINHO FR T CB 250F","BURRINHO FR T CB 250F","BURRINHO FR T CB 250F",IRON,"Freios",MOTOCICLO
182702,"BURRINHO FR D YES 125","BURRINHO FR D YES 125","BURRINHO FR D YES 125",IRON,"Freios",MOTOCICLO
182700,"BURRINHO FR D XTZ 125","BURRINHO FR D XTZ 125","BURRINHO FR D XTZ 125",IRON,"Freios",MOTOCICLO
182704,"BURRINHO FR T NX 400","BURRINHO FR T NX 400","BURRINHO FR T NX 400",IRON,"Freios",MOTOCICLO
182691,"BURRINHO FR D YBR 125 00/08","BURRINHO FR D YBR 125 00/08","BURRINHO FR D YBR 125 00/08",IRON,"Freios",MOTOCICLO
182696,"BURRINHO FR D BIZ NX/XR 125/200/250","BURRINHO FR D BIZ NX/XR 125/200/250","BURRINHO FR D BIZ NX/XR 125/200/250",IRON,"Freios",MOTOCICLO
182688,"BURRINHO FR D CRYPTON 115","BURRINHO FR D CRYPTON 115","BURRINHO FR D CRYPTON 115",IRON,"Freios",MOTOCICLO
182698,"BURRINHO FR D XTZ 150 CROSSER 19 ABS","BURRINHO FR D XTZ 150 CROSSER 19 ABS","BURRINHO FR D XTZ 150 CROSSER 19 ABS",IRON,"Freios",MOTOCICLO
200669,"BURRINHO FR D CG 160 C/ CBS","BURRINHO FR D CG 160 C/ CBS","BURRINHO FR D CG 160 C/ CBS",IRON,"Freios",MOTOCICLO
188144,"BURRINHO FR D YS 250","BURRINHO FR D YS 250","BURRINHO FR D YS 250",IRON,"Freios",MOTOCICLO
43289,"BURRINHO FR D NXR 160 ESDD C/CBS","BURRINHO FR D NXR 160 ESDD C/CBS","BURRINHO FR D NXR 160 ESDD C/CBS",IRON,"Freios",MOTOCICLO
16706,"BURRINHO FR D CB 250F","BURRINHO FR D CB 250F","BURRINHO FR D CB 250F",IRON,"Freios",MOTOCICLO
12342,"BURRINHO FR T NXR XRE 160/190","BURRINHO FR T NXR XRE 160/190","BURRINHO FR T NXR XRE 160/190",IRON,"Freios",MOTOCICLO
12341,"BURRINHO FR T YS 250 FAZER 05/17","BURRINHO FR T YS 250 FAZER 05/17","BURRINHO FR T YS 250 FAZER 05/17",IRON,"Freios",MOTOCICLO
17086,"BURRINHO FR D CBX 250 CB 300","BURRINHO FR D CBX 250 CB 300","BURRINHO FR D CBX 250 CB 300",IRON,"Freios",MOTOCICLO
121545,"BURRINHO FR D CG 150 15 C/CBS","BURRINHO FR D CG 150 15 C/CBS","BURRINHO FR D CG 150 15 C/CBS",IRON,"Freios",MOTOCICLO
16704,"BURRINHO FR T CB 300R","BURRINHO FR T CB 300R","BURRINHO FR T CB 300R",IRON,"Freios",MOTOCICLO
16697,"ESPELHO FR D CG 125 00/08","ESPELHO FR D CG 125 00/08","ESPELHO FR D CG 125 00/08",IRON,"Freios",MOTOCICLO
187259,"ESPELHO FR T. PHOENIX GOLD 50","ESPELHO FR T. PHOENIX GOLD 50","ESPELHO FR T. PHOENIX GOLD 50",IRON,"Freios",MOTOCICLO
187260,"ESPELHO FR D. PHOENIX GOLD 50 COMP.","ESPELHO FR D. PHOENIX GOLD 50 COMP.","ESPELHO FR D. PHOENIX GOLD 50 COMP.",IRON,"Freios",MOTOCICLO
16699,"ESPELHO FR T. JET 50 COMPLETO","ESPELHO FR T. JET 50 COMPLETO","ESPELHO FR T. JET 50 COMPLETO",IRON,"Freios",MOTOCICLO
17084,"ESPELHO FR T CRYPTON 105","ESPELHO FR T CRYPTON 105","ESPELHO FR T CRYPTON 105",IRON,"Freios",MOTOCICLO
119796,"ESPELHO FR T XTZ 125/150 CROSSER XT/TDM 225","ESPELHO FR T XTZ 125/150 CROSSER XT/TDM 225","ESPELHO FR T XTZ 125/150 CROSSER XT/TDM 225",IRON,"Freios",MOTOCICLO
119797,"ESPELHO FR D CG 125 83/99","ESPELHO FR D CG 125 83/99","ESPELHO FR D CG 125 83/99",IRON,"Freios",MOTOCICLO
187257,"BURRINHO FR D CG 150 09/14","BURRINHO FR D CG 150 09/14","BURRINHO FR D CG 150 09/14",IRON,"Freios",MOTOCICLO
187258,"BURRINHO FR D YBR 125 09","BURRINHO FR D YBR 125 09","BURRINHO FR D YBR 125 09",IRON,"Freios",MOTOCICLO
16707,"32","32","32",IRON,"Geral",MOTOCICLO
118939,"FREIO","FREIO","FREIO",IRON,"Freios",MOTOCICLO
187256,"ESPELHO FR D NXR 125 150 KS/ES","ESPELHO FR D NXR 125 150 KS/ES","ESPELHO FR D NXR 125 150 KS/ES",IRON,"Freios",MOTOCICLO
200493,"ESPELHO FR D CG 150 04/13 CG 125 09/13 KS/ES","ESPELHO FR D CG 150 04/13 CG 125 09/13 KS/ES","ESPELHO FR D CG 150 04/13 CG 125 09/13 KS/ES",IRON,"Freios",MOTOCICLO
43261,"ESPELHO FR D BIZ 125","ESPELHO FR D BIZ 125","ESPELHO FR D BIZ 125",IRON,"Freios",MOTOCICLO
17088,"ALAVANCA FR T CG 125 00/08","ALAVANCA FR T CG 125 00/08","ALAVANCA FR T CG 125 00/08",IRON,"Geral",MOTOCICLO
16703,"ALAVANCA FR D CG 150","ALAVANCA FR D CG 150","ALAVANCA FR D CG 150",IRON,"Geral",MOTOCICLO
8345,"ALAVANCA FR T NXR 125/150/160 CRF 230","ALAVANCA FR T NXR 125/150/160 CRF 230","ALAVANCA FR T NXR 125/150/160 CRF 230",IRON,"Geral",MOTOCICLO
41429,"ALAVANCA FR T CG 150/160 C/ CBS","ALAVANCA FR T CG 150/160 C/ CBS","ALAVANCA FR T CG 150/160 C/ CBS",IRON,"Geral",MOTOCICLO
202776,"ALAVANCA FR T BIZ POP 100/125/110I","ALAVANCA FR T BIZ POP 100/125/110I","ALAVANCA FR T BIZ POP 100/125/110I",IRON,"Geral",MOTOCICLO
180063,"ALAVANCA FR T XLR 125 NX/XR 150/200","ALAVANCA FR T XLR 125 NX/XR 150/200","ALAVANCA FR T XLR 125 NX/XR 150/200",IRON,"Geral",MOTOCICLO
198287,"ALAVANCA FR T YS 150 FAZER YBR 150 FACTOR","ALAVANCA FR T YS 150 FAZER YBR 150 FACTOR","ALAVANCA FR T YS 150 FAZER YBR 150 FACTOR",IRON,"Geral",MOTOCICLO
202377,"ALAVANCA FR T YES 125","ALAVANCA FR T YES 125","ALAVANCA FR T YES 125",IRON,"Geral",MOTOCICLO
175385,"ALAVANCA FR D CG 125 83/99","ALAVANCA FR D CG 125 83/99","ALAVANCA FR D CG 125 83/99",IRON,"Geral",MOTOCICLO
4328,"ALAVANCA FR T YBR 125","ALAVANCA FR T YBR 125","ALAVANCA FR T YBR 125",IRON,"Geral",MOTOCICLO
199244,"ALAVANCA FR T CG 125 83/99","ALAVANCA FR T CG 125 83/99","ALAVANCA FR T CG 125 83/99",IRON,"Geral",MOTOCICLO
199241,"ALAVANCA FR D CG 125 14/21 START 150/160","ALAVANCA FR D CG 125 14/21 START 150/160","ALAVANCA FR D CG 125 14/21 START 150/160",IRON,"Geral",MOTOCICLO
199243,"ALAVANCA FR D YBR 125","ALAVANCA FR D YBR 125","ALAVANCA FR D YBR 125",IRON,"Geral",MOTOCICLO
17128,"ALAVANCA FR T CBX 200/250 CB 300","ALAVANCA FR T CBX 200/250 CB 300","ALAVANCA FR T CBX 200/250 CB 300",IRON,"Geral",MOTOCICLO
17950,"ALAVANCA FR D NXR 125/150/160","ALAVANCA FR D NXR 125/150/160","ALAVANCA FR D NXR 125/150/160",IRON,"Geral",MOTOCICLO
196115,"ALAVANCA FR D CG 125 00/08","ALAVANCA FR D CG 125 00/08","ALAVANCA FR D CG 125 00/08",IRON,"Geral",MOTOCICLO
1331,"40","40","40",IRON,"Geral",MOTOCICLO
13490,"ALAVANCA FR D BIZ 100/125 110I 17","ALAVANCA FR D BIZ 100/125 110I 17","ALAVANCA FR D BIZ 100/125 110I 17",IRON,"Geral",MOTOCICLO
196113,"ALAVANCA FR D BIZ 110I 18/22 C/ CBS","ALAVANCA FR D BIZ 110I 18/22 C/ CBS","ALAVANCA FR D BIZ 110I 18/22 C/ CBS",IRON,"Geral",MOTOCICLO
196109,"ALAVANCA FR T XTZ 125","ALAVANCA FR T XTZ 125","ALAVANCA FR T XTZ 125",IRON,"Geral",MOTOCICLO
196107,"VARETA FR NXR 125/150","VARETA FR NXR 125/150","VARETA FR NXR 125/150",IRON,"Freios",MOTOCICLO
196111,"VARETA FR CG 150/160 15 C/CBS","VARETA FR CG 150/160 15 C/CBS","VARETA FR CG 150/160 15 C/CBS",IRON,"Freios",MOTOCICLO
182122,"VARETA FR JET 50/50 X 125 X","VARETA FR JET 50/50 X 125 X","VARETA FR JET 50/50 X 125 X",IRON,"Freios",MOTOCICLO
201272,"VARETA FR YES 125","VARETA FR YES 125","VARETA FR YES 125",IRON,"Freios",MOTOCICLO
201271,"VARETA FR XTZ 125","VARETA FR XTZ 125","VARETA FR XTZ 125",IRON,"Freios",MOTOCICLO
201269,"VARETA FR POP 100","VARETA FR POP 100","VARETA FR POP 100",IRON,"Freios",MOTOCICLO
202840,"VARETA FR XLR/NX/XR 125/150/200","VARETA FR XLR/NX/XR 125/150/200","VARETA FR XLR/NX/XR 125/150/200",IRON,"Freios",MOTOCICLO
25884,"VARETA FR PHOENIX GOLD 50","VARETA FR PHOENIX GOLD 50","VARETA FR PHOENIX GOLD 50",IRON,"Freios",MOTOCICLO
18025,"VARETA FR CG 150 09/14","VARETA FR CG 150 09/14","VARETA FR CG 150 09/14",IRON,"Freios",MOTOCICLO
197564,"33","33","33",IRON,"Geral",MOTOCICLO
197562,"FREIO","FREIO","FREIO",IRON,"Freios",MOTOCICLO
185430,"REPARO VARETA FREIO","REPARO VARETA FREIO","REPARO VARETA FREIO",IRON,"Carburador/Reparos",MOTOCICLO
185431,"REPARO BOMBA FR XRE 300 DIANT","REPARO BOMBA FR XRE 300 DIANT","REPARO BOMBA FR XRE 300 DIANT",IRON,"Carburador/Reparos",MOTOCICLO
183064,"REPARO BOMBA FR YBR 125 ED DIANT","REPARO BOMBA FR YBR 125 ED DIANT","REPARO BOMBA FR YBR 125 ED DIANT",IRON,"Carburador/Reparos",MOTOCICLO
9615,"REPARO BOMBA FR. CB 300 TRAS.","REPARO BOMBA FR. CB 300 TRAS.","REPARO BOMBA FR. CB 300 TRAS.",IRON,"Carburador/Reparos",MOTOCICLO
25883,"REPARO BOMBA FR CG 125/150 04/08 ES/ESD (FINO) DIANT","REPARO BOMBA FR CG 125/150 04/08 ES/ESD (FINO) DIANT","REPARO BOMBA FR CG 125/150 04/08 ES/ESD (FINO) DIANT",IRON,"Carburador/Reparos",MOTOCICLO
25885,"REPARO BOMBA FR NX XR 150/200 DIANT","REPARO BOMBA FR NX XR 150/200 DIANT","REPARO BOMBA FR NX XR 150/200 DIANT",IRON,"Carburador/Reparos",MOTOCICLO
24502,"REPARO BOMBA FR NXR 150 ESD DIANT","REPARO BOMBA FR NXR 150 ESD DIANT","REPARO BOMBA FR NXR 150 ESD DIANT",IRON,"Carburador/Reparos",MOTOCICLO
24499,"REPARO BOMBA FR BIZ 125 DIANT.","REPARO BOMBA FR BIZ 125 DIANT.","REPARO BOMBA FR BIZ 125 DIANT.",IRON,"Carburador/Reparos",MOTOCICLO
24500,"REPARO BURRINHO CG 125/150 00/08 P/1 PISTÃO DIANT","REPARO BURRINHO CG 125/150 00/08 P/1 PISTÃO DIANT","REPARO BURRINHO CG 125/150 00/08 P/1 PISTÃO DIANT",IRON,"Carburador/Reparos",MOTOCICLO
18062,"REPARO PINÇA FR D CG/NXR XRE/150/160/300","REPARO PINÇA FR D CG/NXR XRE/150/160/300","REPARO PINÇA FR D CG/NXR XRE/150/160/300",IRON,"Carburador/Reparos",MOTOCICLO
24501,"34","34","34",IRON,"Geral",MOTOCICLO
1055,"RODA / CÂMARA","RODA / CÂMARA","RODA / CÂMARA",IRON,"Rodas e Pneus",MOTOCICLO
184424,"RODA CG 125 09 06 PALITOS PRETA","RODA CG 125 09 06 PALITOS PRETA","RODA CG 125 09 06 PALITOS PRETA",IRON,"Rodas e Pneus",MOTOCICLO
184420,"RODA CG 150 ESD 04/13 6 PALITOS PRETA","RODA CG 150 ESD 04/13 6 PALITOS PRETA","RODA CG 150 ESD 04/13 6 PALITOS PRETA",IRON,"Rodas e Pneus",MOTOCICLO
185338,"RODA JET 50 / 50X 125X TRAS PRETA","RODA JET 50 / 50X 125X TRAS PRETA","RODA JET 50 / 50X 125X TRAS PRETA",IRON,"Rodas e Pneus",MOTOCICLO
17276,"RODA JET 50 / 50X 125X DIANT PRETA","RODA JET 50 / 50X 125X DIANT PRETA","RODA JET 50 / 50X 125X DIANT PRETA",IRON,"Rodas e Pneus",MOTOCICLO
123214,"RODA CG 150 KS/ES 04/13 6 PALITOS PRETA","RODA CG 150 KS/ES 04/13 6 PALITOS PRETA","RODA CG 150 KS/ES 04/13 6 PALITOS PRETA",IRON,"Rodas e Pneus",MOTOCICLO
185328,"RODA NXR 125/150 160 KS/ES FR TAMBOR","RODA NXR 125/150 160 KS/ES FR TAMBOR","RODA NXR 125/150 160 KS/ES FR TAMBOR",IRON,"Rodas e Pneus",MOTOCICLO
184422,"RODA CG 150 ESD 14 6 PALITOS PRETA","RODA CG 150 ESD 14 6 PALITOS PRETA","RODA CG 150 ESD 14 6 PALITOS PRETA",IRON,"Rodas e Pneus",MOTOCICLO
196803,"RODA NXR 150/160 ESD FREIO DISCO","RODA NXR 150/160 ESD FREIO DISCO","RODA NXR 150/160 ESD FREIO DISCO",IRON,"Rodas e Pneus",MOTOCICLO
185341,"RODA CG 125 09 MOD PE DE GALINHA PRETA","RODA CG 125 09 MOD PE DE GALINHA PRETA","RODA CG 125 09 MOD PE DE GALINHA PRETA",IRON,"Rodas e Pneus",MOTOCICLO
185333,"RODA CG 150 KS/ES 04-13 MOD PE DE GALINHA PRETA","RODA CG 150 KS/ES 04-13 MOD PE DE GALINHA PRETA","RODA CG 150 KS/ES 04-13 MOD PE DE GALINHA PRETA",IRON,"Rodas e Pneus",MOTOCICLO
185332,"RODA POP 100/110I 6 PALITOS PRETA","RODA POP 100/110I 6 PALITOS PRETA","RODA POP 100/110I 6 PALITOS PRETA",IRON,"Rodas e Pneus",MOTOCICLO
185336,"RODA BIZ 125/110I 6 PALITOS PRETA","RODA BIZ 125/110I 6 PALITOS PRETA","RODA BIZ 125/110I 6 PALITOS PRETA",IRON,"Rodas e Pneus",MOTOCICLO
185329,"RODA POP 100/110I TAMBOR PE G PT","RODA POP 100/110I TAMBOR PE G PT","RODA POP 100/110I TAMBOR PE G PT",IRON,"Rodas e Pneus",MOTOCICLO
185342,"RODA CG 150 ESD 04-13 MOD PE DE GALINHA PRETA","RODA CG 150 ESD 04-13 MOD PE DE GALINHA PRETA","RODA CG 150 ESD 04-13 MOD PE DE GALINHA PRETA",IRON,"Rodas e Pneus",MOTOCICLO
185343,"RODA PHOENIX GOLD 50 DIANT.","RODA PHOENIX GOLD 50 DIANT.","RODA PHOENIX GOLD 50 DIANT.",IRON,"Rodas e Pneus",MOTOCICLO
185335,"RODA PHOENIX GOLD 50 TRAS.","RODA PHOENIX GOLD 50 TRAS.","RODA PHOENIX GOLD 50 TRAS.",IRON,"Rodas e Pneus",MOTOCICLO
185340,"RODA CG 150 ESD 14 MOD 5 PALITOS PRETA","RODA CG 150 ESD 14 MOD 5 PALITOS PRETA","RODA CG 150 ESD 14 MOD 5 PALITOS PRETA",IRON,"Rodas e Pneus",MOTOCICLO
185337,"RODA BIZ 125/110I TAMBOR MOD PE DE GALINHA PRETA","RODA BIZ 125/110I TAMBOR MOD PE DE GALINHA PRETA","RODA BIZ 125/110I TAMBOR MOD PE DE GALINHA PRETA",IRON,"Rodas e Pneus",MOTOCICLO
121904,"RODA YBR 125 09 KS MOD 6 PALITOS PRETO","RODA YBR 125 09 KS MOD 6 PALITOS PRETO","RODA YBR 125 09 KS MOD 6 PALITOS PRETO",IRON,"Rodas e Pneus",MOTOCICLO
185331,"RODA CG 150 04/13 ESD MOD 160 PRETA","RODA CG 150 04/13 ESD MOD 160 PRETA","RODA CG 150 04/13 ESD MOD 160 PRETA",IRON,"Rodas e Pneus",MOTOCICLO
185334,"RODA NXR 160 ESD FREIO DISCO","RODA NXR 160 ESD FREIO DISCO","RODA NXR 160 ESD FREIO DISCO",IRON,"Rodas e Pneus",MOTOCICLO
185339,"RODA YBR 125 09/ED 6 PALITOS PRETO","RODA YBR 125 09/ED 6 PALITOS PRETO","RODA YBR 125 09/ED 6 PALITOS PRETO",IRON,"Rodas e Pneus",MOTOCICLO
196351,"RODA CG 150 KS/ES 04/13 6 PALITOS PRETA PAR","RODA CG 150 KS/ES 04/13 6 PALITOS PRETA PAR","RODA CG 150 KS/ES 04/13 6 PALITOS PRETA PAR",IRON,"Rodas e Pneus",MOTOCICLO
196315,"120960 CÂMARA DIANT. BIZ / POP / DREAM - 60/100/17 197025 AR","120960 CÂMARA DIANT. BIZ / POP / DREAM - 60/100/17 197025 ARO RODA DIANT. BIZ 100/125 / POP 100/110I 140/17","120960 CÂMARA DIANT. BIZ / POP / DREAM - 60/100/17 197025 ARO RODA DIANT. BIZ 100/125 / POP 100/110I 140/17",IRON,"Rodas e Pneus",MOTOCICLO
122183,"121502 CÂMARA DIANT. NXR 125/150 / CB 400/450 - 90/90/19","121502 CÂMARA DIANT. NXR 125/150 / CB 400/450 - 90/90/19","121502 CÂMARA DIANT. NXR 125/150 / CB 400/450 - 90/90/19",IRON,"Rodas e Pneus",MOTOCICLO
121900,"197024 ARO RODA TRAS. BIZ 100/125 / POP 100/110I 160/14","197024 ARO RODA TRAS. BIZ 100/125 / POP 100/110I 160/14","197024 ARO RODA TRAS. BIZ 100/125 / POP 100/110I 160/14",IRON,"Rodas e Pneus",MOTOCICLO
185151,"121519 CÂMARA DIANT. XL / XR / NX 200/250/350/400 - 300/21","121519 CÂMARA DIANT. XL / XR / NX 200/250/350/400 - 300/21","121519 CÂMARA DIANT. XL / XR / NX 200/250/350/400 - 300/21",IRON,"Rodas e Pneus",MOTOCICLO
185149,"015506 ARO RODA DIANT. CG 125/150/160 160/18","015506 ARO RODA DIANT. CG 125/150/160 160/18","015506 ARO RODA DIANT. CG 125/150/160 160/18",IRON,"Rodas e Pneus",MOTOCICLO
196318,"121518 CÂMARA DIANT. / TRAS. CG 125/150 - 300/18","121518 CÂMARA DIANT. / TRAS. CG 125/150 - 300/18","121518 CÂMARA DIANT. / TRAS. CG 125/150 - 300/18",IRON,"Rodas e Pneus",MOTOCICLO
185147,"197026 ARO RODA TRAS. CG 125/150/160 185/18","197026 ARO RODA TRAS. CG 125/150/160 185/18","197026 ARO RODA TRAS. CG 125/150/160 185/18",IRON,"Rodas e Pneus",MOTOCICLO
121394,"026045 CÂMARA TRAS. BIZ / POP - 110/80/14 121515 CÂMARA TRAS","026045 CÂMARA TRAS. BIZ / POP - 110/80/14 121515 CÂMARA TRAS. BIZ / POP - 80/100/14","026045 CÂMARA TRAS. BIZ / POP - 110/80/14 121515 CÂMARA TRAS. BIZ / POP - 80/100/14",IRON,"Rodas e Pneus",MOTOCICLO
6394,"197027 ARO RODA DIANT. NXR 125/150/160 / XRE 190 185/19","197027 ARO RODA DIANT. NXR 125/150/160 / XRE 190 185/19","197027 ARO RODA DIANT. NXR 125/150/160 / XRE 190 185/19",IRON,"Rodas e Pneus",MOTOCICLO
4295,"121516 CÂMARA TRAS. CBX/NX/XR 200/250 - 410/18","121516 CÂMARA TRAS. CBX/NX/XR 200/250 - 410/18","121516 CÂMARA TRAS. CBX/NX/XR 200/250 - 410/18",IRON,"Rodas e Pneus",MOTOCICLO
184409,"197028 ARO RODA TRAS. NXR 125/150/160 / XRE 190 215/17","197028 ARO RODA TRAS. NXR 125/150/160 / XRE 190 215/17","197028 ARO RODA TRAS. NXR 125/150/160 / XRE 190 215/17",IRON,"Rodas e Pneus",MOTOCICLO
123215,"120961 CÂMARA TRAS. DREAM/CRYPTON 100 - 275/17","120961 CÂMARA TRAS. DREAM/CRYPTON 100 - 275/17","120961 CÂMARA TRAS. DREAM/CRYPTON 100 - 275/17",IRON,"Rodas e Pneus",MOTOCICLO
196321,"202153 ARO RODA DIANT. XLR 125/250/NX 150/200/400 160/21","202153 ARO RODA DIANT. XLR 125/250/NX 150/200/400 160/21","202153 ARO RODA DIANT. XLR 125/250/NX 150/200/400 160/21",IRON,"Rodas e Pneus",MOTOCICLO
184415,"23244 CÂMARA TRAS. NXR/XLX/NX 150/250/350/400 - 110/90/17","23244 CÂMARA TRAS. NXR/XLX/NX 150/250/350/400 - 110/90/17","23244 CÂMARA TRAS. NXR/XLX/NX 150/250/350/400 - 110/90/17",IRON,"Rodas e Pneus",MOTOCICLO
196348,"202155 ARO RODA TRAS. XLR 125/NX 150/200 215/18","202155 ARO RODA TRAS. XLR 125/NX 150/200 215/18","202155 ARO RODA TRAS. XLR 125/NX 150/200 215/18",IRON,"Rodas e Pneus",MOTOCICLO
185165,"192423 CÂMARA TRAS. WEB/NEO AT 115 - 275/16 202773 CÂMARA TR","192423 CÂMARA TRAS. WEB/NEO AT 115 - 275/16 202773 CÂMARA TRAS. INTRUDER 250/DAFRA KANSAS 400/16","192423 CÂMARA TRAS. WEB/NEO AT 115 - 275/16 202773 CÂMARA TRAS. INTRUDER 250/DAFRA KANSAS 400/16",IRON,"Rodas e Pneus",MOTOCICLO
185372,"35","35","35",IRON,"Geral",MOTOCICLO
185163,"CÂMARA / VÁLVULA / PNEU / CUBO","CÂMARA / VÁLVULA / PNEU / CUBO","CÂMARA / VÁLVULA / PNEU / CUBO",IRON,"Rodas e Pneus",MOTOCICLO
196339,"CÂMARA GALINHOTA 325/8","CÂMARA GALINHOTA 325/8","CÂMARA GALINHOTA 325/8",IRON,"Rodas e Pneus",MOTOCICLO
196324,"CÂMARA INDUSTRIAL 400/8","CÂMARA INDUSTRIAL 400/8","CÂMARA INDUSTRIAL 400/8",IRON,"Rodas e Pneus",MOTOCICLO
185171,"CÂMARA DT CARRO FR 13/14","CÂMARA DT CARRO FR 13/14","CÂMARA DT CARRO FR 13/14",IRON,"Rodas e Pneus",MOTOCICLO
196336,"VÁLVULA PARA CÂMARA PARA MOTOS","VÁLVULA PARA CÂMARA PARA MOTOS","VÁLVULA PARA CÂMARA PARA MOTOS",IRON,"Motor/Válvulas",MOTOCICLO
196327,"VÁLVULA PNEU S/ CÂMERA P/ MOTO","VÁLVULA PNEU S/ CÂMERA P/ MOTO","VÁLVULA PNEU S/ CÂMERA P/ MOTO",IRON,"Motor/Válvulas",MOTOCICLO
196342,"VALVULA PNEU S/ CAMARA P/ SCOOTER","VALVULA PNEU S/ CAMARA P/ SCOOTER","VALVULA PNEU S/ CAMARA P/ SCOOTER",IRON,"Rodas e Pneus",MOTOCICLO
184411,"PNEU GALINHOTA 325/8 2L","PNEU GALINHOTA 325/8 2L","PNEU GALINHOTA 325/8 2L",IRON,"Rodas e Pneus",MOTOCICLO
184413,"PNEU GALINHOTA 400/8 2L REFORÇADO","PNEU GALINHOTA 400/8 2L REFORÇADO","PNEU GALINHOTA 400/8 2L REFORÇADO",IRON,"Rodas e Pneus",MOTOCICLO
185153,"PNEU MAVERICK D/T 30/10-14 AR 63 UTV 8 LONAS","PNEU MAVERICK D/T 30/10-14 AR 63 UTV 8 LONAS","PNEU MAVERICK D/T 30/10-14 AR 63 UTV 8 LONAS",IRON,"Rodas e Pneus",MOTOCICLO
185169,"PNEU QUADRICICLO T 24/10/11 AR 12 ATV HONDA 6 LONAS","PNEU QUADRICICLO T 24/10/11 AR 12 ATV HONDA 6 LONAS","PNEU QUADRICICLO T 24/10/11 AR 12 ATV HONDA 6 LONAS",IRON,"Rodas e Pneus",MOTOCICLO
196330,"PNEU QUADRICICLO D 24/8/12 AR 12 ATV HONDA 6 LONAS","PNEU QUADRICICLO D 24/8/12 AR 12 ATV HONDA 6 LONAS","PNEU QUADRICICLO D 24/8/12 AR 12 ATV HONDA 6 LONAS",IRON,"Rodas e Pneus",MOTOCICLO
196345,"CUBO RODA CG 125 00/08 D","CUBO RODA CG 125 00/08 D","CUBO RODA CG 125 00/08 D",IRON,"Rodas e Pneus",MOTOCICLO
123217,"CUBO RODA CG 125 ES 00/04 DISCO D","CUBO RODA CG 125 ES 00/04 DISCO D","CUBO RODA CG 125 ES 00/04 DISCO D",IRON,"Rodas e Pneus",MOTOCICLO
196333,"CUBO RODA CG 125 77/99 T","CUBO RODA CG 125 77/99 T","CUBO RODA CG 125 77/99 T",IRON,"Rodas e Pneus",MOTOCICLO
185167,"CUBO RODA CRYPTON 115 D","CUBO RODA CRYPTON 115 D","CUBO RODA CRYPTON 115 D",IRON,"Rodas e Pneus",MOTOCICLO
196629,"CUBO RODA XTZ 125 T","CUBO RODA XTZ 125 T","CUBO RODA XTZ 125 T",IRON,"Rodas e Pneus",MOTOCICLO
123213,"CUBO RODA CG/NXR 150 ESD D","CUBO RODA CG/NXR 150 ESD D","CUBO RODA CG/NXR 150 ESD D",IRON,"Rodas e Pneus",MOTOCICLO
201306,"CUBO RODA YBR 125 ED D","CUBO RODA YBR 125 ED D","CUBO RODA YBR 125 ED D",IRON,"Rodas e Pneus",MOTOCICLO
202175,"CUBO RODA BIZ 100/110I/125 T","CUBO RODA BIZ 100/110I/125 T","CUBO RODA BIZ 100/110I/125 T",IRON,"Rodas e Pneus",MOTOCICLO
191576,"CUBO RODA BIZ 125/100 15 110I D","CUBO RODA BIZ 125/100 15 110I D","CUBO RODA BIZ 125/100 15 110I D",IRON,"Rodas e Pneus",MOTOCICLO
185156,"CUBO RODA QUADRI 14 DIR T","CUBO RODA QUADRI 14 DIR T","CUBO RODA QUADRI 14 DIR T",IRON,"Rodas e Pneus",MOTOCICLO
191578,"CUBO RODA QUADRICICLO 14 ESQ TRAS.","CUBO RODA QUADRICICLO 14 ESQ TRAS.","CUBO RODA QUADRICICLO 14 ESQ TRAS.",IRON,"Rodas e Pneus",MOTOCICLO
185159,"CUBO RODA QUADRICICLO 08-13 TRAS.","CUBO RODA QUADRICICLO 08-13 TRAS.","CUBO RODA QUADRICICLO 08-13 TRAS.",IRON,"Rodas e Pneus",MOTOCICLO
185155,"CUBO RODA QUADRI 08/13 D","CUBO RODA QUADRI 08/13 D","CUBO RODA QUADRI 08/13 D",IRON,"Rodas e Pneus",MOTOCICLO
185161,"36","36","36",IRON,"Geral",MOTOCICLO
191577,"JOGO DE RAIO","JOGO DE RAIO","JOGO DE RAIO",IRON,"Raios",MOTOCICLO
1576,"JOGO DE RAIO DIANTEIRO","JOGO DE RAIO DIANTEIRO","JOGO DE RAIO DIANTEIRO",IRON,"Raios",MOTOCICLO
202911,"JOGO DE RAIO TRASEIRO","JOGO DE RAIO TRASEIRO","JOGO DE RAIO TRASEIRO",IRON,"Raios",MOTOCICLO
185244,"26837 - JOGO RAIO D BIZ 100/100I/125 CROMADO 4MM 9372 - JOGO","26837 - JOGO RAIO D BIZ 100/100I/125 CROMADO 4MM 9372 - JOGO RAIO D BIZ 100/10I/125 CROMADO 121386 - JOGO RAIO D BIZ 100/100I/125 ZINCADO 4MM 121387 - JOGO RAIO D BIZ 100/100I/125 ZINCADO 197982 - JOGO RAIO D CG 125 83/99 CROMADO 4MM 24488 - JOGO RAIO D CG 125 83/99 CROMADO 197990 - JOGO RAIO D CG 125 83/99 ZINCADO 4MM 24511 - JOGO RAIO D CG 125 83/99 ZINCADO 197984 - JOGO RAIO D CG 125/150/160 DISCO CROMADO 4MM 24489 - JOGO RAIO D CG 125/150/160 DISCO CROMADO 8292 - JOGO RAIO D CG 125/150/160 DISCO INOX 197992 - JOGO RAIO D CG 125/150/160 DISCO ZINCADO 4MM 24516 - JOGO RAIO D CG 125/150/160 DISCO ZINCADO 26833 - JOGO RAIO D NXR 125/150/160 TAMBOR CROMADO 4MM 11066 - JOGO RAIO D NXR 125/150/160 TAMBOR CROMADO 173285 - JOGO RAIO D NXR 125/150/160 TAMBOR INOX 41172 - JOGO RAIO D NXR 125/150/160 TAMBOR ZINCADO 4MM 24514 - JOGO RAIO D NXR 125/150/160 TAMBOR ZINCADO 43134 - JOGO RAIO D NXR 150/160 DISCO CROMADO 4MM 121379 - JOGO RAIO D NXR 150/160 DISCO CROMADO 173286 - JOGO RAIO D NXR 150/160 DISCO INOX 2001 - JOGO RAIO D NXR 150/160 DISCO ZINCADO 4MM 24515 - JOGO RAIO D NXR 150/160 DISCO ZINCADO 26836 - JOGO RAIO D POP 100/110I CROMADO 4MM 121382 - JOGO RAIO D POP 100/110I CROMADO 121391 - JOGO RAIO D POP 100/110I ZINCADO 4MM 24513 - JOGO RAIO D POP 100/110I ZINCADO 197970 - JOGO RAIO D XL/XLR 125 ZINCADO 187251 - JOGO RAIO D XRE 300 CROMADO 4MM 187230 - JOGO RAIO D XRE 300 CROMADO 187229 - JOGO RAIO D XRE 300 INOX 187231 - JOGO RAIO D XRE 300 ZINCADO 187232 - JOGO RAIO D XTZ 125 DISCO CROMADO 187233 - JOGO RAIO D XTZ 125 DISCO ZINCADO 187234 - JOGO RAIO D XTZ 150 CROSSER DISCO CROMADO 187235 - JOGO RAIO D XTZ 150 CROSSER DISCO ZINCADO 187250 - JOGO RAIO D XTZ 250 LANDER DISCO CROMADO 4MM 187236 - JOGO RAIO D XTZ 250 LANDER DISCO CROMADO 187237 - JOGO RAIO D XTZ 250 LANDER DISCO ZINCADO 197980 - JOGO RAIO D YBR 125 DISCO CROMADO 4MM 24487 - JOGO RAIO D YBR 125 DISCO CROMADO 197988 - JOGO RAIO D YBR 125 DISCO ZINCADO 4MM 24510 - JOGO RAIO D YBR 125 DISCO ZINCADO 197978 - JOGO RAIO D YBR 125 TAMBOR CROMADO 4MM 43129 - JOGO RAIO D YBR 125 TAMBOR CROMADO 197986 - JOGO RAIO D YBR 125 TAMBOR ZINCADO 4MM 43130 - JOGO RAIO D YBR 125 TAMBOR ZINCADO 202860 - JOGO RAIO D NX/XR 150/200 ZINC 202863 - JOGO RAIO D NX 400 ZINC 202867 - JOGO RAIO D XR 250 ZINC 202871 - JOGO RAIO D CRF 230/250 ZINC 4MM","26837 - JOGO RAIO D BIZ 100/100I/125 CROMADO 4MM 9372 - JOGO RAIO D BIZ 100/10I/125 CROMADO 121386 - JOGO RAIO D BIZ 100/100I/125 ZINCADO 4MM 121387 - JOGO RAIO D BIZ 100/100I/125 ZINCADO 197982 - JOGO RAIO D CG 125 83/99 CROMADO 4MM 24488 - JOGO RAIO D CG 125 83/99 CROMADO 197990 - JOGO RAIO D CG 125 83/99 ZINCADO 4MM 24511 - JOGO RAIO D CG 125 83/99 ZINCADO 197984 - JOGO RAIO D CG 125/150/160 DISCO CROMADO 4MM 24489 - JOGO RAIO D CG 125/150/160 DISCO CROMADO 8292 - JOGO RAIO D CG 125/150/160 DISCO INOX 197992 - JOGO RAIO D CG 125/150/160 DISCO ZINCADO 4MM 24516 - JOGO RAIO D CG 125/150/160 DISCO ZINCADO 26833 - JOGO RAIO D NXR 125/150/160 TAMBOR CROMADO 4MM 11066 - JOGO RAIO D NXR 125/150/160 TAMBOR CROMADO 173285 - JOGO RAIO D NXR 125/150/160 TAMBOR INOX 41172 - JOGO RAIO D NXR 125/150/160 TAMBOR ZINCADO 4MM 24514 - JOGO RAIO D NXR 125/150/160 TAMBOR ZINCADO 43134 - JOGO RAIO D NXR 150/160 DISCO CROMADO 4MM 121379 - JOGO RAIO D NXR 150/160 DISCO CROMADO 173286 - JOGO RAIO D NXR 150/160 DISCO INOX 2001 - JOGO RAIO D NXR 150/160 DISCO ZINCADO 4MM 24515 - JOGO RAIO D NXR 150/160 DISCO ZINCADO 26836 - JOGO RAIO D POP 100/110I CROMADO 4MM 121382 - JOGO RAIO D POP 100/110I CROMADO 121391 - JOGO RAIO D POP 100/110I ZINCADO 4MM 24513 - JOGO RAIO D POP 100/110I ZINCADO 197970 - JOGO RAIO D XL/XLR 125 ZINCADO 187251 - JOGO RAIO D XRE 300 CROMADO 4MM 187230 - JOGO RAIO D XRE 300 CROMADO 187229 - JOGO RAIO D XRE 300 INOX 187231 - JOGO RAIO D XRE 300 ZINCADO 187232 - JOGO RAIO D XTZ 125 DISCO CROMADO 187233 - JOGO RAIO D XTZ 125 DISCO ZINCADO 187234 - JOGO RAIO D XTZ 150 CROSSER DISCO CROMADO 187235 - JOGO RAIO D XTZ 150 CROSSER DISCO ZINCADO 187250 - JOGO RAIO D XTZ 250 LANDER DISCO CROMADO 4MM 187236 - JOGO RAIO D XTZ 250 LANDER DISCO CROMADO 187237 - JOGO RAIO D XTZ 250 LANDER DISCO ZINCADO 197980 - JOGO RAIO D YBR 125 DISCO CROMADO 4MM 24487 - JOGO RAIO D YBR 125 DISCO CROMADO 197988 - JOGO RAIO D YBR 125 DISCO ZINCADO 4MM 24510 - JOGO RAIO D YBR 125 DISCO ZINCADO 197978 - JOGO RAIO D YBR 125 TAMBOR CROMADO 4MM 43129 - JOGO RAIO D YBR 125 TAMBOR CROMADO 197986 - JOGO RAIO D YBR 125 TAMBOR ZINCADO 4MM 43130 - JOGO RAIO D YBR 125 TAMBOR ZINCADO 202860 - JOGO RAIO D NX/XR 150/200 ZINC 202863 - JOGO RAIO D NX 400 ZINC 202867 - JOGO RAIO D XR 250 ZINC 202871 - JOGO RAIO D CRF 230/250 ZINC 4MM",IRON,"Freios",MOTOCICLO
176606,"26838 - JOGO RAIO T BIZ/POP 100/110I/125 CROMADO 4MM 24518 -","26838 - JOGO RAIO T BIZ/POP 100/110I/125 CROMADO 4MM 24518 - JOGO RAIO T BIZ/POP 100/110I/125 CROMADO 184022 - JOGO RAIO T BIZ/POP 100/110I/125 ZINCADO 4MM 24520 - JOGO RAIO T BIZ/POP 100/110I/125 ZINCADO 26839 - JOGO RAIO T CG 125 00/08 / 150/160 CROMADO 4MM 13655 - JOGO RAIO T CG 125 00/08 / 150/160 CROMADO 173288 - JOGO RAIO T CG 125 00/08 / 150/160 INOX 24522 - JOGO RAIO T CG 125 00/08 / 150/160 ZINCADO 4MM 24512 - JOGO RAIO T CG 125 00/08 / 150/160 ZINCADO 43136 - JOGO RAIO T CG 125 82/99 CROMADO 4MM 14866 - JOGO RAIO T CG 125 82/99 CROMADO 24523 - JOGO RAIO T CG 125 82/99 ZINCADO 4MM 24521 - JOGO RAIO T CG 125 82/99 ZINCADO 43135 - JOGO RAIO T NXR 125/150/160 CROMADO 4MM 24517 - JOGO RAIO T NXR 125/150/160 CROMADO 173287 - JOGO RAIO T NXR 125/150/160 INOX 3502 - JOGO RAIO T NXR 125/150/160 ZINCADO 4MM 24519 - JOGO RAIO T NXR 125/150/160 ZINCADO 187252 - JOGO RAIO T NXR/XRE 160/190 ESDD DISCO CROMADO 4MM 187238 - JOGO RAIO T NXR/XRE 160/190 ESDD DISCO CROMADO 187240 - JOGO RAIO T NXR/XRE 160/190 ESDD DISCO INOX 187253 - JOGO RAIO T NXR/XRE 160/190 ESDD DISCO ZINCADO 4MM 187239 - JOGO RAIO T NXR/XRE 160/190 ESDD DISCO ZINCADO 26834 - JOGO RAIO T XLR 125/NX 150/200 CROMADO 26835 - JOGO RAIO T XLR 125/NX 150/200 ZINCADO 187255 - JOGO RAIO T XRE 300 CROMADO 4MM 187242 - JOGO RAIO T XRE 300 CROMADO 187241 - JOGO RAIO T XRE 300 INOX 187243 - JOGO RAIO T XRE 300 ZINCADO 197976 - JOGO RAIO T XTZ 125 CROMADO 4MM 187244 - JOGO RAIO T XTZ 125 CROMADO 187245 - JOGO RAIO T XTZ 125 ZINCADO 187246 - JOGO RAIO T XTZ 150 CROSSER DISCO CROMADO 187247 - JOGO RAIO T XTZ 150 CROSSER DISCO ZINCADO 197972 - JOGO RAIO T XTZ 150 CROSSER TAMBOR CROMADO 197974 - JOGO RAIO T XTZ 150 CROSSER TAMBOR ZINCADO 187254 - JOGO RAIO T XTZ 250 LANDER DISCO CROMADO 4MM 187248 - JOGO RAIO T XTZ 250 LANDER DISCO CROMADO 187249 - JOGO RAIO T XTZ 250 LANDER DISCO ZINCADO 9071 - JOGO RAIO T YBR 125 CROMADO 4MM 43128 - JOGO RAIO T YBR 125 CROMADO 184023 - JOGO RAIO T YBR 125 ZINCADO 4MM 43131 - JOGO RAIO T YBR 125 ZINCADO 202865 - JOGO RAIO T NX 400 ZINC 202869 - JOGO RAIO T XR 250 ZINC 202873 - JOGO RAIO T CRF 230 ZINC 4MM 202876 - JOGO RAIO T CRF 250F ZINC 4MM","26838 - JOGO RAIO T BIZ/POP 100/110I/125 CROMADO 4MM 24518 - JOGO RAIO T BIZ/POP 100/110I/125 CROMADO 184022 - JOGO RAIO T BIZ/POP 100/110I/125 ZINCADO 4MM 24520 - JOGO RAIO T BIZ/POP 100/110I/125 ZINCADO 26839 - JOGO RAIO T CG 125 00/08 / 150/160 CROMADO 4MM 13655 - JOGO RAIO T CG 125 00/08 / 150/160 CROMADO 173288 - JOGO RAIO T CG 125 00/08 / 150/160 INOX 24522 - JOGO RAIO T CG 125 00/08 / 150/160 ZINCADO 4MM 24512 - JOGO RAIO T CG 125 00/08 / 150/160 ZINCADO 43136 - JOGO RAIO T CG 125 82/99 CROMADO 4MM 14866 - JOGO RAIO T CG 125 82/99 CROMADO 24523 - JOGO RAIO T CG 125 82/99 ZINCADO 4MM 24521 - JOGO RAIO T CG 125 82/99 ZINCADO 43135 - JOGO RAIO T NXR 125/150/160 CROMADO 4MM 24517 - JOGO RAIO T NXR 125/150/160 CROMADO 173287 - JOGO RAIO T NXR 125/150/160 INOX 3502 - JOGO RAIO T NXR 125/150/160 ZINCADO 4MM 24519 - JOGO RAIO T NXR 125/150/160 ZINCADO 187252 - JOGO RAIO T NXR/XRE 160/190 ESDD DISCO CROMADO 4MM 187238 - JOGO RAIO T NXR/XRE 160/190 ESDD DISCO CROMADO 187240 - JOGO RAIO T NXR/XRE 160/190 ESDD DISCO INOX 187253 - JOGO RAIO T NXR/XRE 160/190 ESDD DISCO ZINCADO 4MM 187239 - JOGO RAIO T NXR/XRE 160/190 ESDD DISCO ZINCADO 26834 - JOGO RAIO T XLR 125/NX 150/200 CROMADO 26835 - JOGO RAIO T XLR 125/NX 150/200 ZINCADO 187255 - JOGO RAIO T XRE 300 CROMADO 4MM 187242 - JOGO RAIO T XRE 300 CROMADO 187241 - JOGO RAIO T XRE 300 INOX 187243 - JOGO RAIO T XRE 300 ZINCADO 197976 - JOGO RAIO T XTZ 125 CROMADO 4MM 187244 - JOGO RAIO T XTZ 125 CROMADO 187245 - JOGO RAIO T XTZ 125 ZINCADO 187246 - JOGO RAIO T XTZ 150 CROSSER DISCO CROMADO 187247 - JOGO RAIO T XTZ 150 CROSSER DISCO ZINCADO 197972 - JOGO RAIO T XTZ 150 CROSSER TAMBOR CROMADO 197974 - JOGO RAIO T XTZ 150 CROSSER TAMBOR ZINCADO 187254 - JOGO RAIO T XTZ 250 LANDER DISCO CROMADO 4MM 187248 - JOGO RAIO T XTZ 250 LANDER DISCO CROMADO 187249 - JOGO RAIO T XTZ 250 LANDER DISCO ZINCADO 9071 - JOGO RAIO T YBR 125 CROMADO 4MM 43128 - JOGO RAIO T YBR 125 CROMADO 184023 - JOGO RAIO T YBR 125 ZINCADO 4MM 43131 - JOGO RAIO T YBR 125 ZINCADO 202865 - JOGO RAIO T NX 400 ZINC 202869 - JOGO RAIO T XR 250 ZINC 202873 - JOGO RAIO T CRF 230 ZINC 4MM 202876 - JOGO RAIO T CRF 250F ZINC 4MM",IRON,"Freios",MOTOCICLO
122469,"37","37","37",IRON,"Geral",MOTOCICLO
26647,"CAIXA DIREÇÃO / EIXO","CAIXA DIREÇÃO / EIXO","CAIXA DIREÇÃO / EIXO",IRON,"Caixa de Direção",MOTOCICLO
119777,"CAIXA DIREÇÃO YS 250 FAZER STX 200 ROLAMENTO","CAIXA DIREÇÃO YS 250 FAZER STX 200 ROLAMENTO","CAIXA DIREÇÃO YS 250 FAZER STX 200 ROLAMENTO",IRON,"Caixa de Direção",MOTOCICLO
122471,"CAIXA DIR. YBR/RD DT 180 C/COLAR","CAIXA DIR. YBR/RD DT 180 C/COLAR","CAIXA DIR. YBR/RD DT 180 C/COLAR",IRON,"Caixa de Direção",MOTOCICLO
119757,"CAIXA DIR KAWASAKI NINJA 250/300","CAIXA DIR KAWASAKI NINJA 250/300","CAIXA DIR KAWASAKI NINJA 250/300",IRON,"Caixa de Direção",MOTOCICLO
23265,"CAIXA DIR N-MAX 160 C/COLAR","CAIXA DIR N-MAX 160 C/COLAR","CAIXA DIR N-MAX 160 C/COLAR",IRON,"Caixa de Direção",MOTOCICLO
196827,"CAIXA DIR AN 125 BURGMAN 05/10 C/ COLAR","CAIXA DIR AN 125 BURGMAN 05/10 C/ COLAR","CAIXA DIR AN 125 BURGMAN 05/10 C/ COLAR",IRON,"Caixa de Direção",MOTOCICLO
177158,"CAIXA DIR AN 125 BURGMAN 11/15 C/ COLAR","CAIXA DIR AN 125 BURGMAN 11/15 C/ COLAR","CAIXA DIR AN 125 BURGMAN 11/15 C/ COLAR",IRON,"Caixa de Direção",MOTOCICLO
120054,"CAIXA DIR LEAD 110 C/ COLAR","CAIXA DIR LEAD 110 C/ COLAR","CAIXA DIR LEAD 110 C/ COLAR",IRON,"Caixa de Direção",MOTOCICLO
119778,"CAIXA DIR TRAXX STAR 50 C/ COLAR","CAIXA DIR TRAXX STAR 50 C/ COLAR","CAIXA DIR TRAXX STAR 50 C/ COLAR",IRON,"Caixa de Direção",MOTOCICLO
4184,"CAIXA DIR XTZ 125/150 CROSSER ROLAMENT","CAIXA DIR XTZ 125/150 CROSSER ROLAMENT","CAIXA DIR XTZ 125/150 CROSSER ROLAMENT",IRON,"Caixa de Direção",MOTOCICLO
13977,"CAIXA DIR CBX250 CB 300R/CBR 450/ CB 500 C/COLAR","CAIXA DIR CBX250 CB 300R/CBR 450/ CB 500 C/COLAR","CAIXA DIR CBX250 CB 300R/CBR 450/ CB 500 C/COLAR",IRON,"Caixa de Direção",MOTOCICLO
196218,"CAIXA DIR CG 125 00/12 150 04/12 C/COL","CAIXA DIR CG 125 00/12 150 04/12 C/COL","CAIXA DIR CG 125 00/12 150 04/12 C/COL",IRON,"Caixa de Direção",MOTOCICLO
122453,"CAIXA DIR YBR 125 09 YS 150 FAZER MAX 125 C/COL","CAIXA DIR YBR 125 09 YS 150 FAZER MAX 125 C/COL","CAIXA DIR YBR 125 09 YS 150 FAZER MAX 125 C/COL",IRON,"Caixa de Direção",MOTOCICLO
196239,"CAIXA DIR YES INTRUDER 125 SPEED 150 C/ COL","CAIXA DIR YES INTRUDER 125 SPEED 150 C/ COL","CAIXA DIR YES INTRUDER 125 SPEED 150 C/ COL",IRON,"Caixa de Direção",MOTOCICLO
196233,"CAIXA DIR. CG 125 82/99 C/COLAR","CAIXA DIR. CG 125 82/99 C/COLAR","CAIXA DIR. CG 125 82/99 C/COLAR",IRON,"Caixa de Direção",MOTOCICLO
196225,"CAIXA DIR. XLR NXR/NX 125 150/200 C/COL","CAIXA DIR. XLR NXR/NX 125 150/200 C/COL","CAIXA DIR. XLR NXR/NX 125 150/200 C/COL",IRON,"Caixa de Direção",MOTOCICLO
196216,"CAIXA DIR BIZ/POP PHOENIX 50 COL","CAIXA DIR BIZ/POP PHOENIX 50 COL","CAIXA DIR BIZ/POP PHOENIX 50 COL",IRON,"Caixa de Direção",MOTOCICLO
196221,"EIXO BALANÇA CG 125 90/99 COMPLETO","EIXO BALANÇA CG 125 90/99 COMPLETO","EIXO BALANÇA CG 125 90/99 COMPLETO",IRON,"Eixos",MOTOCICLO
196223,"EIXO BALANÇA CG 150/160 ESD EX 09/18 COMPLETO","EIXO BALANÇA CG 150/160 ESD EX 09/18 COMPLETO","EIXO BALANÇA CG 150/160 ESD EX 09/18 COMPLETO",IRON,"Eixos",MOTOCICLO
196236,"EIXO BALANÇA DAFRA SPEED 150 COMPLETO","EIXO BALANÇA DAFRA SPEED 150 COMPLETO","EIXO BALANÇA DAFRA SPEED 150 COMPLETO",IRON,"Eixos",MOTOCICLO
196825,"EIXO BALANÇA NXR 125/150/160 CRF 230/XRE 190 C/ BUCHA","EIXO BALANÇA NXR 125/150/160 CRF 230/XRE 190 C/ BUCHA","EIXO BALANÇA NXR 125/150/160 CRF 230/XRE 190 C/ BUCHA",IRON,"Eixos",MOTOCICLO
122461,"EIXO BALANÇA PHOENIX GOLD 50","EIXO BALANÇA PHOENIX GOLD 50","EIXO BALANÇA PHOENIX GOLD 50",IRON,"Eixos",MOTOCICLO
122460,"EIXO BALANÇA PHOENIX GOLD 50 C/ BUCHAS","EIXO BALANÇA PHOENIX GOLD 50 C/ BUCHAS","EIXO BALANÇA PHOENIX GOLD 50 C/ BUCHAS",IRON,"Eixos",MOTOCICLO
184811,"EIXO BALANÇA POP 100 110I COMPLETO","EIXO BALANÇA POP 100 110I COMPLETO","EIXO BALANÇA POP 100 110I COMPLETO",IRON,"Eixos",MOTOCICLO
186248,"EIXO BALANÇA TRAXX JL-50 COMPLETO","EIXO BALANÇA TRAXX JL-50 COMPLETO","EIXO BALANÇA TRAXX JL-50 COMPLETO",IRON,"Eixos",MOTOCICLO
176102,"EIXO BALANÇA XLR 125/NX XR 150/200 COMPLETO","EIXO BALANÇA XLR 125/NX XR 150/200 COMPLETO","EIXO BALANÇA XLR 125/NX XR 150/200 COMPLETO",IRON,"Eixos",MOTOCICLO
190447,"EIXO BALANÇA BIZ 125 06/10 COMP","EIXO BALANÇA BIZ 125 06/10 COMP","EIXO BALANÇA BIZ 125 06/10 COMP",IRON,"Eixos",MOTOCICLO
197584,"EIXO BALANÇA XTZ 150 CROSSER COMPLETO","EIXO BALANÇA XTZ 150 CROSSER COMPLETO","EIXO BALANÇA XTZ 150 CROSSER COMPLETO",IRON,"Eixos",MOTOCICLO
26556,"EIXO BALANÇA BIZ 100 99/05 DAFRA SUPER 100 COMP","EIXO BALANÇA BIZ 100 99/05 DAFRA SUPER 100 COMP","EIXO BALANÇA BIZ 100 99/05 DAFRA SUPER 100 COMP",IRON,"Eixos",MOTOCICLO
197583,"EIXO BALANÇA CBX 250 CB 250F / 300R C/ROLAMENTO","EIXO BALANÇA CBX 250 CB 250F / 300R C/ROLAMENTO","EIXO BALANÇA CBX 250 CB 250F / 300R C/ROLAMENTO",IRON,"Eixos",MOTOCICLO
197193,"EIXO BALANÇA CG 125 82/89 COMP","EIXO BALANÇA CG 125 82/89 COMP","EIXO BALANÇA CG 125 82/89 COMP",IRON,"Eixos",MOTOCICLO
197581,"EIXO BALANÇA CG 150 KS ES 04/08 COMP","EIXO BALANÇA CG 150 KS ES 04/08 COMP","EIXO BALANÇA CG 150 KS ES 04/08 COMP",IRON,"Eixos",MOTOCICLO
119792,"EIXO BALANÇA XTZ 125 COMPLETO","EIXO BALANÇA XTZ 125 COMPLETO","EIXO BALANÇA XTZ 125 COMPLETO",IRON,"Eixos",MOTOCICLO
195476,"38","38","38",IRON,"Geral",MOTOCICLO
195474,"EIXO","EIXO","EIXO",IRON,"Eixos",MOTOCICLO
195475,"EIXO BALANÇA PHOENIX GOLD 50 C/ BUCHAS","EIXO BALANÇA PHOENIX GOLD 50 C/ BUCHAS","EIXO BALANÇA PHOENIX GOLD 50 C/ BUCHAS",IRON,"Eixos",MOTOCICLO
195473,"EIXO BALANÇA XR 250 / XRE 300 COMP","EIXO BALANÇA XR 250 / XRE 300 COMP","EIXO BALANÇA XR 250 / XRE 300 COMP",IRON,"Eixos",MOTOCICLO
196821,"EIXO BALANÇA YS 250 FAZER 06/17 COMP","EIXO BALANÇA YS 250 FAZER 06/17 COMP","EIXO BALANÇA YS 250 FAZER 06/17 COMP",IRON,"Eixos",MOTOCICLO
196826,"EIXO BALANÇA JET 50","EIXO BALANÇA JET 50","EIXO BALANÇA JET 50",IRON,"Eixos",MOTOCICLO
185358,"EIXO BALANÇA XTZ 250 LANDER COMP","EIXO BALANÇA XTZ 250 LANDER COMP","EIXO BALANÇA XTZ 250 LANDER COMP",IRON,"Eixos",MOTOCICLO
191542,"EIXO BALANÇA YBR 125 COMP","EIXO BALANÇA YBR 125 COMP","EIXO BALANÇA YBR 125 COMP",IRON,"Eixos",MOTOCICLO
191543,"EIXO BALANÇA YS 150 FAZER YBR 125I 150 FACTOR COMP","EIXO BALANÇA YS 150 FAZER YBR 125I 150 FACTOR COMP","EIXO BALANÇA YS 150 FAZER YBR 125I 150 FACTOR COMP",IRON,"Eixos",MOTOCICLO
185351,"EIXO BALANÇA YES 125 COMP","EIXO BALANÇA YES 125 COMP","EIXO BALANÇA YES 125 COMP",IRON,"Eixos",MOTOCICLO
196822,"EIXO CAVALETE CENTRAL CG 125 82/99","EIXO CAVALETE CENTRAL CG 125 82/99","EIXO CAVALETE CENTRAL CG 125 82/99",IRON,"Eixos",MOTOCICLO
196814,"EIXO CAVALETE CENTRAL CG 125/150","EIXO CAVALETE CENTRAL CG 125/150","EIXO CAVALETE CENTRAL CG 125/150",IRON,"Eixos",MOTOCICLO
196815,"EIXO CAV. CENTRAL JET 50","EIXO CAV. CENTRAL JET 50","EIXO CAV. CENTRAL JET 50",IRON,"Eixos",MOTOCICLO
122451,"EIXO CAVALETE CENTRAL CG 150 15/160","EIXO CAVALETE CENTRAL CG 150 15/160","EIXO CAVALETE CENTRAL CG 150 15/160",IRON,"Eixos",MOTOCICLO
45587,"EIXO CAVALETE CENTRAL POP 110I 16/18","EIXO CAVALETE CENTRAL POP 110I 16/18","EIXO CAVALETE CENTRAL POP 110I 16/18",IRON,"Eixos",MOTOCICLO
196273,"EIXO CAVALETE CENTRAL YBR 125 00/08","EIXO CAVALETE CENTRAL YBR 125 00/08","EIXO CAVALETE CENTRAL YBR 125 00/08",IRON,"Eixos",MOTOCICLO
185131,"EIXO CAVALETE CENTRAL BIZ 100 99/05 POP 100","EIXO CAVALETE CENTRAL BIZ 100 99/05 POP 100","EIXO CAVALETE CENTRAL BIZ 100 99/05 POP 100",IRON,"Eixos",MOTOCICLO
196270,"EIXO CAV. CENTRAL PHOENIX 50","EIXO CAV. CENTRAL PHOENIX 50","EIXO CAV. CENTRAL PHOENIX 50",IRON,"Eixos",MOTOCICLO
188244,"EIXO RODA JET 50 TRAS.","EIXO RODA JET 50 TRAS.","EIXO RODA JET 50 TRAS.",IRON,"Eixos",MOTOCICLO
185511,"EIXO RODA CG 125 00/13 DIANTEIRO C/PORCA","EIXO RODA CG 125 00/13 DIANTEIRO C/PORCA","EIXO RODA CG 125 00/13 DIANTEIRO C/PORCA",IRON,"Eixos",MOTOCICLO
185133,"EIXO RODA PHOENIX 50 DIANTEIRO","EIXO RODA PHOENIX 50 DIANTEIRO","EIXO RODA PHOENIX 50 DIANTEIRO",IRON,"Eixos",MOTOCICLO
185135,"EIXO RODA JET 50 DIANT.","EIXO RODA JET 50 DIANT.","EIXO RODA JET 50 DIANT.",IRON,"Eixos",MOTOCICLO
196298,"EIXO RODA CG 125 77/99 DIANT C/ PORCA","EIXO RODA CG 125 77/99 DIANT C/ PORCA","EIXO RODA CG 125 77/99 DIANT C/ PORCA",IRON,"Eixos",MOTOCICLO
196285,"EIXO RODA CG 150/160 04/18 TRAS C/ PORCA","EIXO RODA CG 150/160 04/18 TRAS C/ PORCA","EIXO RODA CG 150/160 04/18 TRAS C/ PORCA",IRON,"Eixos",MOTOCICLO
196544,"EIXO RODA INTRUDER 125 TRAS C/ PORCA","EIXO RODA INTRUDER 125 TRAS C/ PORCA","EIXO RODA INTRUDER 125 TRAS C/ PORCA",IRON,"Eixos",MOTOCICLO
196292,"EIXO RODA NXR 125/150/160 XRE 190 TRAS. C/ PORCA","EIXO RODA NXR 125/150/160 XRE 190 TRAS. C/ PORCA","EIXO RODA NXR 125/150/160 XRE 190 TRAS. C/ PORCA",IRON,"Eixos",MOTOCICLO
196282,"EIXO RODA NXR 125/150/160 XRE 190 YES 125 DIANT C/ PORCA","EIXO RODA NXR 125/150/160 XRE 190 YES 125 DIANT C/ PORCA","EIXO RODA NXR 125/150/160 XRE 190 YES 125 DIANT C/ PORCA",IRON,"Eixos",MOTOCICLO
196538,"EIXO RODA POP 100 110I TRAS. C/ PORCA","EIXO RODA POP 100 110I TRAS. C/ PORCA","EIXO RODA POP 100 110I TRAS. C/ PORCA",IRON,"Eixos",MOTOCICLO
185129,"EIXO RODA XLR/NX XR 125/150/200 TRAS C/ PORCA","EIXO RODA XLR/NX XR 125/150/200 TRAS C/ PORCA","EIXO RODA XLR/NX XR 125/150/200 TRAS C/ PORCA",IRON,"Eixos",MOTOCICLO
196523,"EIXO RODA XR/XRE 200 250/300 D","EIXO RODA XR/XRE 200 250/300 D","EIXO RODA XR/XRE 200 250/300 D",IRON,"Eixos",MOTOCICLO
196295,"EIXO RODA XTZ 125 TRAS. C/ PORCA","EIXO RODA XTZ 125 TRAS. C/ PORCA","EIXO RODA XTZ 125 TRAS. C/ PORCA",IRON,"Eixos",MOTOCICLO
196526,"EIXO RODA XTZ 125/XT 225 TTR 230 DIANT. C/ PORCA","EIXO RODA XTZ 125/XT 225 TTR 230 DIANT. C/ PORCA","EIXO RODA XTZ 125/XT 225 TTR 230 DIANT. C/ PORCA",IRON,"Eixos",MOTOCICLO
196535,"EIXO RODA XTZ 250 LANDER DIANT C/ PORCA","EIXO RODA XTZ 250 LANDER DIANT C/ PORCA","EIXO RODA XTZ 250 LANDER DIANT C/ PORCA",IRON,"Eixos",MOTOCICLO
196279,"EIXO RODA XTZ 250 LANDER TRAS. C/ PORCA","EIXO RODA XTZ 250 LANDER TRAS. C/ PORCA","EIXO RODA XTZ 250 LANDER TRAS. C/ PORCA",IRON,"Eixos",MOTOCICLO
196831,"39","39","39",IRON,"Geral",MOTOCICLO
196550,"EIXO","EIXO","EIXO",IRON,"Eixos",MOTOCICLO
13536,"EIXO RODA BIZ 100/125 DIANT TRASEIRO C/PORCA","EIXO RODA BIZ 100/125 DIANT TRASEIRO C/PORCA","EIXO RODA BIZ 100/125 DIANT TRASEIRO C/PORCA",IRON,"Eixos",MOTOCICLO
196276,"EIXO RODA CG 125 00/13 TRAS. C/PORCA","EIXO RODA CG 125 00/13 TRAS. C/PORCA","EIXO RODA CG 125 00/13 TRAS. C/PORCA",IRON,"Eixos",MOTOCICLO
196532,"EIXO RODA YBR 125 EK DIANT C/PORCA","EIXO RODA YBR 125 EK DIANT C/PORCA","EIXO RODA YBR 125 EK DIANT C/PORCA",IRON,"Eixos",MOTOCICLO
196547,"EIXO RODA CBX XR 250/CB 300 TRAS C/PORCA","EIXO RODA CBX XR 250/CB 300 TRAS C/PORCA","EIXO RODA CBX XR 250/CB 300 TRAS C/PORCA",IRON,"Eixos",MOTOCICLO
14283,"EIXO RODA CBX 250 CB 300 DIANT C/PORTA","EIXO RODA CBX 250 CB 300 DIANT C/PORTA","EIXO RODA CBX 250 CB 300 DIANT C/PORTA",IRON,"Eixos",MOTOCICLO
13017,"EIXO RODA TRAXX JL-50 TRA C/ PORCA","EIXO RODA TRAXX JL-50 TRA C/ PORCA","EIXO RODA TRAXX JL-50 TRA C/ PORCA",IRON,"Eixos",MOTOCICLO
185137,"EIXO RODA PHOENIX GOLD 50 TRAS","EIXO RODA PHOENIX GOLD 50 TRAS","EIXO RODA PHOENIX GOLD 50 TRAS",IRON,"Eixos",MOTOCICLO
196541,"EIXO RODA YBR 125 EK DIANT. C/ PORCA","EIXO RODA YBR 125 EK DIANT. C/ PORCA","EIXO RODA YBR 125 EK DIANT. C/ PORCA",IRON,"Eixos",MOTOCICLO
196556,"EIXO RODA YBR 125 TRAS. C/ PORCA","EIXO RODA YBR 125 TRAS. C/ PORCA","EIXO RODA YBR 125 TRAS. C/ PORCA",IRON,"Eixos",MOTOCICLO
196529,"EIXO RODA YS 150 FAZER YBR 150 FACTOR TRAS. C/ PORCA","EIXO RODA YS 150 FAZER YBR 150 FACTOR TRAS. C/ PORCA","EIXO RODA YS 150 FAZER YBR 150 FACTOR TRAS. C/ PORCA",IRON,"Eixos",MOTOCICLO
196813,"EIXO BALANÇA XLS 125 COMP.","EIXO BALANÇA XLS 125 COMP.","EIXO BALANÇA XLS 125 COMP.",IRON,"Eixos",MOTOCICLO
202769,"EIXO T QUADRICICLO HONDA 420 14/23","EIXO T QUADRICICLO HONDA 420 14/23","EIXO T QUADRICICLO HONDA 420 14/23",IRON,"Eixos",MOTOCICLO
196553,"EIXO T QUADRICICLO FOURTRAX 420 08/13","EIXO T QUADRICICLO FOURTRAX 420 08/13","EIXO T QUADRICICLO FOURTRAX 420 08/13",IRON,"Eixos",MOTOCICLO
202388,"EIXO PATIM FR NXR 125/150/160 DIANT","EIXO PATIM FR NXR 125/150/160 DIANT","EIXO PATIM FR NXR 125/150/160 DIANT",IRON,"Eixos",MOTOCICLO
185323,"EIXO PITIM FR BIZ POP 100/125/110I DIANT/TRAS","EIXO PITIM FR BIZ POP 100/125/110I DIANT/TRAS","EIXO PITIM FR BIZ POP 100/125/110I DIANT/TRAS",IRON,"Eixos",MOTOCICLO
196802,"EIXO PATIM FR CG 125 00/08 150/160 DIANT","EIXO PATIM FR CG 125 00/08 150/160 DIANT","EIXO PATIM FR CG 125 00/08 150/160 DIANT",IRON,"Eixos",MOTOCICLO
191546,"EIXO PATIM FR YBR 125 YS 150 FAZER DIANT/TRAS","EIXO PATIM FR YBR 125 YS 150 FAZER DIANT/TRAS","EIXO PATIM FR YBR 125 YS 150 FAZER DIANT/TRAS",IRON,"Eixos",MOTOCICLO
196475,"EIXO PATIM FR CG 125 83/99 DIANT/TRANS","EIXO PATIM FR CG 125 83/99 DIANT/TRANS","EIXO PATIM FR CG 125 83/99 DIANT/TRANS",IRON,"Eixos",MOTOCICLO
185100,"EIXO PATIM FR NXR 125 150/160/XLR 125 NX 150/200 TRAS","EIXO PATIM FR NXR 125 150/160/XLR 125 NX 150/200 TRAS","EIXO PATIM FR NXR 125 150/160/XLR 125 NX 150/200 TRAS",IRON,"Eixos",MOTOCICLO
196255,"EIXO RODA YBR 125 ED YS 150 FAZER DIANT. C/ PORCA","EIXO RODA YBR 125 ED YS 150 FAZER DIANT. C/ PORCA","EIXO RODA YBR 125 ED YS 150 FAZER DIANT. C/ PORCA",IRON,"Eixos",MOTOCICLO
196258,"EIXO PATIM FR YES 125 TRAS","EIXO PATIM FR YES 125 TRAS","EIXO PATIM FR YES 125 TRAS",IRON,"Eixos",MOTOCICLO
4718,"EIXO ÁRVORE COM CG 125 83/99","EIXO ÁRVORE COM CG 125 83/99","EIXO ÁRVORE COM CG 125 83/99",IRON,"Eixos",MOTOCICLO
177196,"EIXO ARVORE COM CG 125 00/08","EIXO ARVORE COM CG 125 00/08","EIXO ARVORE COM CG 125 00/08",IRON,"Eixos",MOTOCICLO
196251,"EIXO COROA JET/PHOENIX 50 XY 50-Q","EIXO COROA JET/PHOENIX 50 XY 50-Q","EIXO COROA JET/PHOENIX 50 XY 50-Q",IRON,"Eixos",MOTOCICLO
197543,"EIXO BRAÇO OSCILANTE CG 125","EIXO BRAÇO OSCILANTE CG 125","EIXO BRAÇO OSCILANTE CG 125",IRON,"Eixos",MOTOCICLO
197544,"40","40","40",IRON,"Geral",MOTOCICLO
197550,"CHASSI","CHASSI","CHASSI",IRON,"Chassi",MOTOCICLO
197548,"BALANÇA JET 50","BALANÇA JET 50","BALANÇA JET 50",IRON,"Chassi",MOTOCICLO
197541,"BALANÇA PHOENIX GOLD 50","BALANÇA PHOENIX GOLD 50","BALANÇA PHOENIX GOLD 50",IRON,"Chassi",MOTOCICLO
196307,"CAVALETE CENTRAL PHOENIX 50","CAVALETE CENTRAL PHOENIX 50","CAVALETE CENTRAL PHOENIX 50",IRON,"Chassi",MOTOCICLO
196245,"CAVALETE LAT JET 50","CAVALETE LAT JET 50","CAVALETE LAT JET 50",IRON,"Chassi",MOTOCICLO
196469,"CONTRA PORCA DIR. PHOENIX 50","CONTRA PORCA DIR. PHOENIX 50","CONTRA PORCA DIR. PHOENIX 50",IRON,"Parafusos e Porcas",MOTOCICLO
196472,"CONTRA PORCA DIR. JET 50 KIT","CONTRA PORCA DIR. JET 50 KIT","CONTRA PORCA DIR. JET 50 KIT",IRON,"Parafusos e Porcas",MOTOCICLO
6127,"SUPORTE PEDALEIRA NXR 150 09/14","SUPORTE PEDALEIRA NXR 150 09/14","SUPORTE PEDALEIRA NXR 150 09/14",IRON,"Chassi/Suportes",MOTOCICLO
185356,"ESTRIBO CG 125 82/99 AUX. MACIÇO","ESTRIBO CG 125 82/99 AUX. MACIÇO","ESTRIBO CG 125 82/99 AUX. MACIÇO",IRON,"Geral",MOTOCICLO
196828,"SUPORTE PEDALEIRA PHOENIX 50 DIR.","SUPORTE PEDALEIRA PHOENIX 50 DIR.","SUPORTE PEDALEIRA PHOENIX 50 DIR.",IRON,"Chassi/Suportes",MOTOCICLO
196829,"SUPORTE PEDALEIRA PHOENIX 50 ESQ.","SUPORTE PEDALEIRA PHOENIX 50 ESQ.","SUPORTE PEDALEIRA PHOENIX 50 ESQ.",IRON,"Chassi/Suportes",MOTOCICLO
185354,"MESA GUIDÃO PHOENIX GOLD 50 INF","MESA GUIDÃO PHOENIX GOLD 50 INF","MESA GUIDÃO PHOENIX GOLD 50 INF",IRON,"Chassi/Guidão",MOTOCICLO
119749,"MESA GUIDÃO SHINERAY XY 50-Q INF","MESA GUIDÃO SHINERAY XY 50-Q INF","MESA GUIDÃO SHINERAY XY 50-Q INF",IRON,"Chassi/Guidão",MOTOCICLO
185178,"MESA GUIDÃO CG 125 00/08","MESA GUIDÃO CG 125 00/08","MESA GUIDÃO CG 125 00/08",IRON,"Chassi/Guidão",MOTOCICLO
122458,"MESA GUIDÃO JET 50/50X/125X JET/PHOENIX+ 50 INF.","MESA GUIDÃO JET 50/50X/125X JET/PHOENIX+ 50 INF.","MESA GUIDÃO JET 50/50X/125X JET/PHOENIX+ 50 INF.",IRON,"Chassi/Guidão",MOTOCICLO
17532,"MESA GUIDÃO POP 100 110I INF","MESA GUIDÃO POP 100 110I INF","MESA GUIDÃO POP 100 110I INF",IRON,"Chassi/Guidão",MOTOCICLO
121910,"MESA GUIDÃO CG 125 09/13 INF","MESA GUIDÃO CG 125 09/13 INF","MESA GUIDÃO CG 125 09/13 INF",IRON,"Chassi/Guidão",MOTOCICLO
45574,"MESA GUIDÃO JET 50/50X/125X JET/PHOENIX+ 50 INF.","MESA GUIDÃO JET 50/50X/125X JET/PHOENIX+ 50 INF.","MESA GUIDÃO JET 50/50X/125X JET/PHOENIX+ 50 INF.",IRON,"Chassi/Guidão",MOTOCICLO
122456,"MESA GUIDÃO CG 125 82/99 INF","MESA GUIDÃO CG 125 82/99 INF","MESA GUIDÃO CG 125 82/99 INF",IRON,"Chassi/Guidão",MOTOCICLO
43591,"MESA GUIDÃO CG 150 04/08 FAN 150 09/13","MESA GUIDÃO CG 150 04/08 FAN 150 09/13","MESA GUIDÃO CG 150 04/08 FAN 150 09/13",IRON,"Chassi/Guidão",MOTOCICLO
185093,"MESA GUIDÃO YBR 125 00/08 INF","MESA GUIDÃO YBR 125 00/08 INF","MESA GUIDÃO YBR 125 00/08 INF",IRON,"Chassi/Guidão",MOTOCICLO
39958,"MESA GUIDÃO CG 150 09/13 INF","MESA GUIDÃO CG 150 09/13 INF","MESA GUIDÃO CG 150 09/13 INF",IRON,"Chassi/Guidão",MOTOCICLO
123110,"SUPORTE RABETA CG 125 00/08","SUPORTE RABETA CG 125 00/08","SUPORTE RABETA CG 125 00/08",IRON,"Chassi/Suportes",MOTOCICLO
39960,"ALÇA BANCO JET 50/50X 125X ESQ","ALÇA BANCO JET 50/50X 125X ESQ","ALÇA BANCO JET 50/50X 125X ESQ",IRON,"Banco/Proteção",MOTOCICLO
23733,"ALÇA BANCO JET 50/50X 125X DIR","ALÇA BANCO JET 50/50X 125X DIR","ALÇA BANCO JET 50/50X 125X DIR",IRON,"Banco/Proteção",MOTOCICLO
39959,"ALÇA BANCO CB 300R PRATA PAR","ALÇA BANCO CB 300R PRATA PAR","ALÇA BANCO CB 300R PRATA PAR",IRON,"Banco/Proteção",MOTOCICLO
39945,"ALCA BANCO CG 150 04/08 QUADRADA ALTA CROMADA","ALCA BANCO CG 150 04/08 QUADRADA ALTA CROMADA","ALCA BANCO CG 150 04/08 QUADRADA ALTA CROMADA",IRON,"Banco/Proteção",MOTOCICLO
39943,"ALÇA BANCO CG 125/150 14 FAN 160 BICUDA PRETA","ALÇA BANCO CG 125/150 14 FAN 160 BICUDA PRETA","ALÇA BANCO CG 125/150 14 FAN 160 BICUDA PRETA",IRON,"Banco/Proteção",MOTOCICLO
16351,"ALÇA BANCO CG 125/150 14 FAN 160 QUADRADA ALTA CROMADA","ALÇA BANCO CG 125/150 14 FAN 160 QUADRADA ALTA CROMADA","ALÇA BANCO CG 125/150 14 FAN 160 QUADRADA ALTA CROMADA",IRON,"Banco/Proteção",MOTOCICLO
122786,"ALÇA BRANCO CG CG 125 00/08 QUADRADA ALTA PRETA","ALÇA BRANCO CG CG 125 00/08 QUADRADA ALTA PRETA","ALÇA BRANCO CG CG 125 00/08 QUADRADA ALTA PRETA",IRON,"Geral",MOTOCICLO
39953,"ALÇA BANCO CG 125/150 14 FAN 160 BICUDA CROMADA","ALÇA BANCO CG 125/150 14 FAN 160 BICUDA CROMADA","ALÇA BANCO CG 125/150 14 FAN 160 BICUDA CROMADA",IRON,"Banco/Proteção",MOTOCICLO
39964,"ALÇA BANCO CG 150 04/08 QUADRADA","ALÇA BANCO CG 150 04/08 QUADRADA","ALÇA BANCO CG 150 04/08 QUADRADA",IRON,"Banco/Proteção",MOTOCICLO
39954,"ALÇA BANCO POP 100 QUADRADA ALTA CROMADA","ALÇA BANCO POP 100 QUADRADA ALTA CROMADA","ALÇA BANCO POP 100 QUADRADA ALTA CROMADA",IRON,"Banco/Proteção",MOTOCICLO
43759,"41","41","41",IRON,"Geral",MOTOCICLO
39938,"CHASSI","CHASSI","CHASSI",IRON,"Chassi",MOTOCICLO
26824,"ALÇA BANCO POP 100 QUADRADA ALTA PRETA","ALÇA BANCO POP 100 QUADRADA ALTA PRETA","ALÇA BANCO POP 100 QUADRADA ALTA PRETA",IRON,"Banco/Proteção",MOTOCICLO
39963,"BAGAGEIRO PHOENIX 50","BAGAGEIRO PHOENIX 50","BAGAGEIRO PHOENIX 50",IRON,"Geral",MOTOCICLO
46661,"MESA GUIDÃO CG 150/160 MOD CB 250F VERMELHA","MESA GUIDÃO CG 150/160 MOD CB 250F VERMELHA","MESA GUIDÃO CG 150/160 MOD CB 250F VERMELHA",IRON,"Chassi/Guidão",MOTOCICLO
122784,"MESA GUIDÃO CG 150/160 MOD CB 250F PRETO","MESA GUIDÃO CG 150/160 MOD CB 250F PRETO","MESA GUIDÃO CG 150/160 MOD CB 250F PRETO",IRON,"Chassi/Guidão",MOTOCICLO
9501,"MESA GUIDÃO CG 150/160 MOD CB 250F AZUL","MESA GUIDÃO CG 150/160 MOD CB 250F AZUL","MESA GUIDÃO CG 150/160 MOD CB 250F AZUL",IRON,"Chassi/Guidão",MOTOCICLO
39940,"MESA GUIDÃO CG 150/160 MOD CB 250F CROMADA","MESA GUIDÃO CG 150/160 MOD CB 250F CROMADA","MESA GUIDÃO CG 150/160 MOD CB 250F CROMADA",IRON,"Chassi/Guidão",MOTOCICLO
26825,"ALONGADOR NXR 125/150/160 CBX 250/CB 300 TRAS","ALONGADOR NXR 125/150/160 CBX 250/CB 300 TRAS","ALONGADOR NXR 125/150/160 CBX 250/CB 300 TRAS",IRON,"Geral",MOTOCICLO
6463,"SUPORTE PARALAMA DIANT CG 125 14 ESQ","SUPORTE PARALAMA DIANT CG 125 14 ESQ","SUPORTE PARALAMA DIANT CG 125 14 ESQ",IRON,"Chassi/Suportes",MOTOCICLO
43761,"SUPORTE PARALAMA DIANT CG 125 14 DIR","SUPORTE PARALAMA DIANT CG 125 14 DIR","SUPORTE PARALAMA DIANT CG 125 14 DIR",IRON,"Chassi/Suportes",MOTOCICLO
39955,"SUPORTE MOLA CENTRAL BIZ 100/125","SUPORTE MOLA CENTRAL BIZ 100/125","SUPORTE MOLA CENTRAL BIZ 100/125",IRON,"Chassi/Suportes",MOTOCICLO
1045,"SUPORTE MOLA CENTRAL CG 125 77/99","SUPORTE MOLA CENTRAL CG 125 77/99","SUPORTE MOLA CENTRAL CG 125 77/99",IRON,"Chassi/Suportes",MOTOCICLO
13642,"SUPORTE MOLA CENTRAL CG 125/150 00/12","SUPORTE MOLA CENTRAL CG 125/150 00/12","SUPORTE MOLA CENTRAL CG 125/150 00/12",IRON,"Chassi/Suportes",MOTOCICLO
39962,"SUPORTE MOL CENTRAL CG 150 13/15","SUPORTE MOL CENTRAL CG 150 13/15","SUPORTE MOL CENTRAL CG 150 13/15",IRON,"Chassi/Suportes",MOTOCICLO
39956,"TRAVA RETENTOR GARFO CG 125","TRAVA RETENTOR GARFO CG 125","TRAVA RETENTOR GARFO CG 125",IRON,"Ignição/Travas",MOTOCICLO
39946,"TRAVA RETENTOR BENGALA CG NXR 125/150/160","TRAVA RETENTOR BENGALA CG NXR 125/150/160","TRAVA RETENTOR BENGALA CG NXR 125/150/160",IRON,"Ignição/Travas",MOTOCICLO
39952,"EIXO COROA BIZ/DREAM 100 SHINERAY JONNY HYPE 50","EIXO COROA BIZ/DREAM 100 SHINERAY JONNY HYPE 50","EIXO COROA BIZ/DREAM 100 SHINERAY JONNY HYPE 50",IRON,"Eixos",MOTOCICLO
39937,"BUCHA ESPACADORA EIXO BALANCA XLR/NX/XR 125/150/200 FERRO","BUCHA ESPACADORA EIXO BALANCA XLR/NX/XR 125/150/200 FERRO","BUCHA ESPACADORA EIXO BALANCA XLR/NX/XR 125/150/200 FERRO",IRON,"Borrachas/Buchas",MOTOCICLO
43763,"BUCHA ESPACADORA EIXO BALANÇA XR250/XRE300","BUCHA ESPACADORA EIXO BALANÇA XR250/XRE300","BUCHA ESPACADORA EIXO BALANÇA XR250/XRE300",IRON,"Borrachas/Buchas",MOTOCICLO
26525,"SUPORTE MOLA CENTRAL CG 160","SUPORTE MOLA CENTRAL CG 160","SUPORTE MOLA CENTRAL CG 160",IRON,"Chassi/Suportes",MOTOCICLO
43762,"BUCHA ESPACADORA EIXO BALANCA NXR 125/150/160 AÇO","BUCHA ESPACADORA EIXO BALANCA NXR 125/150/160 AÇO","BUCHA ESPACADORA EIXO BALANCA NXR 125/150/160 AÇO",IRON,"Borrachas/Buchas",MOTOCICLO
15414,"BUCHA ESPACADORA EIXO BALANÇA YS 250 FAZER 05","BUCHA ESPACADORA EIXO BALANÇA YS 250 FAZER 05","BUCHA ESPACADORA EIXO BALANÇA YS 250 FAZER 05",IRON,"Borrachas/Buchas",MOTOCICLO
43760,"BUCHA BALANÇA BIZ 100/125 FERRO/BOR JG","BUCHA BALANÇA BIZ 100/125 FERRO/BOR JG","BUCHA BALANÇA BIZ 100/125 FERRO/BOR JG",IRON,"Borrachas/Buchas",MOTOCICLO
39951,"BUCHA BALANÇA CG 125 82/89 POP 100 FERRO BOR JG","BUCHA BALANÇA CG 125 82/89 POP 100 FERRO BOR JG","BUCHA BALANÇA CG 125 82/89 POP 100 FERRO BOR JG",IRON,"Borrachas/Buchas",MOTOCICLO
39947,"ESPAÇADOR NXR 150 03/09 ESD DIANT.","ESPAÇADOR NXR 150 03/09 ESD DIANT.","ESPAÇADOR NXR 150 03/09 ESD DIANT.",IRON,"Geral",MOTOCICLO
26823,"ESPAÇADOR CG 150 DIANT DIR","ESPAÇADOR CG 150 DIANT DIR","ESPAÇADOR CG 150 DIANT DIR",IRON,"Geral",MOTOCICLO
122787,"ESPAÇADOR CG 125 77/99 TRAS INT","ESPAÇADOR CG 125 77/99 TRAS INT","ESPAÇADOR CG 125 77/99 TRAS INT",IRON,"Geral",MOTOCICLO
122780,"ESPAÇADOR CG 150 TRAS. INT","ESPAÇADOR CG 150 TRAS. INT","ESPAÇADOR CG 150 TRAS. INT",IRON,"Geral",MOTOCICLO
39957,"42","42","42",IRON,"Geral",MOTOCICLO
45332,"CHASSI","CHASSI","CHASSI",IRON,"Chassi",MOTOCICLO
119906,"ESPAÇADOR BIZ 125/110I/100 13/15 COROA","ESPAÇADOR BIZ 125/110I/100 13/15 COROA","ESPAÇADOR BIZ 125/110I/100 13/15 COROA",IRON,"Transmissão/Motor",MOTOCICLO
189269,"ESPAÇADOR POP 100 110I TRAS DIR","ESPAÇADOR POP 100 110I TRAS DIR","ESPAÇADOR POP 100 110I TRAS DIR",IRON,"Geral",MOTOCICLO
186078,"ESPAÇADOR POP 100 110I TRAS ESQ","ESPAÇADOR POP 100 110I TRAS ESQ","ESPAÇADOR POP 100 110I TRAS ESQ",IRON,"Geral",MOTOCICLO
14231,"ESPAÇADOR YBR 125 COROA INT","ESPAÇADOR YBR 125 COROA INT","ESPAÇADOR YBR 125 COROA INT",IRON,"Transmissão/Motor",MOTOCICLO
122781,"ESPAÇADOR CG 160 ESD DIANT ESQ","ESPAÇADOR CG 160 ESD DIANT ESQ","ESPAÇADOR CG 160 ESD DIANT ESQ",IRON,"Geral",MOTOCICLO
122779,"ESPAÇADOR POP 100 110I TRAS INT","ESPAÇADOR POP 100 110I TRAS INT","ESPAÇADOR POP 100 110I TRAS INT",IRON,"Geral",MOTOCICLO
17493,"ESPAÇADOR CG 150 DIANT INT","ESPAÇADOR CG 150 DIANT INT","ESPAÇADOR CG 150 DIANT INT",IRON,"Geral",MOTOCICLO
186084,"ESPAÇADOR NXR 125/150 160 KS/ES DIANT INT","ESPAÇADOR NXR 125/150 160 KS/ES DIANT INT","ESPAÇADOR NXR 125/150 160 KS/ES DIANT INT",IRON,"Geral",MOTOCICLO
121617,"ESPAÇADOR BIZ 100-125 TRAS INT","ESPAÇADOR BIZ 100-125 TRAS INT","ESPAÇADOR BIZ 100-125 TRAS INT",IRON,"Geral",MOTOCICLO
186075,"ESPAÇADOR JET 50/50X/125X TRAS. DIR","ESPAÇADOR JET 50/50X/125X TRAS. DIR","ESPAÇADOR JET 50/50X/125X TRAS. DIR",IRON,"Geral",MOTOCICLO
122785,"ESPAÇADOR CG/FAN 150/160 COROA","ESPAÇADOR CG/FAN 150/160 COROA","ESPAÇADOR CG/FAN 150/160 COROA",IRON,"Transmissão/Motor",MOTOCICLO
192923,"ESPAÇADOR YES 125 TRAS INT","ESPAÇADOR YES 125 TRAS INT","ESPAÇADOR YES 125 TRAS INT",IRON,"Geral",MOTOCICLO
17083,"ESPAÇADOR NXR/CRF 125 150/230 TRAS INT","ESPAÇADOR NXR/CRF 125 150/230 TRAS INT","ESPAÇADOR NXR/CRF 125 150/230 TRAS INT",IRON,"Geral",MOTOCICLO
39939,"ESPAÇADOR XR 250 XRE 300 TRAS INT","ESPAÇADOR XR 250 XRE 300 TRAS INT","ESPAÇADOR XR 250 XRE 300 TRAS INT",IRON,"Geral",MOTOCICLO
26821,"ESPACADOR CG 125 77/99 TRAS INT","ESPACADOR CG 125 77/99 TRAS INT","ESPACADOR CG 125 77/99 TRAS INT",IRON,"Geral",MOTOCICLO
120601,"ESPACADOR YBR 125 T INT","ESPACADOR YBR 125 T INT","ESPACADOR YBR 125 T INT",IRON,"Geral",MOTOCICLO
121735,"BUCHA BALANÇA XTZ 125","BUCHA BALANÇA XTZ 125","BUCHA BALANÇA XTZ 125",IRON,"Borrachas/Buchas",MOTOCICLO
122782,"BUCHA BALANÇA NXR 125/150 C/ROLAMENTO","BUCHA BALANÇA NXR 125/150 C/ROLAMENTO","BUCHA BALANÇA NXR 125/150 C/ROLAMENTO",IRON,"Borrachas/Buchas",MOTOCICLO
195648,"BUCHA ESCAPE CG 125 82/99","BUCHA ESCAPE CG 125 82/99","BUCHA ESCAPE CG 125 82/99",IRON,"Borrachas/Buchas",MOTOCICLO
17278,"PRESILHA COROA CG 125","PRESILHA COROA CG 125","PRESILHA COROA CG 125",IRON,"Transmissão/Motor",MOTOCICLO
10956,"ARRUELA PARAFUSO CATER 12MM","ARRUELA PARAFUSO CATER 12MM","ARRUELA PARAFUSO CATER 12MM",IRON,"Parafusos e Porcas",MOTOCICLO
186079,"ARRUELA COROA CG 125 00/08","ARRUELA COROA CG 125 00/08","ARRUELA COROA CG 125 00/08",IRON,"Transmissão/Motor",MOTOCICLO
195643,"ARRUELA EIXO BRACO OSCILANTE CG 125","ARRUELA EIXO BRACO OSCILANTE CG 125","ARRUELA EIXO BRACO OSCILANTE CG 125",IRON,"Eixos",MOTOCICLO
15572,"ARRUELA COLUNA DIREÇÃO POP 100 / 110I","ARRUELA COLUNA DIREÇÃO POP 100 / 110I","ARRUELA COLUNA DIREÇÃO POP 100 / 110I",IRON,"Geral",MOTOCICLO
40486,"43","43","43",IRON,"Geral",MOTOCICLO
123112,"ARRUELA COLUNA DIREÇÃO CG 150 09/13 INF","ARRUELA COLUNA DIREÇÃO CG 150 09/13 INF","ARRUELA COLUNA DIREÇÃO CG 150 09/13 INF",IRON,"Geral",MOTOCICLO
186077,"BUCHA ROSCA M10X12X20MM","BUCHA ROSCA M10X12X20MM","BUCHA ROSCA M10X12X20MM",IRON,"Borrachas/Buchas",MOTOCICLO
186076,"BUCHA ROSCA M10X14X15MM C/ FLANGE","BUCHA ROSCA M10X14X15MM C/ FLANGE","BUCHA ROSCA M10X14X15MM C/ FLANGE",IRON,"Borrachas/Buchas",MOTOCICLO
10751,"BUCHA ROSCA M14X16X12MM BUJÃO ÓLEO","BUCHA ROSCA M14X16X12MM BUJÃO ÓLEO","BUCHA ROSCA M14X16X12MM BUJÃO ÓLEO",IRON,"Borrachas/Buchas",MOTOCICLO
121690,"BUCHA ROSCA M5X8X15MM","BUCHA ROSCA M5X8X15MM","BUCHA ROSCA M5X8X15MM",IRON,"Borrachas/Buchas",MOTOCICLO
23734,"BRACADEIRA ESCAPE XLR / NX XR 125/150/200","BRACADEIRA ESCAPE XLR / NX XR 125/150/200","BRACADEIRA ESCAPE XLR / NX XR 125/150/200",IRON,"Geral",MOTOCICLO
26350,"BRACADEIRA ESCAPE CB XRE 300 CBX/XR 250","BRACADEIRA ESCAPE CB XRE 300 CBX/XR 250","BRACADEIRA ESCAPE CB XRE 300 CBX/XR 250",IRON,"Geral",MOTOCICLO
186082,"BRACADEIRA ESCAPE NXR 150 09/14","BRACADEIRA ESCAPE NXR 150 09/14","BRACADEIRA ESCAPE NXR 150 09/14",IRON,"Geral",MOTOCICLO
186072,"SUPORTE PAINEL CG 83/99","SUPORTE PAINEL CG 83/99","SUPORTE PAINEL CG 83/99",IRON,"Chassi/Suportes",MOTOCICLO
17149,"SUPORTE PAINEL YBR 125 09/12","SUPORTE PAINEL YBR 125 09/12","SUPORTE PAINEL YBR 125 09/12",IRON,"Chassi/Suportes",MOTOCICLO
186074,"SUPORTE FAROL NXR 150 13/15 DIR","SUPORTE FAROL NXR 150 13/15 DIR","SUPORTE FAROL NXR 150 13/15 DIR",IRON,"Chassi/Suportes",MOTOCICLO
5108,"SUPORTE FAROL NXR 150 13/15 ESQ","SUPORTE FAROL NXR 150 13/15 ESQ","SUPORTE FAROL NXR 150 13/15 ESQ",IRON,"Chassi/Suportes",MOTOCICLO
7591,"SUPORTE PAINEL YBR 125 06/08","SUPORTE PAINEL YBR 125 06/08","SUPORTE PAINEL YBR 125 06/08",IRON,"Chassi/Suportes",MOTOCICLO
123111,"SUPORTE CARENAGEM FRONTAL PHOENIX 50","SUPORTE CARENAGEM FRONTAL PHOENIX 50","SUPORTE CARENAGEM FRONTAL PHOENIX 50",IRON,"Chassi/Suportes",MOTOCICLO
10752,"PRESILHA FAROL BIZ 100/125 CG 150/POP NXR 125/150 13","PRESILHA FAROL BIZ 100/125 CG 150/POP NXR 125/150 13","PRESILHA FAROL BIZ 100/125 CG 150/POP NXR 125/150 13",IRON,"Iluminação",MOTOCICLO
16840,"TANQUE PHOENIX GOLD 50 JONNY HYPE 50","TANQUE PHOENIX GOLD 50 JONNY HYPE 50","TANQUE PHOENIX GOLD 50 JONNY HYPE 50",IRON,"Geral",MOTOCICLO
186081,"FECHADURA BANCO BIZ 125 06/10/JET 50","FECHADURA BANCO BIZ 125 06/10/JET 50","FECHADURA BANCO BIZ 125 06/10/JET 50",IRON,"Banco/Proteção",MOTOCICLO
121623,"SUPORTE BANCO DIANT. JET 50","SUPORTE BANCO DIANT. JET 50","SUPORTE BANCO DIANT. JET 50",IRON,"Chassi/Suportes",MOTOCICLO
11505,"GUIA ALAVANCA AFOGADOR PHOENIX GOLD JET 50","GUIA ALAVANCA AFOGADOR PHOENIX GOLD JET 50","GUIA ALAVANCA AFOGADOR PHOENIX GOLD JET 50",IRON,"Geral",MOTOCICLO
195645,"ALAVANCA AFOGADOR PHEONIX GOLD JET 50","ALAVANCA AFOGADOR PHEONIX GOLD JET 50","ALAVANCA AFOGADOR PHEONIX GOLD JET 50",IRON,"Geral",MOTOCICLO
8394,"REGULADOR CABO EMBREAGEM","REGULADOR CABO EMBREAGEM","REGULADOR CABO EMBREAGEM",IRON,"Elétrica",MOTOCICLO
12423,"TANQUE JET 50","TANQUE JET 50","TANQUE JET 50",IRON,"Geral",MOTOCICLO
201860,"44","44","44",IRON,"Geral",MOTOCICLO
202454,"KIT TRANSMISSÃO","KIT TRANSMISSÃO","KIT TRANSMISSÃO",IRON,"Transmissão",MOTOCICLO
186080,"KIT TRANS. XRE 300 1045","KIT TRANS. XRE 300 1045","KIT TRANS. XRE 300 1045",IRON,"Transmissão",MOTOCICLO
122783,"KIT TRANS. XTZ 150 CROSSER 1045","KIT TRANS. XTZ 150 CROSSER 1045","KIT TRANS. XTZ 150 CROSSER 1045",IRON,"Transmissão",MOTOCICLO
186066,"KIT TRANS. XLX 250 1045","KIT TRANS. XLX 250 1045","KIT TRANS. XLX 250 1045",IRON,"Transmissão",MOTOCICLO
186069,"KIT TRANS. XTZ 125 1045","KIT TRANS. XTZ 125 1045","KIT TRANS. XTZ 125 1045",IRON,"Transmissão",MOTOCICLO
121513,"KIT TRANS. YS 250 FAZER 1045","KIT TRANS. YS 250 FAZER 1045","KIT TRANS. YS 250 FAZER 1045",IRON,"Transmissão",MOTOCICLO
121628,"KIT TRANS. CB 600F HORNET 07 1045","KIT TRANS. CB 600F HORNET 07 1045","KIT TRANS. CB 600F HORNET 07 1045",IRON,"Transmissão",MOTOCICLO
121511,"KIT TRANS. YES/INTRUDER 125 1045","KIT TRANS. YES/INTRUDER 125 1045","KIT TRANS. YES/INTRUDER 125 1045",IRON,"Transmissão",MOTOCICLO
121512,"KIT TRANS. CBX 200 1045","KIT TRANS. CBX 200 1045","KIT TRANS. CBX 200 1045",IRON,"Transmissão",MOTOCICLO
121629,"KIT TRANS. CG 150 SPORT 1045","KIT TRANS. CG 150 SPORT 1045","KIT TRANS. CG 150 SPORT 1045",IRON,"Transmissão",MOTOCICLO
195640,"KIT TRANS. CB 300R 1045","KIT TRANS. CB 300R 1045","KIT TRANS. CB 300R 1045",IRON,"Transmissão",MOTOCICLO
195606,"KIT TRANS. CG 160 1045","KIT TRANS. CG 160 1045","KIT TRANS. CG 160 1045",IRON,"Transmissão",MOTOCICLO
195620,"KIT TRANS. CRYPTON 105 1045","KIT TRANS. CRYPTON 105 1045","KIT TRANS. CRYPTON 105 1045",IRON,"Transmissão",MOTOCICLO
195594,"KIT TRANS. CG 125 82 1045","KIT TRANS. CG 125 82 1045","KIT TRANS. CG 125 82 1045",IRON,"Transmissão",MOTOCICLO
9348,"KIT TRANS. CG 150 1045","KIT TRANS. CG 150 1045","KIT TRANS. CG 150 1045",IRON,"Transmissão",MOTOCICLO
195618,"KIT TRANS. CRYPTON 115 1045","KIT TRANS. CRYPTON 115 1045","KIT TRANS. CRYPTON 115 1045",IRON,"Transmissão",MOTOCICLO
195624,"KIT TRANS. DAFRA SPEED 150 1045","KIT TRANS. DAFRA SPEED 150 1045","KIT TRANS. DAFRA SPEED 150 1045",IRON,"Transmissão",MOTOCICLO
24062,"KIT TRANS. CRF 230 1045","KIT TRANS. CRF 230 1045","KIT TRANS. CRF 230 1045",IRON,"Transmissão",MOTOCICLO
195600,"KIT TRANS. HUNTER 90","KIT TRANS. HUNTER 90","KIT TRANS. HUNTER 90",IRON,"Transmissão",MOTOCICLO
195604,"KIT TRANS. XLR/NX 125/150 1045","KIT TRANS. XLR/NX 125/150 1045","KIT TRANS. XLR/NX 125/150 1045",IRON,"Transmissão",MOTOCICLO
195626,"KIT TRANS. DAFRA APACHE 150 1045","KIT TRANS. DAFRA APACHE 150 1045","KIT TRANS. DAFRA APACHE 150 1045",IRON,"Transmissão",MOTOCICLO
180822,"KIT TRANS. DAFRA KANSAS 150 1045","KIT TRANS. DAFRA KANSAS 150 1045","KIT TRANS. DAFRA KANSAS 150 1045",IRON,"Transmissão",MOTOCICLO
195608,"KIT TRAN. XLS 125","KIT TRAN. XLS 125","KIT TRAN. XLS 125",IRON,"Geral",MOTOCICLO
186083,"KIT TRANS. DAFRA SUPER 100 1045","KIT TRANS. DAFRA SUPER 100 1045","KIT TRANS. DAFRA SUPER 100 1045",IRON,"Transmissão",MOTOCICLO
11765,"KIT TRANS. DREAM/WEB 100 1045","KIT TRANS. DREAM/WEB 100 1045","KIT TRANS. DREAM/WEB 100 1045",IRON,"Transmissão",MOTOCICLO
195622,"KIT TRANS. XTZ 250 LANDER C/COR 520 1045","KIT TRANS. XTZ 250 LANDER C/COR 520 1045","KIT TRANS. XTZ 250 LANDER C/COR 520 1045",IRON,"Transmissão",MOTOCICLO
180835,"KIT TRANS. CG 160 FAN 1045","KIT TRANS. CG 160 FAN 1045","KIT TRANS. CG 160 FAN 1045",IRON,"Transmissão",MOTOCICLO
180827,"45","45","45",IRON,"Geral",MOTOCICLO
180828,"KIT TRANS. XTZ 250 LANDER 1045","KIT TRANS. XTZ 250 LANDER 1045","KIT TRANS. XTZ 250 LANDER 1045",IRON,"Transmissão",MOTOCICLO
180832,"KIT TRANSMISSÃO","KIT TRANSMISSÃO","KIT TRANSMISSÃO",IRON,"Transmissão",MOTOCICLO
195610,"KIT TRANS. MAX/HUNTER 125 1045","KIT TRANS. MAX/HUNTER 125 1045","KIT TRANS. MAX/HUNTER 125 1045",IRON,"Transmissão",MOTOCICLO
195616,"KIT TRANS. MOBYLETE","KIT TRANS. MOBYLETE","KIT TRANS. MOBYLETE",IRON,"Transmissão",MOTOCICLO
180829,"KIT TRANS. NX 400/400I","KIT TRANS. NX 400/400I","KIT TRANS. NX 400/400I",IRON,"Transmissão",MOTOCICLO
195588,"KIT TRANS. NXR 125 1045","KIT TRANS. NXR 125 1045","KIT TRANS. NXR 125 1045",IRON,"Transmissão",MOTOCICLO
11768,"KIT TRANS. NX/XR 200","KIT TRANS. NX/XR 200","KIT TRANS. NX/XR 200",IRON,"Transmissão",MOTOCICLO
195598,"KIT TRANS. NXR 160/XRE 190 1045","KIT TRANS. NXR 160/XRE 190 1045","KIT TRANS. NXR 160/XRE 190 1045",IRON,"Transmissão",MOTOCICLO
195612,"KIT TRANS. NXR 150","KIT TRANS. NXR 150","KIT TRANS. NXR 150",IRON,"Transmissão",MOTOCICLO
195585,"KIT TRANS. POP 100 1045","KIT TRANS. POP 100 1045","KIT TRANS. POP 100 1045",IRON,"Transmissão",MOTOCICLO
43766,"KIT TRANS. YS 250 FAZER 1045 06/17 C/ RETENTOR","KIT TRANS. YS 250 FAZER 1045 06/17 C/ RETENTOR","KIT TRANS. YS 250 FAZER 1045 06/17 C/ RETENTOR",IRON,"Transmissão",MOTOCICLO
24060,"KIT TRANS. CRF 250F","KIT TRANS. CRF 250F","KIT TRANS. CRF 250F",IRON,"Transmissão",MOTOCICLO
43768,"KIT TRANS. BMW F800 GS 13 1045 C/ RETENTOR","KIT TRANS. BMW F800 GS 13 1045 C/ RETENTOR","KIT TRANS. BMW F800 GS 13 1045 C/ RETENTOR",IRON,"Transmissão",MOTOCICLO
43767,"KIT TRANS. CB 250F 1045 C/ RETENTOR","KIT TRANS. CB 250F 1045 C/ RETENTOR","KIT TRANS. CB 250F 1045 C/ RETENTOR",IRON,"Transmissão",MOTOCICLO
195596,"KIT TRANS BIZ 125 06/16/100 13/16 1045","KIT TRANS BIZ 125 06/16/100 13/16 1045","KIT TRANS BIZ 125 06/16/100 13/16 1045",IRON,"Transmissão",MOTOCICLO
186063,"KIT TRANS. CB 500 98/02","KIT TRANS. CB 500 98/02","KIT TRANS. CB 500 98/02",IRON,"Transmissão",MOTOCICLO
43772,"KIT TRANS. CB 300R 1045 C/ RETENTOR","KIT TRANS. CB 300R 1045 C/ RETENTOR","KIT TRANS. CB 300R 1045 C/ RETENTOR",IRON,"Transmissão",MOTOCICLO
24061,"KIT TRANS. BMW G650 GS 11/13 1045 C/ RETENTOR","KIT TRANS. BMW G650 GS 11/13 1045 C/ RETENTOR","KIT TRANS. BMW G650 GS 11/13 1045 C/ RETENTOR",IRON,"Transmissão",MOTOCICLO
43769,"KIT TRANS. CG 125 00","KIT TRANS. CG 125 00","KIT TRANS. CG 125 00",IRON,"Transmissão",MOTOCICLO
43770,"KIT TRANS. CB 125 09 1045 C/ RETENTOR","KIT TRANS. CB 125 09 1045 C/ RETENTOR","KIT TRANS. CB 125 09 1045 C/ RETENTOR",IRON,"Transmissão",MOTOCICLO
43765,"KIT TRANS. CB 600 HORNET 08 1045","KIT TRANS. CB 600 HORNET 08 1045","KIT TRANS. CB 600 HORNET 08 1045",IRON,"Transmissão",MOTOCICLO
43764,"KIT TRANS. CBX 250 1045","KIT TRANS. CBX 250 1045","KIT TRANS. CBX 250 1045",IRON,"Transmissão",MOTOCICLO
180834,"KIT TRANS. CG 160 1045 C/ RETENTOR","KIT TRANS. CG 160 1045 C/ RETENTOR","KIT TRANS. CG 160 1045 C/ RETENTOR",IRON,"Transmissão",MOTOCICLO
16554,"KIT TRANS. CRF 230 1045 C/ RETENTOR","KIT TRANS. CRF 230 1045 C/ RETENTOR","KIT TRANS. CRF 230 1045 C/ RETENTOR",IRON,"Transmissão",MOTOCICLO
180833,"KIT TRANS CG 150 1045 C/ RETENTOR","KIT TRANS CG 150 1045 C/ RETENTOR","KIT TRANS CG 150 1045 C/ RETENTOR",IRON,"Transmissão",MOTOCICLO
195592,"KIT TRANS. CG 125 09","KIT TRANS. CG 125 09","KIT TRANS. CG 125 09",IRON,"Transmissão",MOTOCICLO
195614,"KIT TRANS. DAFRA NEXT 250 2045","KIT TRANS. DAFRA NEXT 250 2045","KIT TRANS. DAFRA NEXT 250 2045",IRON,"Transmissão",MOTOCICLO
195602,"KIT TRANS. GS 500 1045","KIT TRANS. GS 500 1045","KIT TRANS. GS 500 1045",IRON,"Transmissão",MOTOCICLO
180830,"KIT TRANS. GSF 650 BANDIT GSX 650F 1045 C/ RETENTOR","KIT TRANS. GSF 650 BANDIT GSX 650F 1045 C/ RETENTOR","KIT TRANS. GSF 650 BANDIT GSX 650F 1045 C/ RETENTOR",IRON,"Transmissão",MOTOCICLO
43771,"46","46","46",IRON,"Geral",MOTOCICLO
186086,"KIT TRANS. GSF 650 BANDIT GSX 650F 1045","KIT TRANS. GSF 650 BANDIT GSX 650F 1045","KIT TRANS. GSF 650 BANDIT GSX 650F 1045",IRON,"Transmissão",MOTOCICLO
197570,"KIT TRANS. KASINSKI COMET 150","KIT TRANS. KASINSKI COMET 150","KIT TRANS. KASINSKI COMET 150",IRON,"Transmissão",MOTOCICLO
197764,"KIT TRANS. GSR 150","KIT TRANS. GSR 150","KIT TRANS. GSR 150",IRON,"Transmissão",MOTOCICLO
197568,"KIT TRANS. KAWASAKI NINJA 250 3300 1045","KIT TRANS. KAWASAKI NINJA 250 3300 1045","KIT TRANS. KAWASAKI NINJA 250 3300 1045",IRON,"Transmissão",MOTOCICLO
197762,"KIT TRANS. MT 07 1045 C/ RETENTOR","KIT TRANS. MT 07 1045 C/ RETENTOR","KIT TRANS. MT 07 1045 C/ RETENTOR",IRON,"Transmissão",MOTOCICLO
119837,"KIT TRANS. NC 700X 1045 C/ RETENTOR","KIT TRANS. NC 700X 1045 C/ RETENTOR","KIT TRANS. NC 700X 1045 C/ RETENTOR",IRON,"Transmissão",MOTOCICLO
15509,"KIT TRANS. KASINSKI MIRAGE 150","KIT TRANS. KASINSKI MIRAGE 150","KIT TRANS. KASINSKI MIRAGE 150",IRON,"Transmissão",MOTOCICLO
195630,"KIT TRANS. KASINSKI MIRAGE 250 1045 C/ RETENTOR","KIT TRANS. KASINSKI MIRAGE 250 1045 C/ RETENTOR","KIT TRANS. KASINSKI MIRAGE 250 1045 C/ RETENTOR",IRON,"Transmissão",MOTOCICLO
195633,"KIT TRANS. NX 350 1045","KIT TRANS. NX 350 1045","KIT TRANS. NX 350 1045",IRON,"Transmissão",MOTOCICLO
195628,"KIT TRANS. NXR 160 XRE 190 1045","KIT TRANS. NXR 160 XRE 190 1045","KIT TRANS. NXR 160 XRE 190 1045",IRON,"Transmissão",MOTOCICLO
195635,"KIT TRANS. MT 09 15 1045 C/ RETENTOR","KIT TRANS. MT 09 15 1045 C/ RETENTOR","KIT TRANS. MT 09 15 1045 C/ RETENTOR",IRON,"Transmissão",MOTOCICLO
14499,"KIT TRANS. MT-03 15/R3 1045 C/ RETENTOR","KIT TRANS. MT-03 15/R3 1045 C/ RETENTOR","KIT TRANS. MT-03 15/R3 1045 C/ RETENTOR",IRON,"Transmissão",MOTOCICLO
176477,"KIT TRANS. NXR 150 1045","KIT TRANS. NXR 150 1045","KIT TRANS. NXR 150 1045",IRON,"Transmissão",MOTOCICLO
187727,"KIT TRANS. XJ6 600 09/13","KIT TRANS. XJ6 600 09/13","KIT TRANS. XJ6 600 09/13",IRON,"Transmissão",MOTOCICLO
187729,"KIT TRANS. NX 400/400I 1045 C/ RETENTOR","KIT TRANS. NX 400/400I 1045 C/ RETENTOR","KIT TRANS. NX 400/400I 1045 C/ RETENTOR",IRON,"Transmissão",MOTOCICLO
6465,"KIT TRANS. NX/XR 200 1045 C/ RETENTOR","KIT TRANS. NX/XR 200 1045 C/ RETENTOR","KIT TRANS. NX/XR 200 1045 C/ RETENTOR",IRON,"Transmissão",MOTOCICLO
16301,"KIT TRANS. VT 600 SHADOW 1045","KIT TRANS. VT 600 SHADOW 1045","KIT TRANS. VT 600 SHADOW 1045",IRON,"Transmissão",MOTOCICLO
176476,"KIT TRANS. XT 660R 1045 C/ RETENTOR","KIT TRANS. XT 660R 1045 C/ RETENTOR","KIT TRANS. XT 660R 1045 C/ RETENTOR",IRON,"Transmissão",MOTOCICLO
187723,"KIT TRANS. POP 110I 1045","KIT TRANS. POP 110I 1045","KIT TRANS. POP 110I 1045",IRON,"Transmissão",MOTOCICLO
187725,"KIT TRANS. TIGER 800 1045 C/ RETENTOR","KIT TRANS. TIGER 800 1045 C/ RETENTOR","KIT TRANS. TIGER 800 1045 C/ RETENTOR",IRON,"Transmissão",MOTOCICLO
176475,"KIT TRANS. XRE 300 1045 C/ RETENTOR","KIT TRANS. XRE 300 1045 C/ RETENTOR","KIT TRANS. XRE 300 1045 C/ RETENTOR",IRON,"Transmissão",MOTOCICLO
16302,"KIT TRANS. XTZ 250 LANDER C/ CORRENTE 520HO 1045 C/ RETENTOR","KIT TRANS. XTZ 250 LANDER C/ CORRENTE 520HO 1045 C/ RETENTOR","KIT TRANS. XTZ 250 LANDER C/ CORRENTE 520HO 1045 C/ RETENTOR",IRON,"Transmissão",MOTOCICLO
201648,"KIT TRANS. XLV 700 TRANSALP 08/13 1045","KIT TRANS. XLV 700 TRANSALP 08/13 1045","KIT TRANS. XLV 700 TRANSALP 08/13 1045",IRON,"Transmissão",MOTOCICLO
43774,"KIT TRANS. XR 250 1045 C/ RETENTOR","KIT TRANS. XR 250 1045 C/ RETENTOR","KIT TRANS. XR 250 1045 C/ RETENTOR",IRON,"Transmissão",MOTOCICLO
7335,"KIT TRANS POP 110I 1045 C RET","KIT TRANS POP 110I 1045 C RET","KIT TRANS POP 110I 1045 C RET",IRON,"Transmissão",MOTOCICLO
1222,"KIT TRANS BIZ 125","KIT TRANS BIZ 125","KIT TRANS BIZ 125",IRON,"Transmissão",MOTOCICLO
10701,"KIT TRANS XLV 700 08/13 1045 C/RET","KIT TRANS XLV 700 08/13 1045 C/RET","KIT TRANS XLV 700 08/13 1045 C/RET",IRON,"Transmissão",MOTOCICLO
183087,"KIT TRANS. XT 660R 1045","KIT TRANS. XT 660R 1045","KIT TRANS. XT 660R 1045",IRON,"Transmissão",MOTOCICLO
8355,"KIT TRANS MT-03 15 R3 1045","KIT TRANS MT-03 15 R3 1045","KIT TRANS MT-03 15 R3 1045",IRON,"Transmissão",MOTOCICLO
11434,"KIT TRANS XJ6 600 09/13 1045","KIT TRANS XJ6 600 09/13 1045","KIT TRANS XJ6 600 09/13 1045",IRON,"Transmissão",MOTOCICLO
10707,"KIT TRANS CG 125 00 1045 C/RET","KIT TRANS CG 125 00 1045 C/RET","KIT TRANS CG 125 00 1045 C/RET",IRON,"Transmissão",MOTOCICLO
10703,"47","47","47",IRON,"Geral",MOTOCICLO
185463,"KIT TRANS CG 125 99","KIT TRANS CG 125 99","KIT TRANS CG 125 99",IRON,"Transmissão",MOTOCICLO
183093,"KIT TRANSMISSÃO / PINHÃO","KIT TRANSMISSÃO / PINHÃO","KIT TRANSMISSÃO / PINHÃO",IRON,"Transmissão",MOTOCICLO
180836,"KIT TRANS YS 250 FZ 18/21","KIT TRANS YS 250 FZ 18/21","KIT TRANS YS 250 FZ 18/21",IRON,"Transmissão",MOTOCICLO
183085,"KIT TRANS YBR 125 1045 C/ RET","KIT TRANS YBR 125 1045 C/ RET","KIT TRANS YBR 125 1045 C/ RET",IRON,"Transmissão",MOTOCICLO
180837,"KIT TRANS POP 100 1045 C/ RET","KIT TRANS POP 100 1045 C/ RET","KIT TRANS POP 100 1045 C/ RET",IRON,"Transmissão",MOTOCICLO
183089,"KIT TRANS XTZ 125 1045 C/ RET","KIT TRANS XTZ 125 1045 C/ RET","KIT TRANS XTZ 125 1045 C/ RET",IRON,"Transmissão",MOTOCICLO
180840,"KIT TRANS NC 700 12/13 1045","KIT TRANS NC 700 12/13 1045","KIT TRANS NC 700 12/13 1045",IRON,"Transmissão",MOTOCICLO
8559,"PINHÃO XJ6 09/13 16D 1045","PINHÃO XJ6 09/13 16D 1045","PINHÃO XJ6 09/13 16D 1045",IRON,"Transmissão",MOTOCICLO
183083,"PINHÃO NXR 160/XRE 190 16D 1045","PINHÃO NXR 160/XRE 190 16D 1045","PINHÃO NXR 160/XRE 190 16D 1045",IRON,"Transmissão",MOTOCICLO
183091,"PINHÃO TIGER 800 16D 1045","PINHÃO TIGER 800 16D 1045","PINHÃO TIGER 800 16D 1045",IRON,"Transmissão",MOTOCICLO
187731,"PINHÃO VT 600 SHADOW 16D 1045","PINHÃO VT 600 SHADOW 16D 1045","PINHÃO VT 600 SHADOW 16D 1045",IRON,"Transmissão",MOTOCICLO
8364,"PINHÃO XT 660R 15D 1045","PINHÃO XT 660R 15D 1045","PINHÃO XT 660R 15D 1045",IRON,"Transmissão",MOTOCICLO
180838,"PINHÃO YS 150 FAZER XTZ 150 CROSSER 14D 1045","PINHÃO YS 150 FAZER XTZ 150 CROSSER 14D 1045","PINHÃO YS 150 FAZER XTZ 150 CROSSER 14D 1045",IRON,"Transmissão",MOTOCICLO
15513,"PINHÃO CBX/XR 250 13D 1045","PINHÃO CBX/XR 250 13D 1045","PINHÃO CBX/XR 250 13D 1045",IRON,"Transmissão",MOTOCICLO
198661,"PINHÃO BMW GS 650 11/13 16D 1045","PINHÃO BMW GS 650 11/13 16D 1045","PINHÃO BMW GS 650 11/13 16D 1045",IRON,"Transmissão",MOTOCICLO
198649,"PINHÃO CB 250F 13D 1045","PINHÃO CB 250F 13D 1045","PINHÃO CB 250F 13D 1045",IRON,"Transmissão",MOTOCICLO
198670,"PINHÃO CB 500 98/02 15D 1045","PINHÃO CB 500 98/02 15D 1045","PINHÃO CB 500 98/02 15D 1045",IRON,"Transmissão",MOTOCICLO
198647,"PINHÃO CB 500X 13/14 15D 1045","PINHÃO CB 500X 13/14 15D 1045","PINHÃO CB 500X 13/14 15D 1045",IRON,"Transmissão",MOTOCICLO
198676,"PINHÃO CB 600 HORNET 08 16D 1045","PINHÃO CB 600 HORNET 08 16D 1045","PINHÃO CB 600 HORNET 08 16D 1045",IRON,"Transmissão",MOTOCICLO
198674,"PINHÃO CB 600 HORNET 97/07 15D","PINHÃO CB 600 HORNET 97/07 15D","PINHÃO CB 600 HORNET 97/07 15D",IRON,"Transmissão",MOTOCICLO
198665,"PINHÃO CG 160 15D","PINHÃO CG 160 15D","PINHÃO CG 160 15D",IRON,"Transmissão",MOTOCICLO
198643,"PINHÃO DAFRA APACHE 150 13D 1045","PINHÃO DAFRA APACHE 150 13D 1045","PINHÃO DAFRA APACHE 150 13D 1045",IRON,"Transmissão",MOTOCICLO
198657,"PINHÃO DAFRA KANSAS 150 15D 1045","PINHÃO DAFRA KANSAS 150 15D 1045","PINHÃO DAFRA KANSAS 150 15D 1045",IRON,"Transmissão",MOTOCICLO
198678,"PINHÃO CG/YBR/XLR 125 15D 1045","PINHÃO CG/YBR/XLR 125 15D 1045","PINHÃO CG/YBR/XLR 125 15D 1045",IRON,"Transmissão",MOTOCICLO
198655,"PINHÃO CRYPTON 115 15D 1045","PINHÃO CRYPTON 115 15D 1045","PINHÃO CRYPTON 115 15D 1045",IRON,"Transmissão",MOTOCICLO
198672,"PINHÃO DAFRA NEXT 250 13/17 13D 1045","PINHÃO DAFRA NEXT 250 13/17 13D 1045","PINHÃO DAFRA NEXT 250 13/17 13D 1045",IRON,"Transmissão",MOTOCICLO
198651,"PINHÃO DAFRA RIVA 150 14D 1045","PINHÃO DAFRA RIVA 150 14D 1045","PINHÃO DAFRA RIVA 150 14D 1045",IRON,"Transmissão",MOTOCICLO
198668,"PINHÃO DAFRA SPEED 150 15D 1045","PINHÃO DAFRA SPEED 150 15D 1045","PINHÃO DAFRA SPEED 150 15D 1045",IRON,"Transmissão",MOTOCICLO
198680,"PINHÃO DAFRA SUPER 100 14D 1045","PINHÃO DAFRA SUPER 100 14D 1045","PINHÃO DAFRA SUPER 100 14D 1045",IRON,"Transmissão",MOTOCICLO
198659,"PINHÃO GS 500 16D","PINHÃO GS 500 16D","PINHÃO GS 500 16D",IRON,"Transmissão",MOTOCICLO
198663,"PINHÃO GSF 650 BANDIT 07/09 15D 1045","PINHÃO GSF 650 BANDIT 07/09 15D 1045","PINHÃO GSF 650 BANDIT 07/09 15D 1045",IRON,"Transmissão",MOTOCICLO
198653,"PINHÃO GSR 150 11/17 15D 1045","PINHÃO GSR 150 11/17 15D 1045","PINHÃO GSR 150 11/17 15D 1045",IRON,"Transmissão",MOTOCICLO
173084,"PINHÃO HUNTER MAX 125 15D","PINHÃO HUNTER MAX 125 15D","PINHÃO HUNTER MAX 125 15D",IRON,"Transmissão",MOTOCICLO
198645,"PINHÃO / EMENDA / CORRENTE","PINHÃO / EMENDA / CORRENTE","PINHÃO / EMENDA / CORRENTE",IRON,"Transmissão",MOTOCICLO
197829,"PINHÃO CB/XRE 300 13D 1045","PINHÃO CB/XRE 300 13D 1045","PINHÃO CB/XRE 300 13D 1045",IRON,"Transmissão",MOTOCICLO
197823,"PINHÃO CBX/NX/XR 200 13D 1045","PINHÃO CBX/NX/XR 200 13D 1045","PINHÃO CBX/NX/XR 200 13D 1045",IRON,"Transmissão",MOTOCICLO
197817,"PINHÃO CG 125 09 14D 1045","PINHÃO CG 125 09 14D 1045","PINHÃO CG 125 09 14D 1045",IRON,"Transmissão",MOTOCICLO
197810,"PINHÃO CG 150 16D","PINHÃO CG 150 16D","PINHÃO CG 150 16D",IRON,"Transmissão",MOTOCICLO
173086,"PINHÃO XLV 700 TRANSALP 08-13 15D","PINHÃO XLV 700 TRANSALP 08-13 15D","PINHÃO XLV 700 TRANSALP 08-13 15D",IRON,"Transmissão",MOTOCICLO
173085,"PINHÃO XT 600 TENERE 15D 1045","PINHÃO XT 600 TENERE 15D 1045","PINHÃO XT 600 TENERE 15D 1045",IRON,"Transmissão",MOTOCICLO
197821,"PINHÃO CG/YBR 125 14D 1045","PINHÃO CG/YBR 125 14D 1045","PINHÃO CG/YBR 125 14D 1045",IRON,"Transmissão",MOTOCICLO
197819,"PINHÃO CRYPTON/RD DT 105/135/180 15D","PINHÃO CRYPTON/RD DT 105/135/180 15D","PINHÃO CRYPTON/RD DT 105/135/180 15D",IRON,"Transmissão",MOTOCICLO
197814,"PINHÃO YS 250/XTZ 250 13D 520H 1045","PINHÃO YS 250/XTZ 250 13D 520H 1045","PINHÃO YS 250/XTZ 250 13D 520H 1045",IRON,"Transmissão",MOTOCICLO
197805,"PINHÃO YS 250 XTZ 250 15D 428H 1045","PINHÃO YS 250 XTZ 250 15D 428H 1045","PINHÃO YS 250 XTZ 250 15D 428H 1045",IRON,"Transmissão",MOTOCICLO
173088,"PINHÃO BIZ 125/POP 100 14D 1045","PINHÃO BIZ 125/POP 100 14D 1045","PINHÃO BIZ 125/POP 100 14D 1045",IRON,"Transmissão",MOTOCICLO
197812,"PINHAO YES INTRUDER KATANA 125 14D","PINHAO YES INTRUDER KATANA 125 14D","PINHAO YES INTRUDER KATANA 125 14D",IRON,"Geral",MOTOCICLO
187716,"PINHÃO KASINSKI COMET GT 250 14D 1045","PINHÃO KASINSKI COMET GT 250 14D 1045","PINHÃO KASINSKI COMET GT 250 14D 1045",IRON,"Transmissão",MOTOCICLO
197831,"PINHÃO KAWASAKI NINJA 250 14D 1045","PINHÃO KAWASAKI NINJA 250 14D 1045","PINHÃO KAWASAKI NINJA 250 14D 1045",IRON,"Transmissão",MOTOCICLO
187718,"PINHÃO MT 09 16D","PINHÃO MT 09 16D","PINHÃO MT 09 16D",IRON,"Transmissão",MOTOCICLO
173087,"PINHÃO MT-03 R3 15 14D 1045","PINHÃO MT-03 R3 15 14D 1045","PINHÃO MT-03 R3 15 14D 1045",IRON,"Transmissão",MOTOCICLO
173089,"PINHÃO NX 400 15D","PINHÃO NX 400 15D","PINHÃO NX 400 15D",IRON,"Transmissão",MOTOCICLO
201486,"PINHÃO JET/PHOENIX 50 HUNTER 90 14D 1045","PINHÃO JET/PHOENIX 50 HUNTER 90 14D 1045","PINHÃO JET/PHOENIX 50 HUNTER 90 14D 1045",IRON,"Transmissão",MOTOCICLO
200772,"EMENDA CORRENTE 520H","EMENDA CORRENTE 520H","EMENDA CORRENTE 520H",IRON,"Transmissão",MOTOCICLO
39500,"EMENDA CORRENTE 520HO","EMENDA CORRENTE 520HO","EMENDA CORRENTE 520HO",IRON,"Transmissão",MOTOCICLO
1552,"EMENDA CORRENTE 428H","EMENDA CORRENTE 428H","EMENDA CORRENTE 428H",IRON,"Transmissão",MOTOCICLO
182413,"EMENDA CORRENTE 428HO","EMENDA CORRENTE 428HO","EMENDA CORRENTE 428HO",IRON,"Transmissão",MOTOCICLO
45399,"CORRENTE 420/110L","CORRENTE 420/110L","CORRENTE 420/110L",IRON,"Transmissão",MOTOCICLO
45394,"CORRENTE 428H/118L","CORRENTE 428H/118L","CORRENTE 428H/118L",IRON,"Transmissão",MOTOCICLO
45398,"CORRENTE 428HO/118L C/ RETENTOR","CORRENTE 428HO/118L C/ RETENTOR","CORRENTE 428HO/118L C/ RETENTOR",IRON,"Transmissão",MOTOCICLO
201592,"CORRENTE 428HO/136L C/ RETENTOR","CORRENTE 428HO/136L C/ RETENTOR","CORRENTE 428HO/136L C/ RETENTOR",IRON,"Transmissão",MOTOCICLO
45396,"CORRENTE 520H/116L","CORRENTE 520H/116L","CORRENTE 520H/116L",IRON,"Transmissão",MOTOCICLO
182415,"CORRENTE 525EX/120L C/ RETENTOR","CORRENTE 525EX/120L C/ RETENTOR","CORRENTE 525EX/120L C/ RETENTOR",IRON,"Transmissão",MOTOCICLO
45395,"49","49","49",IRON,"Geral",MOTOCICLO
185387,"ACIONADOR / CORRENTE COMANDO","ACIONADOR / CORRENTE COMANDO","ACIONADOR / CORRENTE COMANDO",IRON,"Transmissão",MOTOCICLO
201591,"ACIONADOR YBR/XTZ 125 00/05","ACIONADOR YBR/XTZ 125 00/05","ACIONADOR YBR/XTZ 125 00/05",IRON,"Transmissão",MOTOCICLO
182449,"ACIONADOR YS 150 FAZER XTZ 150 CROSSER YBR 125I/150 FACTOR","ACIONADOR YS 150 FAZER XTZ 150 CROSSER YBR 125I/150 FACTOR","ACIONADOR YS 150 FAZER XTZ 150 CROSSER YBR 125I/150 FACTOR",IRON,"Transmissão",MOTOCICLO
45397,"ACIONADOR CG/NXR 160 XRE 190","ACIONADOR CG/NXR 160 XRE 190","ACIONADOR CG/NXR 160 XRE 190",IRON,"Transmissão",MOTOCICLO
173554,"ACIONADOR YES INTRUDER 125","ACIONADOR YES INTRUDER 125","ACIONADOR YES INTRUDER 125",IRON,"Transmissão",MOTOCICLO
27367,"ACIONADOR CBX/NX/XR 150/200/250/400 C/ CATRACA","ACIONADOR CBX/NX/XR 150/200/250/400 C/ CATRACA","ACIONADOR CBX/NX/XR 150/200/250/400 C/ CATRACA",IRON,"Transmissão",MOTOCICLO
27368,"ACIONADOR CRYPTON 115","ACIONADOR CRYPTON 115","ACIONADOR CRYPTON 115",IRON,"Transmissão",MOTOCICLO
27360,"ACIONADOR BIZ FAN/CG/CB/XRE 125/150/300","ACIONADOR BIZ FAN/CG/CB/XRE 125/150/300","ACIONADOR BIZ FAN/CG/CB/XRE 125/150/300",IRON,"Transmissão",MOTOCICLO
27361,"ACIONADOR CBX/NX/XR 150/200/250/400","ACIONADOR CBX/NX/XR 150/200/250/400","ACIONADOR CBX/NX/XR 150/200/250/400",IRON,"Transmissão",MOTOCICLO
39924,"ACIONADOR AN 125 BURGMAN 06/10","ACIONADOR AN 125 BURGMAN 06/10","ACIONADOR AN 125 BURGMAN 06/10",IRON,"Transmissão",MOTOCICLO
185419,"ACIONADOR BIZ/FAN/CG/CB XRE 125/150/300 C/ CATRACA","ACIONADOR BIZ/FAN/CG/CB XRE 125/150/300 C/ CATRACA","ACIONADOR BIZ/FAN/CG/CB XRE 125/150/300 C/ CATRACA",IRON,"Transmissão",MOTOCICLO
27363,"CORRENTE COM. CBX/NX/NXR/YES 125/150 03/05 100L","CORRENTE COM. CBX/NX/NXR/YES 125/150 03/05 100L","CORRENTE COM. CBX/NX/NXR/YES 125/150 03/05 100L",IRON,"Transmissão",MOTOCICLO
27365,"CORRENTE COM. CBX/NX/XR 200 102L","CORRENTE COM. CBX/NX/XR 200 102L","CORRENTE COM. CBX/NX/XR 200 102L",IRON,"Transmissão",MOTOCICLO
27366,"CORRENTE COM. BIZ 125/PCX 150 DAFRA APACHE 150 92L","CORRENTE COM. BIZ 125/PCX 150 DAFRA APACHE 150 92L","CORRENTE COM. BIZ 125/PCX 150 DAFRA APACHE 150 92L",IRON,"Transmissão",MOTOCICLO
28741,"CORRENTE COM. XT/TDM 225 104L","CORRENTE COM. XT/TDM 225 104L","CORRENTE COM. XT/TDM 225 104L",IRON,"Transmissão",MOTOCICLO
122466,"CORRENTE COM. YS 150 FAZER XTZ 150 CROSSER 96L","CORRENTE COM. YS 150 FAZER XTZ 150 CROSSER 96L","CORRENTE COM. YS 150 FAZER XTZ 150 CROSSER 96L",IRON,"Transmissão",MOTOCICLO
28739,"CORRENTE COM. CBX/XR 250/CB/XRE 300 126L","CORRENTE COM. CBX/XR 250/CB/XRE 300 126L","CORRENTE COM. CBX/XR 250/CB/XRE 300 126L",IRON,"Transmissão",MOTOCICLO
27364,"CORRENTE COM. CG/NXR 150 AN 125 BURGMAN 94L","CORRENTE COM. CG/NXR 150 AN 125 BURGMAN 94L","CORRENTE COM. CG/NXR 150 AN 125 BURGMAN 94L",IRON,"Transmissão",MOTOCICLO
28742,"CORRENTE COM. CB 400/450 110L","CORRENTE COM. CB 400/450 110L","CORRENTE COM. CB 400/450 110L",IRON,"Transmissão",MOTOCICLO
179237,"CORRENTE COM. BIZ/POP 100 CRYPTON 105 84L","CORRENTE COM. BIZ/POP 100 CRYPTON 105 84L","CORRENTE COM. BIZ/POP 100 CRYPTON 105 84L",IRON,"Transmissão",MOTOCICLO
27358,"CORRENTE COM. XT/TENERE 600 660 126L","CORRENTE COM. XT/TENERE 600 660 126L","CORRENTE COM. XT/TENERE 600 660 126L",IRON,"Transmissão",MOTOCICLO
24503,"CORRENTE COM CRF 230 YS 250 FZ 104L","CORRENTE COM CRF 230 YS 250 FZ 104L","CORRENTE COM CRF 230 YS 250 FZ 104L",IRON,"Transmissão",MOTOCICLO
17525,"CORRENTE COM. ML/XL INTRUDER KATANA 125 98L","CORRENTE COM. ML/XL INTRUDER KATANA 125 98L","CORRENTE COM. ML/XL INTRUDER KATANA 125 98L",IRON,"Transmissão",MOTOCICLO
39923,"CORRENTE COM. CG/NXR XRE 160/190 98L","CORRENTE COM. CG/NXR XRE 160/190 98L","CORRENTE COM. CG/NXR XRE 160/190 98L",IRON,"Transmissão",MOTOCICLO
187709,"CORRENTE COM. BIZ/POP 110I 25H/90L","CORRENTE COM. BIZ/POP 110I 25H/90L","CORRENTE COM. BIZ/POP 110I 25H/90L",IRON,"Transmissão",MOTOCICLO
187711,"CORRENTE COM. CB 250F CRF 250F 102L","CORRENTE COM. CB 250F CRF 250F 102L","CORRENTE COM. CB 250F CRF 250F 102L",IRON,"Transmissão",MOTOCICLO
27354,"CORRENTE COM. NX 400 112L","CORRENTE COM. NX 400 112L","CORRENTE COM. NX 400 112L",IRON,"Transmissão",MOTOCICLO
28737,"CORRENTE COM. DAFRA APACHE 150 0409/94L","CORRENTE COM. DAFRA APACHE 150 0409/94L","CORRENTE COM. DAFRA APACHE 150 0409/94L",IRON,"Transmissão",MOTOCICLO
28736,"CORRENTE COM. KAWASAKI NINJA 250 300R 124R","CORRENTE COM. KAWASAKI NINJA 250 300R 124R","CORRENTE COM. KAWASAKI NINJA 250 300R 124R",IRON,"Transmissão",MOTOCICLO
28738,"ACIONADOR XT/TDM 225/YS 250 FAZER/XTZ 250 LANDER","ACIONADOR XT/TDM 225/YS 250 FAZER/XTZ 250 LANDER","ACIONADOR XT/TDM 225/YS 250 FAZER/XTZ 250 LANDER",IRON,"Transmissão",MOTOCICLO
27356,"ACIONADOR YBR/XTZ 125 06/11","ACIONADOR YBR/XTZ 125 06/11","ACIONADOR YBR/XTZ 125 06/11",IRON,"Transmissão",MOTOCICLO
27355,"ACIONADOR AN 125I BURGMAN 11/19","ACIONADOR AN 125I BURGMAN 11/19","ACIONADOR AN 125I BURGMAN 11/19",IRON,"Transmissão",MOTOCICLO
34550,"CORRENTE COM XLX/NX 250/350 108L","CORRENTE COM XLX/NX 250/350 108L","CORRENTE COM XLX/NX 250/350 108L",IRON,"Transmissão",MOTOCICLO
28740,"50","50","50",IRON,"Geral",MOTOCICLO
27362,"CORRENTE COMANDO","CORRENTE COMANDO","CORRENTE COMANDO",IRON,"Transmissão",MOTOCICLO
187713,"CORRENTE COM. YBR/XTZ 125 00/05 88L","CORRENTE COM. YBR/XTZ 125 00/05 88L","CORRENTE COM. YBR/XTZ 125 00/05 88L",IRON,"Transmissão",MOTOCICLO
27357,"476","476","476",IRON,"Geral",MOTOCICLO
27359,"CORRENTE COM. XLR 250 82/83 104L","CORRENTE COM. XLR 250 82/83 104L","CORRENTE COM. XLR 250 82/83 104L",IRON,"Transmissão",MOTOCICLO
185418,"CORRENTE COM. SHINERAY SOFT TRAXX 50 82L","CORRENTE COM. SHINERAY SOFT TRAXX 50 82L","CORRENTE COM. SHINERAY SOFT TRAXX 50 82L",IRON,"Transmissão",MOTOCICLO
201623,"CORRENTE COM. YBR/XTZ 125 06/08/LEAD 110/NEO CRYPTON 115 90L","CORRENTE COM. YBR/XTZ 125 06/08/LEAD 110/NEO CRYPTON 115 90L","CORRENTE COM. YBR/XTZ 125 06/08/LEAD 110/NEO CRYPTON 115 90L",IRON,"Transmissão",MOTOCICLO
173082,"CORRENTE COM YBR/XTZ 125 06/16 90L","CORRENTE COM YBR/XTZ 125 06/16 90L","CORRENTE COM YBR/XTZ 125 06/16 90L",IRON,"Transmissão",MOTOCICLO
173081,"51","51","51",IRON,"Geral",MOTOCICLO
173080,"JUNÇÃO / BICO","JUNÇÃO / BICO","JUNÇÃO / BICO",IRON,"Ignição/Velas",MOTOCICLO
173083,"JUNÇÃO BICO INJETOR BIZ 110I 16/18","JUNÇÃO BICO INJETOR BIZ 110I 16/18","JUNÇÃO BICO INJETOR BIZ 110I 16/18",IRON,"Ignição/Velas",MOTOCICLO
173078,"JUNÇÃO BICO INJETOR BIZ 125 09/14","JUNÇÃO BICO INJETOR BIZ 125 09/14","JUNÇÃO BICO INJETOR BIZ 125 09/14",IRON,"Ignição/Velas",MOTOCICLO
173079,"JUNÇÃO BICO INJETOR LEAD 110","JUNÇÃO BICO INJETOR LEAD 110","JUNÇÃO BICO INJETOR LEAD 110",IRON,"Ignição/Velas",MOTOCICLO
187720,"JUNÇÃO BICO INJETOR NXR 160","JUNÇÃO BICO INJETOR NXR 160","JUNÇÃO BICO INJETOR NXR 160",IRON,"Ignição/Velas",MOTOCICLO
201624,"JUNÇÃO BICO INJETOR PCX 150 14/15","JUNÇÃO BICO INJETOR PCX 150 14/15","JUNÇÃO BICO INJETOR PCX 150 14/15",IRON,"Ignição/Velas",MOTOCICLO
201628,"JUNÇÃO BICO INJETOR BIZ 125 16/19","JUNÇÃO BICO INJETOR BIZ 125 16/19","JUNÇÃO BICO INJETOR BIZ 125 16/19",IRON,"Ignição/Velas",MOTOCICLO
201638,"JUNÇÃO BICO INJETOR CB 250F","JUNÇÃO BICO INJETOR CB 250F","JUNÇÃO BICO INJETOR CB 250F",IRON,"Ignição/Velas",MOTOCICLO
201642,"JUNÇÃO BICO INJETOR XRE 190","JUNÇÃO BICO INJETOR XRE 190","JUNÇÃO BICO INJETOR XRE 190",IRON,"Ignição/Velas",MOTOCICLO
201643,"JUNÇÃO BICO INJETOR YS 150 FAZER YBR 125I/150 FACTOR","JUNÇÃO BICO INJETOR YS 150 FAZER YBR 125I/150 FACTOR","JUNÇÃO BICO INJETOR YS 150 FAZER YBR 125I/150 FACTOR",IRON,"Ignição/Velas",MOTOCICLO
201644,"JUNÇÃO BICO INJETOR CG NXR 150 09/11","JUNÇÃO BICO INJETOR CG NXR 150 09/11","JUNÇÃO BICO INJETOR CG NXR 150 09/11",IRON,"Ignição/Velas",MOTOCICLO
201646,"JUNÇÃO BICO INJETOR SH 150","JUNÇÃO BICO INJETOR SH 150","JUNÇÃO BICO INJETOR SH 150",IRON,"Ignição/Velas",MOTOCICLO
201647,"JUNÇÃO BICO INJETOR CG 125I/160 16","JUNÇÃO BICO INJETOR CG 125I/160 16","JUNÇÃO BICO INJETOR CG 125I/160 16",IRON,"Ignição/Velas",MOTOCICLO
201899,"JUNÇÃO BICO INJETOR YS 250 FAZER XTZ 250 LANDER FLEX","JUNÇÃO BICO INJETOR YS 250 FAZER XTZ 250 LANDER FLEX","JUNÇÃO BICO INJETOR YS 250 FAZER XTZ 250 LANDER FLEX",IRON,"Ignição/Velas",MOTOCICLO
176444,"JUNÇÃO BICO INJETOR POP 110I","JUNÇÃO BICO INJETOR POP 110I","JUNÇÃO BICO INJETOR POP 110I",IRON,"Ignição/Velas",MOTOCICLO
201718,"JUNÇÃO BICO INJETOR ELITE 125 19/20","JUNÇÃO BICO INJETOR ELITE 125 19/20","JUNÇÃO BICO INJETOR ELITE 125 19/20",IRON,"Ignição/Velas",MOTOCICLO
122385,"JUNÇÃO BICO INJETOR CG 150 11/15","JUNÇÃO BICO INJETOR CG 150 11/15","JUNÇÃO BICO INJETOR CG 150 11/15",IRON,"Ignição/Velas",MOTOCICLO
182419,"BICO INJETOR BIZ 125 11/15 FLEX","BICO INJETOR BIZ 125 11/15 FLEX","BICO INJETOR BIZ 125 11/15 FLEX",IRON,"Ignição/Velas",MOTOCICLO
176442,"JUNÇÃO BICO INJETOR CB XRE 300 13/20","JUNÇÃO BICO INJETOR CB XRE 300 13/20","JUNÇÃO BICO INJETOR CB XRE 300 13/20",IRON,"Ignição/Velas",MOTOCICLO
188271,"JUNÇÃO BICO INJETOR CRF 250 19/23","JUNÇÃO BICO INJETOR CRF 250 19/23","JUNÇÃO BICO INJETOR CRF 250 19/23",IRON,"Ignição/Velas",MOTOCICLO
188273,"BICO INJETOR YS 250 FAZER XTZ 250 LANDER 16/22","BICO INJETOR YS 250 FAZER XTZ 250 LANDER 16/22","BICO INJETOR YS 250 FAZER XTZ 250 LANDER 16/22",IRON,"Ignição/Velas",MOTOCICLO
176453,"BICO INJETOR YS 150 FAZER XTZ 150 CROSSER YBR 150","BICO INJETOR YS 150 FAZER XTZ 150 CROSSER YBR 150","BICO INJETOR YS 150 FAZER XTZ 150 CROSSER YBR 150",IRON,"Ignição/Velas",MOTOCICLO
176433,"BICO INJETOR CB 250F 16/22","BICO INJETOR CB 250F 16/22","BICO INJETOR CB 250F 16/22",IRON,"Ignição/Velas",MOTOCICLO
176441,"BICO INJETOR BIZ 125 16/23","BICO INJETOR BIZ 125 16/23","BICO INJETOR BIZ 125 16/23",IRON,"Ignição/Velas",MOTOCICLO
176435,"BICO INJETOR CG 150 10/11 MIX","BICO INJETOR CG 150 10/11 MIX","BICO INJETOR CG 150 10/11 MIX",IRON,"Ignição/Velas",MOTOCICLO
176446,"BICO INJETOR CG 150 09 FAN 150 10 NXR 150 09/10 GAS","BICO INJETOR CG 150 09 FAN 150 10 NXR 150 09/10 GAS","BICO INJETOR CG 150 09 FAN 150 10 NXR 150 09/10 GAS",IRON,"Ignição/Velas",MOTOCICLO
176447,"BICO INJETOR XRE 190 16/22","BICO INJETOR XRE 190 16/22","BICO INJETOR XRE 190 16/22",IRON,"Ignição/Velas",MOTOCICLO
176434,"BICO INJETOR XRE 300 19/21","BICO INJETOR XRE 300 19/21","BICO INJETOR XRE 300 19/21",IRON,"Ignição/Velas",MOTOCICLO
176449,"BICO INJETOR BIZ 125 11/15 FLEX","BICO INJETOR BIZ 125 11/15 FLEX","BICO INJETOR BIZ 125 11/15 FLEX",IRON,"Ignição/Velas",MOTOCICLO
176438,"BICO INJETOR BIZ/POP 110I","BICO INJETOR BIZ/POP 110I","BICO INJETOR BIZ/POP 110I",IRON,"Ignição/Velas",MOTOCICLO
176436,"BICO INJETOR CG 160 START 16/21 16/21 - NXR 160 ES 16/17","BICO INJETOR CG 160 START 16/21 16/21 - NXR 160 ES 16/17","BICO INJETOR CG 160 START 16/21 16/21 - NXR 160 ES 16/17",IRON,"Ignição/Velas",MOTOCICLO
176454,"BICO INJETOR CG 150 FAN 150 14 NXR 160 15/17","BICO INJETOR CG 150 FAN 150 14 NXR 160 15/17","BICO INJETOR CG 150 FAN 150 14 NXR 160 15/17",IRON,"Ignição/Velas",MOTOCICLO
176440,"52","52","52",IRON,"Geral",MOTOCICLO
176451,"BICO / REGULADOR / VELA","BICO / REGULADOR / VELA","BICO / REGULADOR / VELA",IRON,"Ignição/Velas",MOTOCICLO
176437,"BICO INJETOR CB 300 13/15 XRE 300 13/23 CB 300F 23","BICO INJETOR CB 300 13/15 XRE 300 13/23 CB 300F 23","BICO INJETOR CB 300 13/15 XRE 300 13/23 CB 300F 23",IRON,"Ignição/Velas",MOTOCICLO
176450,"BICO INJETOR CG / FAN 160 16/22 FAN 125I 16/18 NXR 160 ESDD","BICO INJETOR CG / FAN 160 16/22 FAN 125I 16/18 NXR 160 ESDD 18/22","BICO INJETOR CG / FAN 160 16/22 FAN 125I 16/18 NXR 160 ESDD 18/22",IRON,"Ignição/Velas",MOTOCICLO
201715,"BICO INJETOR BIZ 125 09/10 LEAD 10/12","BICO INJETOR BIZ 125 09/10 LEAD 10/12","BICO INJETOR BIZ 125 09/10 LEAD 10/12",IRON,"Ignição/Velas",MOTOCICLO
176439,"BICO INJETOR NEO 125 17/20","BICO INJETOR NEO 125 17/20","BICO INJETOR NEO 125 17/20",IRON,"Ignição/Velas",MOTOCICLO
176455,"BICO INJETOR CG 150 09/10 NXR 150 10/12 MIX FAN 150 10","BICO INJETOR CG 150 09/10 NXR 150 10/12 MIX FAN 150 10","BICO INJETOR CG 150 09/10 NXR 150 10/12 MIX FAN 150 10",IRON,"Ignição/Velas",MOTOCICLO
201907,"BICO INJETOR CG 150 FAN 150 11/15 MIX NXR 150/160 13/15","BICO INJETOR CG 150 FAN 150 11/15 MIX NXR 150/160 13/15","BICO INJETOR CG 150 FAN 150 11/15 MIX NXR 150/160 13/15",IRON,"Ignição/Velas",MOTOCICLO
201709,"BICO INJETOR CB / XRE 300 10/12 CBR 250R/RA","BICO INJETOR CB / XRE 300 10/12 CBR 250R/RA","BICO INJETOR CB / XRE 300 10/12 CBR 250R/RA",IRON,"Ignição/Velas",MOTOCICLO
201902,"BICO INJETOR CG 150 09 FAN 150 10 NXR 150 09/10 GAS","BICO INJETOR CG 150 09 FAN 150 10 NXR 150 09/10 GAS","BICO INJETOR CG 150 09 FAN 150 10 NXR 150 09/10 GAS",IRON,"Ignição/Velas",MOTOCICLO
176448,"REGULADOR PRESSÃO CB 300 10/12","REGULADOR PRESSÃO CB 300 10/12","REGULADOR PRESSÃO CB 300 10/12",IRON,"Elétrica",MOTOCICLO
201700,"REGULADOR PRESSÃO CB 300 13/15","REGULADOR PRESSÃO CB 300 13/15","REGULADOR PRESSÃO CB 300 13/15",IRON,"Elétrica",MOTOCICLO
201910,"REGULADOR PRESSÃO BIZ CG/NXR 125/150 09/15","REGULADOR PRESSÃO BIZ CG/NXR 125/150 09/15","REGULADOR PRESSÃO BIZ CG/NXR 125/150 09/15",IRON,"Elétrica",MOTOCICLO
201906,"DIAFRAGMA B INJE. CAR. CG 125 8301","DIAFRAGMA B INJE. CAR. CG 125 8301","DIAFRAGMA B INJE. CAR. CG 125 8301",IRON,"Geral",MOTOCICLO
201909,"VELA YES 125 BR8EI","VELA YES 125 BR8EI","VELA YES 125 BR8EI",IRON,"Ignição/Velas",MOTOCICLO
182421,"VELA BIZ 125 B6RTC9","VELA BIZ 125 B6RTC9","VELA BIZ 125 B6RTC9",IRON,"Ignição/Velas",MOTOCICLO
185394,"VELA NXR 150 MAX 125/CRF 230 VT 600 D8RTC9","VELA NXR 150 MAX 125/CRF 230 VT 600 D8RTC9","VELA NXR 150 MAX 125/CRF 230 VT 600 D8RTC9",IRON,"Ignição/Velas",MOTOCICLO
182423,"VELA YBR 125 A7RTC","VELA YBR 125 A7RTC","VELA YBR 125 A7RTC",IRON,"Ignição/Velas",MOTOCICLO
201547,"VELA CB/XRE 300 D8RTC-9","VELA CB/XRE 300 D8RTC-9","VELA CB/XRE 300 D8RTC-9",IRON,"Ignição/Velas",MOTOCICLO
201908,"VELA BIZ 100 A6TC","VELA BIZ 100 A6TC","VELA BIZ 100 A6TC",IRON,"Ignição/Velas",MOTOCICLO
201543,"VELA CBX XR 250/CB 500 BH8RTI-9","VELA CBX XR 250/CB 500 BH8RTI-9","VELA CBX XR 250/CB 500 BH8RTI-9",IRON,"Ignição/Velas",MOTOCICLO
201556,"VELA CG 150 B8RTC9","VELA CG 150 B8RTC9","VELA CG 150 B8RTC9",IRON,"Ignição/Velas",MOTOCICLO
201561,"VELA JET SKI YAMAHA VXR 1800 KM6RTI-11","VELA JET SKI YAMAHA VXR 1800 KM6RTI-11","VELA JET SKI YAMAHA VXR 1800 KM6RTI-11",IRON,"Ignição/Velas",MOTOCICLO
201540,"VELA YS 250 FAZER XTZ 250 LANDER D8RTC","VELA YS 250 FAZER XTZ 250 LANDER D8RTC","VELA YS 250 FAZER XTZ 250 LANDER D8RTC",IRON,"Ignição/Velas",MOTOCICLO
182755,"VELA QUADRI BKR5E-11","VELA QUADRI BKR5E-11","VELA QUADRI BKR5E-11",IRON,"Ignição/Velas",MOTOCICLO
185607,"VELA CG 125 D8TC9","VELA CG 125 D8TC9","VELA CG 125 D8TC9",IRON,"Ignição/Velas",MOTOCICLO
182747,"53","53","53",IRON,"Geral",MOTOCICLO
182739,"CARBURADOR","CARBURADOR","CARBURADOR",IRON,"Carburador",MOTOCICLO
188552,"CARBURADOR YES 125 04/07","CARBURADOR YES 125 04/07","CARBURADOR YES 125 04/07",IRON,"Carburador",MOTOCICLO
182737,"CARBURADOR YES 125 08/09","CARBURADOR YES 125 08/09","CARBURADOR YES 125 08/09",IRON,"Carburador",MOTOCICLO
182743,"CARBURADOR YES 125 10/11","CARBURADOR YES 125 10/11","CARBURADOR YES 125 10/11",IRON,"Carburador",MOTOCICLO
182735,"CARBURADOR NXR 150 03/05","CARBURADOR NXR 150 03/05","CARBURADOR NXR 150 03/05",IRON,"Carburador",MOTOCICLO
185608,"CARBURADOR NXR 150 06/08","CARBURADOR NXR 150 06/08","CARBURADOR NXR 150 06/08",IRON,"Carburador",MOTOCICLO
182733,"CARBURADOR PHOENIX + 50","CARBURADOR PHOENIX + 50","CARBURADOR PHOENIX + 50",IRON,"Carburador",MOTOCICLO
201535,"CARBURADOR POP 100 12/15","CARBURADOR POP 100 12/15","CARBURADOR POP 100 12/15",IRON,"Carburador",MOTOCICLO
201525,"CARBURADOR XLR 125","CARBURADOR XLR 125","CARBURADOR XLR 125",IRON,"Carburador",MOTOCICLO
201605,"CARBURADOR XTZ 125 05/08","CARBURADOR XTZ 125 05/08","CARBURADOR XTZ 125 05/08",IRON,"Carburador",MOTOCICLO
201566,"CARBURADOR YBR 125 09/10","CARBURADOR YBR 125 09/10","CARBURADOR YBR 125 09/10",IRON,"Carburador",MOTOCICLO
201550,"CARBURADOR CG 125 82/99","CARBURADOR CG 125 82/99","CARBURADOR CG 125 82/99",IRON,"Carburador",MOTOCICLO
201564,"CARBURADOR JET 50","CARBURADOR JET 50","CARBURADOR JET 50",IRON,"Carburador",MOTOCICLO
201559,"CARBURADOR POP 100 07/11","CARBURADOR POP 100 07/11","CARBURADOR POP 100 07/11",IRON,"Carburador",MOTOCICLO
201527,"CARBURADOR XR 250","CARBURADOR XR 250","CARBURADOR XR 250",IRON,"Carburador",MOTOCICLO
182741,"CARBURADOR YBR 125 00/08","CARBURADOR YBR 125 00/08","CARBURADOR YBR 125 00/08",IRON,"Carburador",MOTOCICLO
182751,"CARBURADOR AN 125 BURGMAN 06/10","CARBURADOR AN 125 BURGMAN 06/10","CARBURADOR AN 125 BURGMAN 06/10",IRON,"Carburador",MOTOCICLO
182745,"CARBURADOR CG 125 09/13","CARBURADOR CG 125 09/13","CARBURADOR CG 125 09/13",IRON,"Carburador",MOTOCICLO
185462,"CARBURADOR NX 400 03/07","CARBURADOR NX 400 03/07","CARBURADOR NX 400 03/07",IRON,"Carburador",MOTOCICLO
122464,"CARBURADOR PHOENIX GOLD 50 JONNY HYPE 50","CARBURADOR PHOENIX GOLD 50 JONNY HYPE 50","CARBURADOR PHOENIX GOLD 50 JONNY HYPE 50",IRON,"Carburador",MOTOCICLO
176443,"CARBURADOR SHINERAY XY 50-Q","CARBURADOR SHINERAY XY 50-Q","CARBURADOR SHINERAY XY 50-Q",IRON,"Carburador",MOTOCICLO
176445,"CARBURADOR DK 150 18 SUZUKI","CARBURADOR DK 150 18 SUZUKI","CARBURADOR DK 150 18 SUZUKI",IRON,"Carburador",MOTOCICLO
14682,"CARBURADOR CRYPTON 105","CARBURADOR CRYPTON 105","CARBURADOR CRYPTON 105",IRON,"Carburador",MOTOCICLO
8715,"CARBURADOR BIZ 100 13/15","CARBURADOR BIZ 100 13/15","CARBURADOR BIZ 100 13/15",IRON,"Carburador",MOTOCICLO
17330,"CARBURADOR BIZ 100 99/05","CARBURADOR BIZ 100 99/05","CARBURADOR BIZ 100 99/05",IRON,"Carburador",MOTOCICLO
197534,"CARBURADOR BIZ 125 06/08","CARBURADOR BIZ 125 06/08","CARBURADOR BIZ 125 06/08",IRON,"Carburador",MOTOCICLO
38405,"CARBURADOR CG 125 00/08","CARBURADOR CG 125 00/08","CARBURADOR CG 125 00/08",IRON,"Carburador",MOTOCICLO
38402,"CARBURADOR CBX 250","CARBURADOR CBX 250","CARBURADOR CBX 250",IRON,"Carburador",MOTOCICLO
38407,"CARBURADOR CBX/NX/XR 200","CARBURADOR CBX/NX/XR 200","CARBURADOR CBX/NX/XR 200",IRON,"Carburador",MOTOCICLO
38406,"CARBURADOR CG 150 04/08","CARBURADOR CG 150 04/08","CARBURADOR CG 150 04/08",IRON,"Carburador",MOTOCICLO
122489,"CARBURADOR CG 150 05/08 SPORT","CARBURADOR CG 150 05/08 SPORT","CARBURADOR CG 150 05/08 SPORT",IRON,"Carburador",MOTOCICLO
38399,"CARBURADOR CRYPTON 115","CARBURADOR CRYPTON 115","CARBURADOR CRYPTON 115",IRON,"Carburador",MOTOCICLO
38401,"CARBURADOR CG 125 14/15","CARBURADOR CG 125 14/15","CARBURADOR CG 125 14/15",IRON,"Carburador",MOTOCICLO
28503,"54","54","54",IRON,"Geral",MOTOCICLO
17774,"CARBURADOR / REPARO","CARBURADOR / REPARO","CARBURADOR / REPARO",IRON,"Carburador",MOTOCICLO
38400,"CARBURADOR DAFRA SUPER 100","CARBURADOR DAFRA SUPER 100","CARBURADOR DAFRA SUPER 100",IRON,"Carburador",MOTOCICLO
42567,"CARBURADOR NXR 125 03/05","CARBURADOR NXR 125 03/05","CARBURADOR NXR 125 03/05",IRON,"Carburador",MOTOCICLO
28496,"CARBURADOR NXR 125 13/15","CARBURADOR NXR 125 13/15","CARBURADOR NXR 125 13/15",IRON,"Carburador",MOTOCICLO
28493,"REPARO CARBURADOR CBX 250","REPARO CARBURADOR CBX 250","REPARO CARBURADOR CBX 250",IRON,"Carburador/Reparos",MOTOCICLO
28497,"REPARO CARBURADOR BIZ 100 99/05","REPARO CARBURADOR BIZ 100 99/05","REPARO CARBURADOR BIZ 100 99/05",IRON,"Carburador/Reparos",MOTOCICLO
200985,"REPARO CARBURADOR BIZ 125 06/08","REPARO CARBURADOR BIZ 125 06/08","REPARO CARBURADOR BIZ 125 06/08",IRON,"Carburador/Reparos",MOTOCICLO
200977,"REPARO CARBURADOR POP 100","REPARO CARBURADOR POP 100","REPARO CARBURADOR POP 100",IRON,"Carburador/Reparos",MOTOCICLO
28491,"REPARO CARBURADOR NXR 150 03/08","REPARO CARBURADOR NXR 150 03/08","REPARO CARBURADOR NXR 150 03/08",IRON,"Carburador/Reparos",MOTOCICLO
28489,"REPARO CARB. YBR 125 09 FACTOR","REPARO CARB. YBR 125 09 FACTOR","REPARO CARB. YBR 125 09 FACTOR",IRON,"Carburador/Reparos",MOTOCICLO
185433,"REPARO CARBURADOR TITAN/FAN 125 09/13","REPARO CARBURADOR TITAN/FAN 125 09/13","REPARO CARBURADOR TITAN/FAN 125 09/13",IRON,"Carburador/Reparos",MOTOCICLO
28492,"REPARO CARBURADOR CG 125 02/08","REPARO CARBURADOR CG 125 02/08","REPARO CARBURADOR CG 125 02/08",IRON,"Carburador/Reparos",MOTOCICLO
185432,"REPARO CARBURADOR CG 150 04/08","REPARO CARBURADOR CG 150 04/08","REPARO CARBURADOR CG 150 04/08",IRON,"Carburador/Reparos",MOTOCICLO
28500,"REPARO CARBURADOR TITAN/FAN 125 09-13","REPARO CARBURADOR TITAN/FAN 125 09-13","REPARO CARBURADOR TITAN/FAN 125 09-13",IRON,"Carburador/Reparos",MOTOCICLO
28502,"REPARO CARBURADOR NX 400 00/10","REPARO CARBURADOR NX 400 00/10","REPARO CARBURADOR NX 400 00/10",IRON,"Carburador/Reparos",MOTOCICLO
28499,"REPARO CARBURADOR CG 125 92/99","REPARO CARBURADOR CG 125 92/99","REPARO CARBURADOR CG 125 92/99",IRON,"Carburador/Reparos",MOTOCICLO
28504,"REPARO CARBURADOR YBR/XTZ 125 00/08","REPARO CARBURADOR YBR/XTZ 125 00/08","REPARO CARBURADOR YBR/XTZ 125 00/08",IRON,"Carburador/Reparos",MOTOCICLO
28501,"REPARO YES 125 04-10","REPARO YES 125 04-10","REPARO YES 125 04-10",IRON,"Carburador/Reparos",MOTOCICLO
27581,"REPARO CARBURADOR CBX/NX NR 200","REPARO CARBURADOR CBX/NX NR 200","REPARO CARBURADOR CBX/NX NR 200",IRON,"Carburador/Reparos",MOTOCICLO
28495,"REPARO CARBURADOR AN 125 BURGMAN","REPARO CARBURADOR AN 125 BURGMAN","REPARO CARBURADOR AN 125 BURGMAN",IRON,"Carburador/Reparos",MOTOCICLO
28498,"REPARO CARBURADOR CRYPTON 105 98/05","REPARO CARBURADOR CRYPTON 105 98/05","REPARO CARBURADOR CRYPTON 105 98/05",IRON,"Carburador/Reparos",MOTOCICLO
28490,"55","55","55",IRON,"Geral",MOTOCICLO
187411,"COLETOR","COLETOR","COLETOR",IRON,"Admissão",MOTOCICLO
28494,"COLETOR ADM. CG/FAN 160 ISOLADOR","COLETOR ADM. CG/FAN 160 ISOLADOR","COLETOR ADM. CG/FAN 160 ISOLADOR",IRON,"Admissão",MOTOCICLO
28488,"COLETOR ADM BIZ 100 99/05 WEB 100","COLETOR ADM BIZ 100 99/05 WEB 100","COLETOR ADM BIZ 100 99/05 WEB 100",IRON,"Admissão",MOTOCICLO
121924,"COLETOR ADM. BIZ 125 06/08","COLETOR ADM. BIZ 125 06/08","COLETOR ADM. BIZ 125 06/08",IRON,"Admissão",MOTOCICLO
11436,"COLETOR ADM PHOENIX GOLD 50","COLETOR ADM PHOENIX GOLD 50","COLETOR ADM PHOENIX GOLD 50",IRON,"Admissão",MOTOCICLO
201292,"COLETOR ADM CBX 200","COLETOR ADM CBX 200","COLETOR ADM CBX 200",IRON,"Admissão",MOTOCICLO
201293,"COLETOR ADM. CG 125 83/05","COLETOR ADM. CG 125 83/05","COLETOR ADM. CG 125 83/05",IRON,"Admissão",MOTOCICLO
122484,"COLETOR ADM. MAX 125 S/ CATALISADOR","COLETOR ADM. MAX 125 S/ CATALISADOR","COLETOR ADM. MAX 125 S/ CATALISADOR",IRON,"Admissão",MOTOCICLO
188655,"COLETOR ADM. MAX 125 C/ CATALISADOR","COLETOR ADM. MAX 125 C/ CATALISADOR","COLETOR ADM. MAX 125 C/ CATALISADOR",IRON,"Admissão",MOTOCICLO
188659,"COLETOR ADM. YBR 125 2009 FACTOR","COLETOR ADM. YBR 125 2009 FACTOR","COLETOR ADM. YBR 125 2009 FACTOR",IRON,"Admissão",MOTOCICLO
201323,"COLETOR ADM. YS 250 FAZER XTZ 250 LANDER","COLETOR ADM. YS 250 FAZER XTZ 250 LANDER","COLETOR ADM. YS 250 FAZER XTZ 250 LANDER",IRON,"Admissão",MOTOCICLO
201321,"COLETOR ADM. CBX/XR 250","COLETOR ADM. CBX/XR 250","COLETOR ADM. CBX/XR 250",IRON,"Admissão",MOTOCICLO
201303,"COLETOR ADM. CG 125 09/12 C/CATALIZADOR","COLETOR ADM. CG 125 09/12 C/CATALIZADOR","COLETOR ADM. CG 125 09/12 C/CATALIZADOR",IRON,"Admissão",MOTOCICLO
201329,"COLETOR ADM. BIZ 125 09/17","COLETOR ADM. BIZ 125 09/17","COLETOR ADM. BIZ 125 09/17",IRON,"Admissão",MOTOCICLO
201308,"COLETOR ADM. CB/XRE 300","COLETOR ADM. CB/XRE 300","COLETOR ADM. CB/XRE 300",IRON,"Admissão",MOTOCICLO
201336,"COLETOR ADM. NX/XR 200","COLETOR ADM. NX/XR 200","COLETOR ADM. NX/XR 200",IRON,"Admissão",MOTOCICLO
201335,"COLETOR ADM. NXR 150 06/08 C/CATALIZADOR","COLETOR ADM. NXR 150 06/08 C/CATALIZADOR","COLETOR ADM. NXR 150 06/08 C/CATALIZADOR",IRON,"Admissão",MOTOCICLO
122389,"COLETOR ADM. CG 150 06/08 C/CATALIZADOR","COLETOR ADM. CG 150 06/08 C/CATALIZADOR","COLETOR ADM. CG 150 06/08 C/CATALIZADOR",IRON,"Admissão",MOTOCICLO
187988,"COLETOR ADM. CG/NXR 150 09","COLETOR ADM. CG/NXR 150 09","COLETOR ADM. CG/NXR 150 09",IRON,"Admissão",MOTOCICLO
188661,"COLETOR ADM. YES 125 C/CATALIZADOR","COLETOR ADM. YES 125 C/CATALIZADOR","COLETOR ADM. YES 125 C/CATALIZADOR",IRON,"Admissão",MOTOCICLO
201337,"COLETOR ADM. CG 150 04/05 S/CATALIZADOR","COLETOR ADM. CG 150 04/05 S/CATALIZADOR","COLETOR ADM. CG 150 04/05 S/CATALIZADOR",IRON,"Admissão",MOTOCICLO
201326,"COLETOR ADM. XLR 125","COLETOR ADM. XLR 125","COLETOR ADM. XLR 125",IRON,"Admissão",MOTOCICLO
201314,"COLETOR ADM. YBR/XTZ 125 00/05/08 S/CAT","COLETOR ADM. YBR/XTZ 125 00/05/08 S/CAT","COLETOR ADM. YBR/XTZ 125 00/05/08 S/CAT",IRON,"Admissão",MOTOCICLO
201317,"COLETOR ADM. CG 125 06/08 C/CATALIZADOR","COLETOR ADM. CG 125 06/08 C/CATALIZADOR","COLETOR ADM. CG 125 06/08 C/CATALIZADOR",IRON,"Admissão",MOTOCICLO
201313,"COLETOR ADM. CRYPTON 115 09/16","COLETOR ADM. CRYPTON 115 09/16","COLETOR ADM. CRYPTON 115 09/16",IRON,"Admissão",MOTOCICLO
201040,"COLETOR ADM. CRF 230","COLETOR ADM. CRF 230","COLETOR ADM. CRF 230",IRON,"Admissão",MOTOCICLO
201060,"COLETOR ADM. YES 125 S/CATALIZADOR","COLETOR ADM. YES 125 S/CATALIZADOR","COLETOR ADM. YES 125 S/CATALIZADOR",IRON,"Admissão",MOTOCICLO
201042,"COLETOR ADM. NXR 160","COLETOR ADM. NXR 160","COLETOR ADM. NXR 160",IRON,"Admissão",MOTOCICLO
201059,"COLETOR ADM. PCX 150 14/18","COLETOR ADM. PCX 150 14/18","COLETOR ADM. PCX 150 14/18",IRON,"Admissão",MOTOCICLO
201057,"COLETOR ADM. YBR 125I FACTOR 16/17 ISOLADOR","COLETOR ADM. YBR 125I FACTOR 16/17 ISOLADOR","COLETOR ADM. YBR 125I FACTOR 16/17 ISOLADOR",IRON,"Admissão",MOTOCICLO
201311,"COLETOR ADM. NXR 125/150 03/05","COLETOR ADM. NXR 125/150 03/05","COLETOR ADM. NXR 125/150 03/05",IRON,"Admissão",MOTOCICLO
201041,"COLETOR ADM. POP 110I BIZ 110I 16... 125 18...","COLETOR ADM. POP 110I BIZ 110I 16... 125 18...","COLETOR ADM. POP 110I BIZ 110I 16... 125 18...",IRON,"Admissão",MOTOCICLO
122482,"COLETOR ADM XRE 190","COLETOR ADM XRE 190","COLETOR ADM XRE 190",IRON,"Admissão",MOTOCICLO
185361,"56","56","56",IRON,"Geral",MOTOCICLO
122494,"COLETOR / CONDUTOR","COLETOR / CONDUTOR","COLETOR / CONDUTOR",IRON,"Admissão",MOTOCICLO
185860,"COLETOR ADM. AN 125 BURGMAN 05/10","COLETOR ADM. AN 125 BURGMAN 05/10","COLETOR ADM. AN 125 BURGMAN 05/10",IRON,"Admissão",MOTOCICLO
185859,"COLETOR ADM. CB 250F 16/22","COLETOR ADM. CB 250F 16/22","COLETOR ADM. CB 250F 16/22",IRON,"Admissão",MOTOCICLO
185885,"COLETOR ADM. DAFRA KANSAS 150","COLETOR ADM. DAFRA KANSAS 150","COLETOR ADM. DAFRA KANSAS 150",IRON,"Admissão",MOTOCICLO
185876,"COLETOR ADM. NX 400","COLETOR ADM. NX 400","COLETOR ADM. NX 400",IRON,"Admissão",MOTOCICLO
185855,"COLETOR ADM. YS 150 FAZER YBR 150/XTZ 150 CROSSER","COLETOR ADM. YS 150 FAZER YBR 150/XTZ 150 CROSSER","COLETOR ADM. YS 150 FAZER YBR 150/XTZ 150 CROSSER",IRON,"Admissão",MOTOCICLO
185866,"CONDUTOR AR BIZ 125 09/17","CONDUTOR AR BIZ 125 09/17","CONDUTOR AR BIZ 125 09/17",IRON,"Admissão",MOTOCICLO
185883,"COLETOR ADM. DAFRA SPEED 150","COLETOR ADM. DAFRA SPEED 150","COLETOR ADM. DAFRA SPEED 150",IRON,"Admissão",MOTOCICLO
185882,"CONDUTOR AR CG 125 83/99","CONDUTOR AR CG 125 83/99","CONDUTOR AR CG 125 83/99",IRON,"Admissão",MOTOCICLO
185881,"CONDUTOR T FILTRO AR POP 100","CONDUTOR T FILTRO AR POP 100","CONDUTOR T FILTRO AR POP 100",IRON,"Admissão",MOTOCICLO
185880,"CONDUTOR T FILTRO AR BIZ 125","CONDUTOR T FILTRO AR BIZ 125","CONDUTOR T FILTRO AR BIZ 125",IRON,"Admissão",MOTOCICLO
185878,"CONDUTOR AR CG FAN 160 16/19","CONDUTOR AR CG FAN 160 16/19","CONDUTOR AR CG FAN 160 16/19",IRON,"Admissão",MOTOCICLO
185877,"CONDUTOR AR CG 150 04/08","CONDUTOR AR CG 150 04/08","CONDUTOR AR CG 150 04/08",IRON,"Admissão",MOTOCICLO
185879,"CONDUTOR AR YS 250 FAZER 06/10","CONDUTOR AR YS 250 FAZER 06/10","CONDUTOR AR YS 250 FAZER 06/10",IRON,"Admissão",MOTOCICLO
185875,"CONDUTOR AR POP 110I","CONDUTOR AR POP 110I","CONDUTOR AR POP 110I",IRON,"Admissão",MOTOCICLO
185874,"CONDUTOR AR YBR 125 00/08","CONDUTOR AR YBR 125 00/08","CONDUTOR AR YBR 125 00/08",IRON,"Admissão",MOTOCICLO
185862,"CONDUTOR AR YS 150 FAZER YBR 150 FACTOR","CONDUTOR AR YS 150 FAZER YBR 150 FACTOR","CONDUTOR AR YS 150 FAZER YBR 150 FACTOR",IRON,"Admissão",MOTOCICLO
185856,"CONDUTOR AR NXR 125/150 03/05","CONDUTOR AR NXR 125/150 03/05","CONDUTOR AR NXR 125/150 03/05",IRON,"Admissão",MOTOCICLO
185873,"CONDUTOR AR CG/FAN 150 09/13","CONDUTOR AR CG/FAN 150 09/13","CONDUTOR AR CG/FAN 150 09/13",IRON,"Admissão",MOTOCICLO
121018,"CONDUTOR AR NX/XR 200","CONDUTOR AR NX/XR 200","CONDUTOR AR NX/XR 200",IRON,"Admissão",MOTOCICLO
185871,"CONDUTOR AR CBX 250","CONDUTOR AR CBX 250","CONDUTOR AR CBX 250",IRON,"Admissão",MOTOCICLO
185868,"CONDUTOR AR CG 125 00/08","CONDUTOR AR CG 125 00/08","CONDUTOR AR CG 125 00/08",IRON,"Admissão",MOTOCICLO
185861,"CONDUTOR AR NXR 150 06/08","CONDUTOR AR NXR 150 06/08","CONDUTOR AR NXR 150 06/08",IRON,"Admissão",MOTOCICLO
185865,"CONDUTOR AR XLR 125","CONDUTOR AR XLR 125","CONDUTOR AR XLR 125",IRON,"Admissão",MOTOCICLO
185872,"CONDUTOR AR YS 250 FAZER","CONDUTOR AR YS 250 FAZER","CONDUTOR AR YS 250 FAZER",IRON,"Admissão",MOTOCICLO
185884,"CONDUTOR TAMPA FILTRO AR BIZ 100","CONDUTOR TAMPA FILTRO AR BIZ 100","CONDUTOR TAMPA FILTRO AR BIZ 100",IRON,"Admissão",MOTOCICLO
185857,"CONDUTOR AR BIZ 125 06/08","CONDUTOR AR BIZ 125 06/08","CONDUTOR AR BIZ 125 06/08",IRON,"Admissão",MOTOCICLO
185870,"CONDUTOR T FILTRO AR CG 160/START","CONDUTOR T FILTRO AR CG 160/START","CONDUTOR T FILTRO AR CG 160/START",IRON,"Admissão",MOTOCICLO
185869,"CONDUTOR T FILTRO AR CG 125 09/13","CONDUTOR T FILTRO AR CG 125 09/13","CONDUTOR T FILTRO AR CG 125 09/13",IRON,"Admissão",MOTOCICLO
185867,"CONDUTOR AR BIZ 100 99/05","CONDUTOR AR BIZ 100 99/05","CONDUTOR AR BIZ 100 99/05",IRON,"Admissão",MOTOCICLO
185864,"CONDUTOR TAMPA FILTRO AR CG/FAN 150 09/13","CONDUTOR TAMPA FILTRO AR CG/FAN 150 09/13","CONDUTOR TAMPA FILTRO AR CG/FAN 150 09/13",IRON,"Admissão",MOTOCICLO
185863,"CONDUTOR AR NXR 150 09/15","CONDUTOR AR NXR 150 09/15","CONDUTOR AR NXR 150 09/15",IRON,"Admissão",MOTOCICLO
13983,"CONDUTOR AR CBX 200","CONDUTOR AR CBX 200","CONDUTOR AR CBX 200",IRON,"Admissão",MOTOCICLO
185367,"57","57","57",IRON,"Geral",MOTOCICLO
196415,"CONDUTOR / TUBO ADM","CONDUTOR / TUBO ADM","CONDUTOR / TUBO ADM",IRON,"Admissão",MOTOCICLO
196412,"TUBO ADM JET 50","TUBO ADM JET 50","TUBO ADM JET 50",IRON,"Admissão",MOTOCICLO
196497,"TUBO ADM BIZ 100 99/05 WEB 100","TUBO ADM BIZ 100 99/05 WEB 100","TUBO ADM BIZ 100 99/05 WEB 100",IRON,"Admissão",MOTOCICLO
196369,"TUBO ADM BIZ 125 06/08","TUBO ADM BIZ 125 06/08","TUBO ADM BIZ 125 06/08",IRON,"Admissão",MOTOCICLO
196409,"TUBO ADM SHINERAY XY 50-Q KS","TUBO ADM SHINERAY XY 50-Q KS","TUBO ADM SHINERAY XY 50-Q KS",IRON,"Admissão",MOTOCICLO
196418,"TUBO ADM PHOENIX GOLD 50","TUBO ADM PHOENIX GOLD 50","TUBO ADM PHOENIX GOLD 50",IRON,"Admissão",MOTOCICLO
196479,"TUBO ADM SHINERAY XY 50-Q ES","TUBO ADM SHINERAY XY 50-Q ES","TUBO ADM SHINERAY XY 50-Q ES",IRON,"Admissão",MOTOCICLO
196309,"CONDUTOR AR XTZ 125","CONDUTOR AR XTZ 125","CONDUTOR AR XTZ 125",IRON,"Admissão",MOTOCICLO
188681,"58","58","58",IRON,"Geral",MOTOCICLO
188685,"KIT PARTIDA / MOTOR PARTIDA","KIT PARTIDA / MOTOR PARTIDA","KIT PARTIDA / MOTOR PARTIDA",IRON,"Partida",MOTOCICLO
188683,"KIT PARTIDA POP 110I","KIT PARTIDA POP 110I","KIT PARTIDA POP 110I",IRON,"Partida",MOTOCICLO
188689,"MOTOR PARTIDA DAFRA KANSAS 150","MOTOR PARTIDA DAFRA KANSAS 150","MOTOR PARTIDA DAFRA KANSAS 150",IRON,"Partida",MOTOCICLO
188701,"MOTOR PARTIDA DAFRA SPEED 150","MOTOR PARTIDA DAFRA SPEED 150","MOTOR PARTIDA DAFRA SPEED 150",IRON,"Partida",MOTOCICLO
188679,"MOTOR PARTIDA FUTURE 125 DAFRA LASER 150/TR 150","MOTOR PARTIDA FUTURE 125 DAFRA LASER 150/TR 150","MOTOR PARTIDA FUTURE 125 DAFRA LASER 150/TR 150",IRON,"Partida",MOTOCICLO
188695,"MOTOR PARTIDA JET 50","MOTOR PARTIDA JET 50","MOTOR PARTIDA JET 50",IRON,"Partida",MOTOCICLO
188677,"MOTOR PARTIDA LEAD 110","MOTOR PARTIDA LEAD 110","MOTOR PARTIDA LEAD 110",IRON,"Partida",MOTOCICLO
188693,"MOTOR PARTIDA NEO AT 115 05/08","MOTOR PARTIDA NEO AT 115 05/08","MOTOR PARTIDA NEO AT 115 05/08",IRON,"Partida",MOTOCICLO
188675,"MOTOR PARTIDA HUNTER MAX 125","MOTOR PARTIDA HUNTER MAX 125","MOTOR PARTIDA HUNTER MAX 125",IRON,"Partida",MOTOCICLO
188691,"MOTOR PARTIDA NXR 125/150 03/04/CRF 230 07","MOTOR PARTIDA NXR 125/150 03/04/CRF 230 07","MOTOR PARTIDA NXR 125/150 03/04/CRF 230 07",IRON,"Partida",MOTOCICLO
188687,"MOTOR PARTIDA PHOENIX GOLD JONNY HYPE 50","MOTOR PARTIDA PHOENIX GOLD JONNY HYPE 50","MOTOR PARTIDA PHOENIX GOLD JONNY HYPE 50",IRON,"Partida",MOTOCICLO
188703,"MOTOR PARTIDA XLR 125","MOTOR PARTIDA XLR 125","MOTOR PARTIDA XLR 125",IRON,"Partida",MOTOCICLO
121915,"MOTOR PARTIDA XT 600/660R","MOTOR PARTIDA XT 600/660R","MOTOR PARTIDA XT 600/660R",IRON,"Partida",MOTOCICLO
188697,"MOTOR PARTIDA CG 125 ES/KSE","MOTOR PARTIDA CG 125 ES/KSE","MOTOR PARTIDA CG 125 ES/KSE",IRON,"Partida",MOTOCICLO
201126,"MOTOR PARTIDA CB 250F","MOTOR PARTIDA CB 250F","MOTOR PARTIDA CB 250F",IRON,"Partida",MOTOCICLO
188657,"MOTOR PARTIDA YBR/XTZ 125","MOTOR PARTIDA YBR/XTZ 125","MOTOR PARTIDA YBR/XTZ 125",IRON,"Partida",MOTOCICLO
122485,"MOTOR PARTIDA BIZ 125 11/17","MOTOR PARTIDA BIZ 125 11/17","MOTOR PARTIDA BIZ 125 11/17",IRON,"Partida",MOTOCICLO
11838,"MOTOR PARTIDA NX 400","MOTOR PARTIDA NX 400","MOTOR PARTIDA NX 400",IRON,"Partida",MOTOCICLO
196241,"MOTOR PARTIDA BIZ 100 ES GREEN 150 SPORT","MOTOR PARTIDA BIZ 100 ES GREEN 150 SPORT","MOTOR PARTIDA BIZ 100 ES GREEN 150 SPORT",IRON,"Partida",MOTOCICLO
121345,"MOTOR PARTIDA CRYPTON 115 10/15","MOTOR PARTIDA CRYPTON 115 10/15","MOTOR PARTIDA CRYPTON 115 10/15",IRON,"Partida",MOTOCICLO
173315,"MOTOR PARTIDA AN 125 BURGMAN 06/11","MOTOR PARTIDA AN 125 BURGMAN 06/11","MOTOR PARTIDA AN 125 BURGMAN 06/11",IRON,"Partida",MOTOCICLO
26348,"MOTOR PARTIDA CG / NXR 160","MOTOR PARTIDA CG / NXR 160","MOTOR PARTIDA CG / NXR 160",IRON,"Partida",MOTOCICLO
183254,"MOTOR PARTIDA CB / XRE 300","MOTOR PARTIDA CB / XRE 300","MOTOR PARTIDA CB / XRE 300",IRON,"Partida",MOTOCICLO
178767,"MOTOR PARTIDA QUADRICICLO FOURTRAX TRX 420","MOTOR PARTIDA QUADRICICLO FOURTRAX TRX 420","MOTOR PARTIDA QUADRICICLO FOURTRAX TRX 420",IRON,"Partida",MOTOCICLO
121923,"MOTOR PARTIDA YS 250 FAZER XTZ 250 LANDER 06/11","MOTOR PARTIDA YS 250 FAZER XTZ 250 LANDER 06/11","MOTOR PARTIDA YS 250 FAZER XTZ 250 LANDER 06/11",IRON,"Partida",MOTOCICLO
196069,"MOTOR PARTIDA YS 250 FAZER XTZ 250 LANDER 12","MOTOR PARTIDA YS 250 FAZER XTZ 250 LANDER 12","MOTOR PARTIDA YS 250 FAZER XTZ 250 LANDER 12",IRON,"Partida",MOTOCICLO
178766,"MOTOR PARTIDA LEAD 110","MOTOR PARTIDA LEAD 110","MOTOR PARTIDA LEAD 110",IRON,"Partida",MOTOCICLO
178768,"MOTOR PARTIDA CRF 230 08","MOTOR PARTIDA CRF 230 08","MOTOR PARTIDA CRF 230 08",IRON,"Partida",MOTOCICLO
178773,"MOTOR PARTIDA BIZ 125 06/09","MOTOR PARTIDA BIZ 125 06/09","MOTOR PARTIDA BIZ 125 06/09",IRON,"Partida",MOTOCICLO
178771,"MOTOR PARTIDA CBX/XR 250","MOTOR PARTIDA CBX/XR 250","MOTOR PARTIDA CBX/XR 250",IRON,"Partida",MOTOCICLO
178772,"MOTOR PARTIDA YS 150 FAZER XTZ 150/YBR 150","MOTOR PARTIDA YS 150 FAZER XTZ 150/YBR 150","MOTOR PARTIDA YS 150 FAZER XTZ 150/YBR 150",IRON,"Partida",MOTOCICLO
178769,"MOTOR PART YES INTRU 125 STX 200","MOTOR PART YES INTRU 125 STX 200","MOTOR PART YES INTRU 125 STX 200",IRON,"Partida",MOTOCICLO
178779,"MOTOR PARTIDA CBX/NX/XR 200","MOTOR PARTIDA CBX/NX/XR 200","MOTOR PARTIDA CBX/NX/XR 200",IRON,"Partida",MOTOCICLO
178780,"MOTOR PARTIDA / ENGRENAGEM / MAGNETO","MOTOR PARTIDA / ENGRENAGEM / MAGNETO","MOTOR PARTIDA / ENGRENAGEM / MAGNETO",IRON,"Partida",MOTOCICLO
26038,"MOTOR PARTIDA CG 150 04/14 NXR 150 06/08 FAN 125 09","MOTOR PARTIDA CG 150 04/14 NXR 150 06/08 FAN 125 09","MOTOR PARTIDA CG 150 04/14 NXR 150 06/08 FAN 125 09",IRON,"Partida",MOTOCICLO
178770,"MOTOR PARTIDA CRYPTON 105","MOTOR PARTIDA CRYPTON 105","MOTOR PARTIDA CRYPTON 105",IRON,"Partida",MOTOCICLO
26037,"ENGRE. PRI. MOV. EMBRE. JET 50 69D","ENGRE. PRI. MOV. EMBRE. JET 50 69D","ENGRE. PRI. MOV. EMBRE. JET 50 69D",IRON,"Geral",MOTOCICLO
121023,"ENGRE. PRI. MOV. EMBRE. PHOENIX 50","ENGRE. PRI. MOV. EMBRE. PHOENIX 50","ENGRE. PRI. MOV. EMBRE. PHOENIX 50",IRON,"Geral",MOTOCICLO
26039,"ENGRE. REDUÇÃO PARTIDA CG/NXR 150 15/53D","ENGRE. REDUÇÃO PARTIDA CG/NXR 150 15/53D","ENGRE. REDUÇÃO PARTIDA CG/NXR 150 15/53D",IRON,"Partida",MOTOCICLO
183252,"ENGRE. REDUÇÃO PARTIDA BIZ 110I 14-55D","ENGRE. REDUÇÃO PARTIDA BIZ 110I 14-55D","ENGRE. REDUÇÃO PARTIDA BIZ 110I 14-55D",IRON,"Partida",MOTOCICLO
26040,"ENGRE. PLACA PARTIDA JET 50 50X/125X","ENGRE. PLACA PARTIDA JET 50 50X/125X","ENGRE. PLACA PARTIDA JET 50 50X/125X",IRON,"Partida",MOTOCICLO
173318,"ENGRE P PARTIDA YBR XTZ 125 00/08 DT 200 MOV 23D","ENGRE P PARTIDA YBR XTZ 125 00/08 DT 200 MOV 23D","ENGRE P PARTIDA YBR XTZ 125 00/08 DT 200 MOV 23D",IRON,"Partida",MOTOCICLO
350548,"ENGRE P PARTIDA YBR XTZ 125 LOUCA 28D","ENGRE P PARTIDA YBR XTZ 125 LOUCA 28D","ENGRE P PARTIDA YBR XTZ 125 LOUCA 28D",IRON,"Partida",MOTOCICLO
350549,"ENGRE. PLACA PARTIDA YS 250 FAZER XTZ 250 LANDER 72D","ENGRE. PLACA PARTIDA YS 250 FAZER XTZ 250 LANDER 72D","ENGRE. PLACA PARTIDA YS 250 FAZER XTZ 250 LANDER 72D",IRON,"Partida",MOTOCICLO
350552,"ENGRE. PLACA PARTIDA CG/NXR 160 ES/ESD/ESDD 62D","ENGRE. PLACA PARTIDA CG/NXR 160 ES/ESD/ESDD 62D","ENGRE. PLACA PARTIDA CG/NXR 160 ES/ESD/ESDD 62D",IRON,"Partida",MOTOCICLO
201253,"ENGRE. PLACA PARTIDA CG 150 ES ESD 58D","ENGRE. PLACA PARTIDA CG 150 ES ESD 58D","ENGRE. PLACA PARTIDA CG 150 ES ESD 58D",IRON,"Partida",MOTOCICLO
201235,"ENGRE. PLACA PARTIDA CBX/NX/XR 200 56D","ENGRE. PLACA PARTIDA CBX/NX/XR 200 56D","ENGRE. PLACA PARTIDA CBX/NX/XR 200 56D",IRON,"Partida",MOTOCICLO
201258,"ENGRE. PLACA PARTIDA BIZ 110I 55D","ENGRE. PLACA PARTIDA BIZ 110I 55D","ENGRE. PLACA PARTIDA BIZ 110I 55D",IRON,"Partida",MOTOCICLO
201246,"ENGRE. PLACA PARTIDA BIZ 100 98/05","ENGRE. PLACA PARTIDA BIZ 100 98/05","ENGRE. PLACA PARTIDA BIZ 100 98/05",IRON,"Partida",MOTOCICLO
201251,"ENGRE. PLACA PARTIDA PHOENIX GOLD 50","ENGRE. PLACA PARTIDA PHOENIX GOLD 50","ENGRE. PLACA PARTIDA PHOENIX GOLD 50",IRON,"Partida",MOTOCICLO
201240,"ENGRE P PARTIDA CG 125 PINHÃO 29D","ENGRE P PARTIDA CG 125 PINHÃO 29D","ENGRE P PARTIDA CG 125 PINHÃO 29D",IRON,"Partida",MOTOCICLO
201255,"ENGRE P. PARTIDA YBR 125 FACTOR LOUCA 27D","ENGRE P. PARTIDA YBR 125 FACTOR LOUCA 27D","ENGRE P. PARTIDA YBR 125 FACTOR LOUCA 27D",IRON,"Partida",MOTOCICLO
201248,"ENGRE. PLACA PART. YS 150 FZ XTZ 59D","ENGRE. PLACA PART. YS 150 FZ XTZ 59D","ENGRE. PLACA PART. YS 150 FZ XTZ 59D",IRON,"Embreagem/Partida",MOTOCICLO
201229,"ENGRE. PLACA PART. CBX/XR 250 60D","ENGRE. PLACA PART. CBX/XR 250 60D","ENGRE. PLACA PART. CBX/XR 250 60D",IRON,"Embreagem/Partida",MOTOCICLO
201244,"ENGRE. PLACA PART. YBR 125 06/08 46D","ENGRE. PLACA PART. YBR 125 06/08 46D","ENGRE. PLACA PART. YBR 125 06/08 46D",IRON,"Embreagem/Partida",MOTOCICLO
201215,"MAGNETO BIZ 125 06/08 ES","MAGNETO BIZ 125 06/08 ES","MAGNETO BIZ 125 06/08 ES",IRON,"Elétrica/Partida",MOTOCICLO
201213,"MAGNETO BIZ/POP 110I","MAGNETO BIZ/POP 110I","MAGNETO BIZ/POP 110I",IRON,"Elétrica/Partida",MOTOCICLO
201219,"MAGNETO CG 125 92/99","MAGNETO CG 125 92/99","MAGNETO CG 125 92/99",IRON,"Elétrica/Partida",MOTOCICLO
201223,"MAGNETO SHINERAY XY 50-Q","MAGNETO SHINERAY XY 50-Q","MAGNETO SHINERAY XY 50-Q",IRON,"Elétrica/Partida",MOTOCICLO
201221,"MAGNETO YES 125 05/11 INTRUDER 125 02/16","MAGNETO YES 125 05/11 INTRUDER 125 02/16","MAGNETO YES 125 05/11 INTRUDER 125 02/16",IRON,"Elétrica/Partida",MOTOCICLO
201242,"ENGRE. PLACA PART. NX 400/400I 72D","ENGRE. PLACA PART. NX 400/400I 72D","ENGRE. PLACA PART. NX 400/400I 72D",IRON,"Embreagem/Partida",MOTOCICLO
201262,"ENGRE. PLACA PART. YES 125 56D","ENGRE. PLACA PART. YES 125 56D","ENGRE. PLACA PART. YES 125 56D",IRON,"Embreagem/Partida",MOTOCICLO
201211,"MAGNETO CG 125 83/91","MAGNETO CG 125 83/91","MAGNETO CG 125 83/91",IRON,"Elétrica/Partida",MOTOCICLO
178762,"ENGRE. PLACA PART. YBR 125 00/05 46D","ENGRE. PLACA PART. YBR 125 00/05 46D","ENGRE. PLACA PART. YBR 125 00/05 46D",IRON,"Embreagem/Partida",MOTOCICLO
26034,"MAGNETO JET 50/50 X 125 X","MAGNETO JET 50/50 X 125 X","MAGNETO JET 50/50 X 125 X",IRON,"Elétrica/Partida",MOTOCICLO
12760,"60","60","60",IRON,"Geral",MOTOCICLO
12765,"ENGRE. PLACA PART. CB/XRE 300 60D","ENGRE. PLACA PART. CB/XRE 300 60D","ENGRE. PLACA PART. CB/XRE 300 60D",IRON,"Embreagem/Partida",MOTOCICLO
26032,"MESA MAGNETO / PLACA PARTIDA","MESA MAGNETO / PLACA PARTIDA","MESA MAGNETO / PLACA PARTIDA",IRON,"Chassi/Guidão",MOTOCICLO
26041,"MESA MAGNETO INTERNA BIZ PHOENIX GOLD MAIS/JET 100/50","MESA MAGNETO INTERNA BIZ PHOENIX GOLD MAIS/JET 100/50","MESA MAGNETO INTERNA BIZ PHOENIX GOLD MAIS/JET 100/50",IRON,"Chassi/Guidão",MOTOCICLO
178764,"MESA MAGNETO INTERNA JET 50","MESA MAGNETO INTERNA JET 50","MESA MAGNETO INTERNA JET 50",IRON,"Chassi/Guidão",MOTOCICLO
2752,"PLACA PARTIDA NEO 125 KIT","PLACA PARTIDA NEO 125 KIT","PLACA PARTIDA NEO 125 KIT",IRON,"Embreagem/Partida",MOTOCICLO
173312,"PLACA PARTIDA YBR 150 YS 150 FAZER XTZ 150 CROSSER KIT","PLACA PARTIDA YBR 150 YS 150 FAZER XTZ 150 CROSSER KIT","PLACA PARTIDA YBR 150 YS 150 FAZER XTZ 150 CROSSER KIT",IRON,"Embreagem/Partida",MOTOCICLO
26036,"PLACA PARTIDA CG 125 ES CBX / NX XR 200 / CRF 230 CBX / XR 2","PLACA PARTIDA CG 125 ES CBX / NX XR 200 / CRF 230 CBX / XR 250","PLACA PARTIDA CG 125 ES CBX / NX XR 200 / CRF 230 CBX / XR 250",IRON,"Embreagem/Partida",MOTOCICLO
24230,"PLACA PARTIDA YBR/XTZ 125 06/08/XT/TDM 225","PLACA PARTIDA YBR/XTZ 125 06/08/XT/TDM 225","PLACA PARTIDA YBR/XTZ 125 06/08/XT/TDM 225",IRON,"Embreagem/Partida",MOTOCICLO
173313,"PLACA PARTIDA AN 125I BURGMAN KIT","PLACA PARTIDA AN 125I BURGMAN KIT","PLACA PARTIDA AN 125I BURGMAN KIT",IRON,"Embreagem/Partida",MOTOCICLO
173311,"PLACA PARTIDA CB/XRE 300 KIT","PLACA PARTIDA CB/XRE 300 KIT","PLACA PARTIDA CB/XRE 300 KIT",IRON,"Embreagem/Partida",MOTOCICLO
178763,"PLACA PARTIDA CB/XRE 300","PLACA PARTIDA CB/XRE 300","PLACA PARTIDA CB/XRE 300",IRON,"Embreagem/Partida",MOTOCICLO
26030,"PLACA PARTIDA BIZ 110I / 125 CG / NXR 150/160","PLACA PARTIDA BIZ 110I / 125 CG / NXR 150/160","PLACA PARTIDA BIZ 110I / 125 CG / NXR 150/160",IRON,"Embreagem/Partida",MOTOCICLO
26347,"PLACA PARTIDA CRYPTON 115","PLACA PARTIDA CRYPTON 115","PLACA PARTIDA CRYPTON 115",IRON,"Embreagem/Partida",MOTOCICLO
178765,"PLACA PARTIDA CB 250F/XRE 190","PLACA PARTIDA CB 250F/XRE 190","PLACA PARTIDA CB 250F/XRE 190",IRON,"Embreagem/Partida",MOTOCICLO
178756,"PLACA PARTIDA YBR 150 YS 150 FAZER XTZ 150 CROSSER","PLACA PARTIDA YBR 150 YS 150 FAZER XTZ 150 CROSSER","PLACA PARTIDA YBR 150 YS 150 FAZER XTZ 150 CROSSER",IRON,"Embreagem/Partida",MOTOCICLO
26346,"PLACA PARTIDA YBR/XTZ 125 00/05","PLACA PARTIDA YBR/XTZ 125 00/05","PLACA PARTIDA YBR/XTZ 125 00/05",IRON,"Embreagem/Partida",MOTOCICLO
178753,"PLACA PARTIDA YES/INTRUDER 125","PLACA PARTIDA YES/INTRUDER 125","PLACA PARTIDA YES/INTRUDER 125",IRON,"Embreagem/Partida",MOTOCICLO
178761,"PLACA PARTIDA YS 250 FAZER XTZ 250 LANDER","PLACA PARTIDA YS 250 FAZER XTZ 250 LANDER","PLACA PARTIDA YS 250 FAZER XTZ 250 LANDER",IRON,"Embreagem/Partida",MOTOCICLO
178757,"PLACA PARTIDA YBR / XTZ 125 06 / 08 XT / TDM 225 KIT","PLACA PARTIDA YBR / XTZ 125 06 / 08 XT / TDM 225 KIT","PLACA PARTIDA YBR / XTZ 125 06 / 08 XT / TDM 225 KIT",IRON,"Embreagem/Partida",MOTOCICLO
178754,"PLACA PARTIDA YES/INTRUDER 125 KIT","PLACA PARTIDA YES/INTRUDER 125 KIT","PLACA PARTIDA YES/INTRUDER 125 KIT",IRON,"Embreagem/Partida",MOTOCICLO
178759,"PLACA PARTIDA CG / NXR 150 KIT","PLACA PARTIDA CG / NXR 150 KIT","PLACA PARTIDA CG / NXR 150 KIT",IRON,"Embreagem/Partida",MOTOCICLO
178760,"PLACA PARTIDA CRYPTON 105","PLACA PARTIDA CRYPTON 105","PLACA PARTIDA CRYPTON 105",IRON,"Embreagem/Partida",MOTOCICLO
178755,"PLACA PARTIDA PHOENIX GOLD MAIS SHINERAY XY-50","PLACA PARTIDA PHOENIX GOLD MAIS SHINERAY XY-50","PLACA PARTIDA PHOENIX GOLD MAIS SHINERAY XY-50",IRON,"Embreagem/Partida",MOTOCICLO
26042,"PLACA PARTIDA CG 125 00/04 CBX / NX XR 200 KIT","PLACA PARTIDA CG 125 00/04 CBX / NX XR 200 KIT","PLACA PARTIDA CG 125 00/04 CBX / NX XR 200 KIT",IRON,"Embreagem/Partida",MOTOCICLO
26033,"PLACA PARTIDA CBX/XR250 KIT","PLACA PARTIDA CBX/XR250 KIT","PLACA PARTIDA CBX/XR250 KIT",IRON,"Embreagem/Partida",MOTOCICLO
26031,"PLACA PARTIDA YS 250 FAZER XTZ 250 LANDER KIT","PLACA PARTIDA YS 250 FAZER XTZ 250 LANDER KIT","PLACA PARTIDA YS 250 FAZER XTZ 250 LANDER KIT",IRON,"Embreagem/Partida",MOTOCICLO
178758,"PLACA PARTIDA YBR/XTZ 125 00/05 KIT","PLACA PARTIDA YBR/XTZ 125 00/05 KIT","PLACA PARTIDA YBR/XTZ 125 00/05 KIT",IRON,"Embreagem/Partida",MOTOCICLO
26029,"PLACA PARTIDA BIZ 100 00/05 ES KIT","PLACA PARTIDA BIZ 100 00/05 ES KIT","PLACA PARTIDA BIZ 100 00/05 ES KIT",IRON,"Embreagem/Partida",MOTOCICLO
12084,"PLACA PARTIDA BIZ 100 00/05 ES","PLACA PARTIDA BIZ 100 00/05 ES","PLACA PARTIDA BIZ 100 00/05 ES",IRON,"Embreagem/Partida",MOTOCICLO
120397,"PLACA PARTIDA BIZ 110I KIT","PLACA PARTIDA BIZ 110I KIT","PLACA PARTIDA BIZ 110I KIT",IRON,"Embreagem/Partida",MOTOCICLO
26035,"PLACA PARTIDA CG/NXR 160 KIT","PLACA PARTIDA CG/NXR 160 KIT","PLACA PARTIDA CG/NXR 160 KIT",IRON,"Embreagem/Partida",MOTOCICLO
18046,"PLACA PARTIDA XRE 190 KIT","PLACA PARTIDA XRE 190 KIT","PLACA PARTIDA XRE 190 KIT",IRON,"Embreagem/Partida",MOTOCICLO
23481,"PLACA PARTIDA CRYPTON 115 KIT","PLACA PARTIDA CRYPTON 115 KIT","PLACA PARTIDA CRYPTON 115 KIT",IRON,"Embreagem/Partida",MOTOCICLO
196101,"61","61","61",IRON,"Geral",MOTOCICLO
196072,"PLACA PARTIDA AN 125 BURGMAN KIT","PLACA PARTIDA AN 125 BURGMAN KIT","PLACA PARTIDA AN 125 BURGMAN KIT",IRON,"Embreagem/Partida",MOTOCICLO
6821,"TAMPA / MOLA / EIXO / BUCHA / CORRENTE / CHAVETA","TAMPA / MOLA / EIXO / BUCHA / CORRENTE / CHAVETA","TAMPA / MOLA / EIXO / BUCHA / CORRENTE / CHAVETA",IRON,"Transmissão",MOTOCICLO
196074,"PLACA PARTIDA NEO AT 115 KIT","PLACA PARTIDA NEO AT 115 KIT","PLACA PARTIDA NEO AT 115 KIT",IRON,"Embreagem/Partida",MOTOCICLO
196093,"MOLA P PARTIDA PHOENIX GOLD/ SHINERAY XY 50-Q","MOLA P PARTIDA PHOENIX GOLD/ SHINERAY XY 50-Q","MOLA P PARTIDA PHOENIX GOLD/ SHINERAY XY 50-Q",IRON,"Motor/Suspensão",MOTOCICLO
121863,"TAMPA MOTOR PARTIDA CG/FAN NXR 125/150 09 / 06/15","TAMPA MOTOR PARTIDA CG/FAN NXR 125/150 09 / 06/15","TAMPA MOTOR PARTIDA CG/FAN NXR 125/150 09 / 06/15",IRON,"Partida",MOTOCICLO
196097,"MOLA P PART POP/BIZ 110I","MOLA P PART POP/BIZ 110I","MOLA P PART POP/BIZ 110I",IRON,"Motor/Suspensão",MOTOCICLO
196099,"MOLA P PARTIDA CG 125 82/99","MOLA P PARTIDA CG 125 82/99","MOLA P PARTIDA CG 125 82/99",IRON,"Motor/Suspensão",MOTOCICLO
178237,"MOLA P PARTIDA CG 125 00/08","MOLA P PARTIDA CG 125 00/08","MOLA P PARTIDA CG 125 00/08",IRON,"Motor/Suspensão",MOTOCICLO
183259,"MOLA P PARTIDA CG 150 KS 04/08","MOLA P PARTIDA CG 150 KS 04/08","MOLA P PARTIDA CG 150 KS 04/08",IRON,"Motor/Suspensão",MOTOCICLO
14854,"MOLA P PARTIDA YBR XTZ 125 00/08","MOLA P PARTIDA YBR XTZ 125 00/08","MOLA P PARTIDA YBR XTZ 125 00/08",IRON,"Motor/Suspensão",MOTOCICLO
41441,"MOLA P PARTIDA BIZ 100 99/05 POP/DREAM 100","MOLA P PARTIDA BIZ 100 99/05 POP/DREAM 100","MOLA P PARTIDA BIZ 100 99/05 POP/DREAM 100",IRON,"Motor/Suspensão",MOTOCICLO
16101,"MOLA ENGRE PARTIDA YBR RD/DT 125/135/180","MOLA ENGRE PARTIDA YBR RD/DT 125/135/180","MOLA ENGRE PARTIDA YBR RD/DT 125/135/180",IRON,"Motor/Suspensão",MOTOCICLO
39891,"MOLA ENGRE. PARTIDA CRYPTON 115","MOLA ENGRE. PARTIDA CRYPTON 115","MOLA ENGRE. PARTIDA CRYPTON 115",IRON,"Motor/Suspensão",MOTOCICLO
7406,"EIXO PARTIDA CG 125 00/08 NXR 125 03/05","EIXO PARTIDA CG 125 00/08 NXR 125 03/05","EIXO PARTIDA CG 125 00/08 NXR 125 03/05",IRON,"Eixos",MOTOCICLO
42974,"EIXO PARTIDA YBR 125 09 FACTOR","EIXO PARTIDA YBR 125 09 FACTOR","EIXO PARTIDA YBR 125 09 FACTOR",IRON,"Eixos",MOTOCICLO
39894,"EIXO PARTIDA CG 150 FAN 125 09 COMPLETO","EIXO PARTIDA CG 150 FAN 125 09 COMPLETO","EIXO PARTIDA CG 150 FAN 125 09 COMPLETO",IRON,"Eixos",MOTOCICLO
39886,"EIXO PARTIDA CG 150/FAN 125 09","EIXO PARTIDA CG 150/FAN 125 09","EIXO PARTIDA CG 150/FAN 125 09",IRON,"Eixos",MOTOCICLO
14855,"EIXO PARTIDA CG 125 77/99","EIXO PARTIDA CG 125 77/99","EIXO PARTIDA CG 125 77/99",IRON,"Eixos",MOTOCICLO
39890,"EIXO PARTIDA BIZ / POP 110I","EIXO PARTIDA BIZ / POP 110I","EIXO PARTIDA BIZ / POP 110I",IRON,"Eixos",MOTOCICLO
39895,"EIXO PARTIDA BIZ / POP 110I COMPLETO","EIXO PARTIDA BIZ / POP 110I COMPLETO","EIXO PARTIDA BIZ / POP 110I COMPLETO",IRON,"Eixos",MOTOCICLO
14839,"EIXO PARTIDA BIZ/DREAM POP 100","EIXO PARTIDA BIZ/DREAM POP 100","EIXO PARTIDA BIZ/DREAM POP 100",IRON,"Eixos",MOTOCICLO
178752,"EIXO PARTIDA BIZ / DREAM POP 100 COMPLETO","EIXO PARTIDA BIZ / DREAM POP 100 COMPLETO","EIXO PARTIDA BIZ / DREAM POP 100 COMPLETO",IRON,"Eixos",MOTOCICLO
6197,"EIXO PARTIDA YBR / XTZ 125 00/08","EIXO PARTIDA YBR / XTZ 125 00/08","EIXO PARTIDA YBR / XTZ 125 00/08",IRON,"Eixos",MOTOCICLO
14853,"EIXO PARTIDA YBR/XTZ 125 00/08 COMPLETO","EIXO PARTIDA YBR/XTZ 125 00/08 COMPLETO","EIXO PARTIDA YBR/XTZ 125 00/08 COMPLETO",IRON,"Eixos",MOTOCICLO
190619,"EIXO PARTIDA JET 50/50X/125X COMPLETO","EIXO PARTIDA JET 50/50X/125X COMPLETO","EIXO PARTIDA JET 50/50X/125X COMPLETO",IRON,"Eixos",MOTOCICLO
196066,"EIXO PARTIDA CG 125 77/99 COMPLETO","EIXO PARTIDA CG 125 77/99 COMPLETO","EIXO PARTIDA CG 125 77/99 COMPLETO",IRON,"Eixos",MOTOCICLO
120403,"BUCHA ENGRE. PEDAL PARTIDA JET 50/50 X 125 X","BUCHA ENGRE. PEDAL PARTIDA JET 50/50 X 125 X","BUCHA ENGRE. PEDAL PARTIDA JET 50/50 X 125 X",IRON,"Borrachas/Buchas",MOTOCICLO
14856,"CATRACA PARTIDA CG 125 18D","CATRACA PARTIDA CG 125 18D","CATRACA PARTIDA CG 125 18D",IRON,"Partida",MOTOCICLO
39892,"CORRENTE PARTIDA BIZ 100 JET PHOENIX GOLD 50","CORRENTE PARTIDA BIZ 100 JET PHOENIX GOLD 50","CORRENTE PARTIDA BIZ 100 JET PHOENIX GOLD 50",IRON,"Transmissão",MOTOCICLO
39889,"CHAVETA MAGNETO CG 125/150","CHAVETA MAGNETO CG 125/150","CHAVETA MAGNETO CG 125/150",IRON,"Motor/Fixação",MOTOCICLO
39887,"CHAVETA MAGNETO CB XRE 300/CBX XR 250","CHAVETA MAGNETO CB XRE 300/CBX XR 250","CHAVETA MAGNETO CB XRE 300/CBX XR 250",IRON,"Motor/Fixação",MOTOCICLO
18174,"EIXO PARTIDA BIZ 125","EIXO PARTIDA BIZ 125","EIXO PARTIDA BIZ 125",IRON,"Eixos",MOTOCICLO
185850,"EIXO PARTIDA PHOENIX GOLD SHINERAY XY 50 Q COMPLETO","EIXO PARTIDA PHOENIX GOLD SHINERAY XY 50 Q COMPLETO","EIXO PARTIDA PHOENIX GOLD SHINERAY XY 50 Q COMPLETO",IRON,"Eixos",MOTOCICLO
185843,"EIXO PARTIDA BIZ 125 COMPLETO","EIXO PARTIDA BIZ 125 COMPLETO","EIXO PARTIDA BIZ 125 COMPLETO",IRON,"Eixos",MOTOCICLO
183249,"62","62","62",IRON,"Geral",MOTOCICLO
185847,"KIT EMBREAGEM / CARCAÇA","KIT EMBREAGEM / CARCAÇA","KIT EMBREAGEM / CARCAÇA",IRON,"Embreagem",MOTOCICLO
185842,"KIT EMBREAGEM CG/NXR XRE 160/190","KIT EMBREAGEM CG/NXR XRE 160/190","KIT EMBREAGEM CG/NXR XRE 160/190",IRON,"Embreagem",MOTOCICLO
185845,"KIT EMBREAGEM CRF 230","KIT EMBREAGEM CRF 230","KIT EMBREAGEM CRF 230",IRON,"Embreagem",MOTOCICLO
185848,"KIT EMBREAGEM CRF 230 7 DISCO COMPETICAO","KIT EMBREAGEM CRF 230 7 DISCO COMPETICAO","KIT EMBREAGEM CRF 230 7 DISCO COMPETICAO",IRON,"Embreagem",MOTOCICLO
183247,"KIT EMBREAGEM YES 125","KIT EMBREAGEM YES 125","KIT EMBREAGEM YES 125",IRON,"Embreagem",MOTOCICLO
185849,"KIT EMBREAGEM JET 50","KIT EMBREAGEM JET 50","KIT EMBREAGEM JET 50",IRON,"Embreagem",MOTOCICLO
185852,"KIT EMBREAGEM BIZ 110I 18","KIT EMBREAGEM BIZ 110I 18","KIT EMBREAGEM BIZ 110I 18",IRON,"Embreagem",MOTOCICLO
185851,"KIT EMBREAGEM BIZ 125","KIT EMBREAGEM BIZ 125","KIT EMBREAGEM BIZ 125",IRON,"Embreagem",MOTOCICLO
185841,"KIT EMBREAGEM CB/XRE 300","KIT EMBREAGEM CB/XRE 300","KIT EMBREAGEM CB/XRE 300",IRON,"Embreagem",MOTOCICLO
185853,"KIT EMBREAGEM YBR 125I FACTOR 2016 2018","KIT EMBREAGEM YBR 125I FACTOR 2016 2018","KIT EMBREAGEM YBR 125I FACTOR 2016 2018",IRON,"Embreagem",MOTOCICLO
185844,"KIT EMBREAGEM BIZ 110I 16/17","KIT EMBREAGEM BIZ 110I 16/17","KIT EMBREAGEM BIZ 110I 16/17",IRON,"Embreagem",MOTOCICLO
185846,"KIT EMBREAGEM YS 150 FAZER/ XTZ 150 CROSSER","KIT EMBREAGEM YS 150 FAZER/ XTZ 150 CROSSER","KIT EMBREAGEM YS 150 FAZER/ XTZ 150 CROSSER",IRON,"Embreagem",MOTOCICLO
15504,"KIT EMBREAGEM YS 250 FAZER XTZ 250 LANDER","KIT EMBREAGEM YS 250 FAZER XTZ 250 LANDER","KIT EMBREAGEM YS 250 FAZER XTZ 250 LANDER",IRON,"Embreagem",MOTOCICLO
122490,"KIT EMBREAGEM CG 125 82/08 6 DISCOS COMPETIÇÃO","KIT EMBREAGEM CG 125 82/08 6 DISCOS COMPETIÇÃO","KIT EMBREAGEM CG 125 82/08 6 DISCOS COMPETIÇÃO",IRON,"Embreagem",MOTOCICLO
121925,"KIT EMBREAGEM CG/NXR 150 6 DISCOS COMPETIÇÃO","KIT EMBREAGEM CG/NXR 150 6 DISCOS COMPETIÇÃO","KIT EMBREAGEM CG/NXR 150 6 DISCOS COMPETIÇÃO",IRON,"Embreagem",MOTOCICLO
4481,"KIT EMBREAGEM CG 125","KIT EMBREAGEM CG 125","KIT EMBREAGEM CG 125",IRON,"Embreagem",MOTOCICLO
121926,"KIT EMBREAGEM POP 100","KIT EMBREAGEM POP 100","KIT EMBREAGEM POP 100",IRON,"Embreagem",MOTOCICLO
122487,"KIT EMBREAGEM BIZ/DREAM 100","KIT EMBREAGEM BIZ/DREAM 100","KIT EMBREAGEM BIZ/DREAM 100",IRON,"Embreagem",MOTOCICLO
27831,"KIT EMBREAGEM CBX/XR 250","KIT EMBREAGEM CBX/XR 250","KIT EMBREAGEM CBX/XR 250",IRON,"Embreagem",MOTOCICLO
201164,"KIT EMBREAGEM YBR/XTZ 125","KIT EMBREAGEM YBR/XTZ 125","KIT EMBREAGEM YBR/XTZ 125",IRON,"Embreagem",MOTOCICLO
119812,"KIT EMBREAGEM NX 400","KIT EMBREAGEM NX 400","KIT EMBREAGEM NX 400",IRON,"Embreagem",MOTOCICLO
175267,"KIT EMBREAGEM CG/NXR 150","KIT EMBREAGEM CG/NXR 150","KIT EMBREAGEM CG/NXR 150",IRON,"Embreagem",MOTOCICLO
119806,"KIT EMBREAGEM POP 110I","KIT EMBREAGEM POP 110I","KIT EMBREAGEM POP 110I",IRON,"Embreagem",MOTOCICLO
350569,"KIT EMB CRF 250F","KIT EMB CRF 250F","KIT EMB CRF 250F",IRON,"Geral",MOTOCICLO
201186,"KIT EMB CB 250F","KIT EMB CB 250F","KIT EMB CB 250F",IRON,"Geral",MOTOCICLO
201188,"KIT EMB DAFRA SPEED 150","KIT EMB DAFRA SPEED 150","KIT EMB DAFRA SPEED 150",IRON,"Geral",MOTOCICLO
201196,"CARCAÇA EMBREAGEM YES 125","CARCAÇA EMBREAGEM YES 125","CARCAÇA EMBREAGEM YES 125",IRON,"Carenagem/Motor",MOTOCICLO
201198,"CARCAÇA EMB. CBX/XR 250 62D","CARCAÇA EMB. CBX/XR 250 62D","CARCAÇA EMB. CBX/XR 250 62D",IRON,"Carenagem/Motor",MOTOCICLO
201190,"CARCAÇA EMB. CG 125 92/99 60D","CARCAÇA EMB. CG 125 92/99 60D","CARCAÇA EMB. CG 125 92/99 60D",IRON,"Carenagem/Motor",MOTOCICLO
187978,"CARCAÇA EMBREAGEM POP 100/110I","CARCAÇA EMBREAGEM POP 100/110I","CARCAÇA EMBREAGEM POP 100/110I",IRON,"Carenagem/Motor",MOTOCICLO
187980,"CARCAÇA EMB. YBR XTZ 125 00/05","CARCAÇA EMB. YBR XTZ 125 00/05","CARCAÇA EMB. YBR XTZ 125 00/05",IRON,"Carenagem/Motor",MOTOCICLO
187947,"CARCAÇA EMB. CRF 230","CARCAÇA EMB. CRF 230","CARCAÇA EMB. CRF 230",IRON,"Carenagem/Motor",MOTOCICLO
187976,"CARCAÇA EMBREAGEM BIZ 100 13/15 69D","CARCAÇA EMBREAGEM BIZ 100 13/15 69D","CARCAÇA EMBREAGEM BIZ 100 13/15 69D",IRON,"Carenagem/Motor",MOTOCICLO
187966,"63","63","63",IRON,"Geral",MOTOCICLO
188616,"CARCAÇA / PLATÔ / CUBO","CARCAÇA / PLATÔ / CUBO","CARCAÇA / PLATÔ / CUBO",IRON,"Carenagem/Motor",MOTOCICLO
188618,"CARCAÇA EMB. YBR XTZ 125 06/16","CARCAÇA EMB. YBR XTZ 125 06/16","CARCAÇA EMB. YBR XTZ 125 06/16",IRON,"Carenagem/Motor",MOTOCICLO
187949,"CARCAÇA EMB. CBX/NX XR 200 68D","CARCAÇA EMB. CBX/NX XR 200 68D","CARCAÇA EMB. CBX/NX XR 200 68D",IRON,"Carenagem/Motor",MOTOCICLO
187970,"CARCAÇA EMB. CRYPTON 115 81D","CARCAÇA EMB. CRYPTON 115 81D","CARCAÇA EMB. CRYPTON 115 81D",IRON,"Carenagem/Motor",MOTOCICLO
188612,"CARCAÇA EMB CG NXR 160 XRE 190 69D","CARCAÇA EMB CG NXR 160 XRE 190 69D","CARCAÇA EMB CG NXR 160 XRE 190 69D",IRON,"Carenagem/Motor",MOTOCICLO
187945,"CARCAÇA EMBREAGEM CG 150/125 04/15 KS 67D","CARCAÇA EMBREAGEM CG 150/125 04/15 KS 67D","CARCAÇA EMBREAGEM CG 150/125 04/15 KS 67D",IRON,"Carenagem/Motor",MOTOCICLO
187972,"CARCAÇA EMBREAGEM BIZ 100 99/05 69D","CARCAÇA EMBREAGEM BIZ 100 99/05 69D","CARCAÇA EMBREAGEM BIZ 100 99/05 69D",IRON,"Carenagem/Motor",MOTOCICLO
187968,"CARCAÇA EMBREAGEM BIZ 110I 18","CARCAÇA EMBREAGEM BIZ 110I 18","CARCAÇA EMBREAGEM BIZ 110I 18",IRON,"Carenagem/Motor",MOTOCICLO
187957,"CARCAÇA EMBREAGEM BIZ 125 06/17","CARCAÇA EMBREAGEM BIZ 125 06/17","CARCAÇA EMBREAGEM BIZ 125 06/17",IRON,"Carenagem/Motor",MOTOCICLO
187959,"CARCAÇA EMBREAGEM CRYPTON 105","CARCAÇA EMBREAGEM CRYPTON 105","CARCAÇA EMBREAGEM CRYPTON 105",IRON,"Carenagem/Motor",MOTOCICLO
197833,"CARCAÇA EMBREAGEM YS 150 FAZER XTZ 150 CROSSER","CARCAÇA EMBREAGEM YS 150 FAZER XTZ 150 CROSSER","CARCAÇA EMBREAGEM YS 150 FAZER XTZ 150 CROSSER",IRON,"Carenagem/Motor",MOTOCICLO
188614,"CARCAÇA EMBREAGEM TITAN 150 ESD","CARCAÇA EMBREAGEM TITAN 150 ESD","CARCAÇA EMBREAGEM TITAN 150 ESD",IRON,"Carenagem/Motor",MOTOCICLO
187961,"PLATÔ EMBREAGEM YES 125","PLATÔ EMBREAGEM YES 125","PLATÔ EMBREAGEM YES 125",IRON,"Embreagem",MOTOCICLO
187984,"PLATÔ EMBREAGEM CB/XRE 300","PLATÔ EMBREAGEM CB/XRE 300","PLATÔ EMBREAGEM CB/XRE 300",IRON,"Embreagem",MOTOCICLO
187986,"PLATÔ EMBREAGEM CBX/XR XLX 250/350","PLATÔ EMBREAGEM CBX/XR XLX 250/350","PLATÔ EMBREAGEM CBX/XR XLX 250/350",IRON,"Embreagem",MOTOCICLO
201192,"PLATÔ EMBREAGEM NX 400","PLATÔ EMBREAGEM NX 400","PLATÔ EMBREAGEM NX 400",IRON,"Embreagem",MOTOCICLO
350536,"PLATÔ EMBRE. CG 125 CBX/NX XR 150/200","PLATÔ EMBRE. CG 125 CBX/NX XR 150/200","PLATÔ EMBRE. CG 125 CBX/NX XR 150/200",IRON,"Geral",MOTOCICLO
201200,"PLATÔ EMBRE. BIZ/DREAM 100","PLATÔ EMBRE. BIZ/DREAM 100","PLATÔ EMBRE. BIZ/DREAM 100",IRON,"Geral",MOTOCICLO
182727,"PLATÔ EMBRE. YBR 125I FACTOR 16/18","PLATÔ EMBRE. YBR 125I FACTOR 16/18","PLATÔ EMBRE. YBR 125I FACTOR 16/18",IRON,"Geral",MOTOCICLO
182706,"PLATO EMBREAGEM YS 250 XTZ 250","PLATO EMBREAGEM YS 250 XTZ 250","PLATO EMBREAGEM YS 250 XTZ 250",IRON,"Embreagem",MOTOCICLO
182716,"PLATÔ EMBRE. CG/NXR XRE 160/190","PLATÔ EMBRE. CG/NXR XRE 160/190","PLATÔ EMBRE. CG/NXR XRE 160/190",IRON,"Geral",MOTOCICLO
182714,"PLATO EMBREAGEM YS 150 FAZER XTZ 150 CROOSER","PLATO EMBREAGEM YS 150 FAZER XTZ 150 CROOSER","PLATO EMBREAGEM YS 150 FAZER XTZ 150 CROOSER",IRON,"Embreagem",MOTOCICLO
182721,"PLATÔ EMBREAGEM POP 100/110I","PLATÔ EMBREAGEM POP 100/110I","PLATÔ EMBREAGEM POP 100/110I",IRON,"Embreagem",MOTOCICLO
182708,"PLATO EMBREAGEM BIZ 125","PLATO EMBREAGEM BIZ 125","PLATO EMBREAGEM BIZ 125",IRON,"Embreagem",MOTOCICLO
182729,"PLATO EMBREAGEM BIZ 110I","PLATO EMBREAGEM BIZ 110I","PLATO EMBREAGEM BIZ 110I",IRON,"Embreagem",MOTOCICLO
182725,"PLATÔ EMBREAGEM CG 150","PLATÔ EMBREAGEM CG 150","PLATÔ EMBREAGEM CG 150",IRON,"Embreagem",MOTOCICLO
182712,"PLATÔ EMBREAGEM CRF 230","PLATÔ EMBREAGEM CRF 230","PLATÔ EMBREAGEM CRF 230",IRON,"Embreagem",MOTOCICLO
122752,"518","518","518",IRON,"Geral",MOTOCICLO
182710,"CUBO EMBRE. CG/NXR 160","CUBO EMBRE. CG/NXR 160","CUBO EMBRE. CG/NXR 160",IRON,"Rodas e Pneus",MOTOCICLO
42305,"CUBO EMBRE. CRF 230","CUBO EMBRE. CRF 230","CUBO EMBRE. CRF 230",IRON,"Rodas e Pneus",MOTOCICLO
121914,"CUBO EMBRE. NX/XR 400","CUBO EMBRE. NX/XR 400","CUBO EMBRE. NX/XR 400",IRON,"Rodas e Pneus",MOTOCICLO
182731,"CUBO EMBRE. BIZ 125","CUBO EMBRE. BIZ 125","CUBO EMBRE. BIZ 125",IRON,"Rodas e Pneus",MOTOCICLO
182723,"PLATÔ EMBRE. YBR/XTZ 125","PLATÔ EMBRE. YBR/XTZ 125","PLATÔ EMBRE. YBR/XTZ 125",IRON,"Geral",MOTOCICLO
182719,"64","64","64",IRON,"Geral",MOTOCICLO
187906,"PLATÔ EMBREAGEM CRYPTON 115","PLATÔ EMBREAGEM CRYPTON 115","PLATÔ EMBREAGEM CRYPTON 115",IRON,"Embreagem",MOTOCICLO
201206,"CUBO / BASE AUT. / PESO PRI. / DISCO","CUBO / BASE AUT. / PESO PRI. / DISCO","CUBO / BASE AUT. / PESO PRI. / DISCO",IRON,"Rodas e Pneus",MOTOCICLO
201204,"CUBO EMBRE. YS 150 FAZER XTZ 150 CROOSER","CUBO EMBRE. YS 150 FAZER XTZ 150 CROOSER","CUBO EMBRE. YS 150 FAZER XTZ 150 CROOSER",IRON,"Rodas e Pneus",MOTOCICLO
187933,"CUBO EMBRE. CRYPTON 115","CUBO EMBRE. CRYPTON 115","CUBO EMBRE. CRYPTON 115",IRON,"Rodas e Pneus",MOTOCICLO
188624,"CUBO EMBRE. BIZ 110I","CUBO EMBRE. BIZ 110I","CUBO EMBRE. BIZ 110I",IRON,"Rodas e Pneus",MOTOCICLO
188629,"CUBO EMBRE. YES/KATANA 125","CUBO EMBRE. YES/KATANA 125","CUBO EMBRE. YES/KATANA 125",IRON,"Rodas e Pneus",MOTOCICLO
188627,"CUBO EMBRE. YBR 125I FACTOR 16/18","CUBO EMBRE. YBR 125I FACTOR 16/18","CUBO EMBRE. YBR 125I FACTOR 16/18",IRON,"Rodas e Pneus",MOTOCICLO
188626,"CUBO EMBRE. POP 100","CUBO EMBRE. POP 100","CUBO EMBRE. POP 100",IRON,"Rodas e Pneus",MOTOCICLO
188644,"CUBO EMBRE. BIZ DREAM 100","CUBO EMBRE. BIZ DREAM 100","CUBO EMBRE. BIZ DREAM 100",IRON,"Rodas e Pneus",MOTOCICLO
187939,"CUBO EMBRE. CB/XRE 300","CUBO EMBRE. CB/XRE 300","CUBO EMBRE. CB/XRE 300",IRON,"Rodas e Pneus",MOTOCICLO
188631,"CUBO EMBRE. POP 110I","CUBO EMBRE. POP 110I","CUBO EMBRE. POP 110I",IRON,"Rodas e Pneus",MOTOCICLO
187931,"CUBO EMBRE. CG/NXR 150","CUBO EMBRE. CG/NXR 150","CUBO EMBRE. CG/NXR 150",IRON,"Rodas e Pneus",MOTOCICLO
187927,"CUBO EMBRE. CBX/XR 250","CUBO EMBRE. CBX/XR 250","CUBO EMBRE. CBX/XR 250",IRON,"Rodas e Pneus",MOTOCICLO
187925,"CUBO EMBRE. YS 250 FAZER XTZ 250 LANDER","CUBO EMBRE. YS 250 FAZER XTZ 250 LANDER","CUBO EMBRE. YS 250 FAZER XTZ 250 LANDER",IRON,"Rodas e Pneus",MOTOCICLO
187935,"CUBO EMBRE. YBR/XTZ 125","CUBO EMBRE. YBR/XTZ 125","CUBO EMBRE. YBR/XTZ 125",IRON,"Rodas e Pneus",MOTOCICLO
187929,"BASE AUTOMÁTICO BIZ 125 06/16 C/ PESO","BASE AUTOMÁTICO BIZ 125 06/16 C/ PESO","BASE AUTOMÁTICO BIZ 125 06/16 C/ PESO",IRON,"Guidão/Comandos",MOTOCICLO
188646,"BASE AUTOMÁTICO BIZ 100 99/01 C/ PESO","BASE AUTOMÁTICO BIZ 100 99/01 C/ PESO","BASE AUTOMÁTICO BIZ 100 99/01 C/ PESO",IRON,"Guidão/Comandos",MOTOCICLO
187937,"BASE AUTOMÁTICO CRYPTON 115 C/ PESO","BASE AUTOMÁTICO CRYPTON 115 C/ PESO","BASE AUTOMÁTICO CRYPTON 115 C/ PESO",IRON,"Guidão/Comandos",MOTOCICLO
187915,"BASE AUTOMATICO BIZ 110I 19 C/ PESO","BASE AUTOMATICO BIZ 110I 19 C/ PESO","BASE AUTOMATICO BIZ 110I 19 C/ PESO",IRON,"Guidão/Comandos",MOTOCICLO
187913,"BASE AUTOMÁTICO BIZ 110I 16/18 C/ PESO","BASE AUTOMÁTICO BIZ 110I 16/18 C/ PESO","BASE AUTOMÁTICO BIZ 110I 16/18 C/ PESO",IRON,"Guidão/Comandos",MOTOCICLO
187923,"BASE AUTOMÁTICO CRYPTON 105 C/ PESO","BASE AUTOMÁTICO CRYPTON 105 C/ PESO","BASE AUTOMÁTICO CRYPTON 105 C/ PESO",IRON,"Guidão/Comandos",MOTOCICLO
188650,"BASE AUT BIZ 100 02/05 C/ PESO","BASE AUT BIZ 100 02/05 C/ PESO","BASE AUT BIZ 100 02/05 C/ PESO",IRON,"Guidão/Comandos",MOTOCICLO
187921,"PESO PRIMÁRIO BIZ 110I","PESO PRIMÁRIO BIZ 110I","PESO PRIMÁRIO BIZ 110I",IRON,"Guidão/Comandos",MOTOCICLO
188648,"PESO PRIMÁRIO CRYPTON 105","PESO PRIMÁRIO CRYPTON 105","PESO PRIMÁRIO CRYPTON 105",IRON,"Guidão/Comandos",MOTOCICLO
188619,"PESO PRIMÁRIO CRYPTON 115","PESO PRIMÁRIO CRYPTON 115","PESO PRIMÁRIO CRYPTON 115",IRON,"Guidão/Comandos",MOTOCICLO
187943,"PESO PRIMÁRIO BIZ 125","PESO PRIMÁRIO BIZ 125","PESO PRIMÁRIO BIZ 125",IRON,"Guidão/Comandos",MOTOCICLO
187941,"PESO PRIMÁRIO BIZ 100 99-05","PESO PRIMÁRIO BIZ 100 99-05","PESO PRIMÁRIO BIZ 100 99-05",IRON,"Guidão/Comandos",MOTOCICLO
188621,"DISCO EMBRE. CG/HUNTER/MAX 125/DAFRA SPEED 150","DISCO EMBRE. CG/HUNTER/MAX 125/DAFRA SPEED 150","DISCO EMBRE. CG/HUNTER/MAX 125/DAFRA SPEED 150",IRON,"Freios",MOTOCICLO
187917,"DISCO EMBRE. CG/NXR 160 XRE 190","DISCO EMBRE. CG/NXR 160 XRE 190","DISCO EMBRE. CG/NXR 160 XRE 190",IRON,"Freios",MOTOCICLO
188642,"DISCO EMBRE. CRF 230","DISCO EMBRE. CRF 230","DISCO EMBRE. CRF 230",IRON,"Freios",MOTOCICLO
188652,"DISCO EMBRE. CRYPTON 115","DISCO EMBRE. CRYPTON 115","DISCO EMBRE. CRYPTON 115",IRON,"Freios",MOTOCICLO
201208,"CUBO EMBRE. CG 125/NX XR 150/200 SPEED KANSAS 150","CUBO EMBRE. CG 125/NX XR 150/200 SPEED KANSAS 150","CUBO EMBRE. CG 125/NX XR 150/200 SPEED KANSAS 150",IRON,"Rodas e Pneus",MOTOCICLO
187919,"65","65","65",IRON,"Geral",MOTOCICLO
122437,"DISCO EMBRE. NX/XR 400","DISCO EMBRE. NX/XR 400","DISCO EMBRE. NX/XR 400",IRON,"Freios",MOTOCICLO
13980,"DISCO EMBRE. PHOENIX MAIS JET/TRAXX 50 3PCS","DISCO EMBRE. PHOENIX MAIS JET/TRAXX 50 3PCS","DISCO EMBRE. PHOENIX MAIS JET/TRAXX 50 3PCS",IRON,"Freios",MOTOCICLO
121799,"DISCO / SEPARADOR","DISCO / SEPARADOR","DISCO / SEPARADOR",IRON,"Freios",MOTOCICLO
173057,"DISCO EMBRE. PHOENIX SHINERAY XY 50-Q","DISCO EMBRE. PHOENIX SHINERAY XY 50-Q","DISCO EMBRE. PHOENIX SHINERAY XY 50-Q",IRON,"Freios",MOTOCICLO
187954,"DISCO EMBRE. POP 100/110I","DISCO EMBRE. POP 100/110I","DISCO EMBRE. POP 100/110I",IRON,"Freios",MOTOCICLO
187982,"DISCO EMBRE. YBR/XTZ 125","DISCO EMBRE. YBR/XTZ 125","DISCO EMBRE. YBR/XTZ 125",IRON,"Freios",MOTOCICLO
188663,"DISCO EMBRE. YS 150 FAZER/XTZ 150/YBR 150","DISCO EMBRE. YS 150 FAZER/XTZ 150/YBR 150","DISCO EMBRE. YS 150 FAZER/XTZ 150/YBR 150",IRON,"Freios",MOTOCICLO
201290,"DISCO EMBRE. YS 250 FAZER XTZ 250 LANDER/TENERE","DISCO EMBRE. YS 250 FAZER XTZ 250 LANDER/TENERE","DISCO EMBRE. YS 250 FAZER XTZ 250 LANDER/TENERE",IRON,"Freios",MOTOCICLO
187974,"DISCO EMBRE. BIZ 125","DISCO EMBRE. BIZ 125","DISCO EMBRE. BIZ 125",IRON,"Freios",MOTOCICLO
187963,"DISCO EMBRE. BIZ 110I 16/17","DISCO EMBRE. BIZ 110I 16/17","DISCO EMBRE. BIZ 110I 16/17",IRON,"Freios",MOTOCICLO
188669,"DISCO EMBRE. YBR 125I FACTOR 3 PCS","DISCO EMBRE. YBR 125I FACTOR 3 PCS","DISCO EMBRE. YBR 125I FACTOR 3 PCS",IRON,"Freios",MOTOCICLO
188667,"DISCO EMBRE. QUADRICICLO FOURTRAX 420","DISCO EMBRE. QUADRICICLO FOURTRAX 420","DISCO EMBRE. QUADRICICLO FOURTRAX 420",IRON,"Freios",MOTOCICLO
201283,"DISCO EMBRE. CRYPTON 105 05","DISCO EMBRE. CRYPTON 105 05","DISCO EMBRE. CRYPTON 105 05",IRON,"Freios",MOTOCICLO
188673,"DISCO EMBRE. YES/KANATA INTRUDER 125","DISCO EMBRE. YES/KANATA INTRUDER 125","DISCO EMBRE. YES/KANATA INTRUDER 125",IRON,"Freios",MOTOCICLO
188671,"DISCO EMBRE. BIZ/DREAM WEB 100","DISCO EMBRE. BIZ/DREAM WEB 100","DISCO EMBRE. BIZ/DREAM WEB 100",IRON,"Freios",MOTOCICLO
201282,"DISCO EMBRE. CBX/XR 250","DISCO EMBRE. CBX/XR 250","DISCO EMBRE. CBX/XR 250",IRON,"Freios",MOTOCICLO
201291,"DISCO EMBRE. CG 150/CG 125 09/NXR 150 06/15","DISCO EMBRE. CG 150/CG 125 09/NXR 150 06/15","DISCO EMBRE. CG 150/CG 125 09/NXR 150 06/15",IRON,"Freios",MOTOCICLO
201350,"DISCO EMBRE. CBX 200 NXR 150 03/05","DISCO EMBRE. CBX 200 NXR 150 03/05","DISCO EMBRE. CBX 200 NXR 150 03/05",IRON,"Freios",MOTOCICLO
201351,"DISCO EMBRE. BIZ 100 13","DISCO EMBRE. BIZ 100 13","DISCO EMBRE. BIZ 100 13",IRON,"Freios",MOTOCICLO
188665,"SEPARADOR DISCO BIZ 125 3 PECAS","SEPARADOR DISCO BIZ 125 3 PECAS","SEPARADOR DISCO BIZ 125 3 PECAS",IRON,"Freios",MOTOCICLO
3811,"SEPARADOR DISCO CG 125 09/150 NXR 150 5 DISCOS COMPETIÇÃO","SEPARADOR DISCO CG 125 09/150 NXR 150 5 DISCOS COMPETIÇÃO","SEPARADOR DISCO CG 125 09/150 NXR 150 5 DISCOS COMPETIÇÃO",IRON,"Freios",MOTOCICLO
185139,"DISCO EMBRE. CB XRE 300","DISCO EMBRE. CB XRE 300","DISCO EMBRE. CB XRE 300",IRON,"Freios",MOTOCICLO
185141,"SEPARADOR DISCO BIZ 110I 2 PECAS","SEPARADOR DISCO BIZ 110I 2 PECAS","SEPARADOR DISCO BIZ 110I 2 PECAS",IRON,"Freios",MOTOCICLO
45602,"SEPARADOR DISCO CB XRE 300 6 PECAS","SEPARADOR DISCO CB XRE 300 6 PECAS","SEPARADOR DISCO CB XRE 300 6 PECAS",IRON,"Freios",MOTOCICLO
196461,"SEPARADOR DISCO CBX XR 250 5 PECAS","SEPARADOR DISCO CBX XR 250 5 PECAS","SEPARADOR DISCO CBX XR 250 5 PECAS",IRON,"Freios",MOTOCICLO
185145,"SEPARADOR DISCO CG 125 09/150 NXR 150 06/14 4 PECAS","SEPARADOR DISCO CG 125 09/150 NXR 150 06/14 4 PECAS","SEPARADOR DISCO CG 125 09/150 NXR 150 06/14 4 PECAS",IRON,"Freios",MOTOCICLO
185143,"SEPARADOR DISCO POP 100 110I 3 PECAS","SEPARADOR DISCO POP 100 110I 3 PECAS","SEPARADOR DISCO POP 100 110I 3 PECAS",IRON,"Freios",MOTOCICLO
196628,"SEPARADOR DISCO CG/CBX NX/XR 125/200 4 PECAS","SEPARADOR DISCO CG/CBX NX/XR 125/200 4 PECAS","SEPARADOR DISCO CG/CBX NX/XR 125/200 4 PECAS",IRON,"Freios",MOTOCICLO
191549,"SEPARADOR DISCO CG NXR 160 4 PECAS","SEPARADOR DISCO CG NXR 160 4 PECAS","SEPARADOR DISCO CG NXR 160 4 PECAS",IRON,"Freios",MOTOCICLO
45609,"SEPARADOR DISCO YS 150 FAZER XTZ 150 CROSSER 3 PCS","SEPARADOR DISCO YS 150 FAZER XTZ 150 CROSSER 3 PCS","SEPARADOR DISCO YS 150 FAZER XTZ 150 CROSSER 3 PCS",IRON,"Freios",MOTOCICLO
45596,"SEPARADOR DISCO CRF 230 5 PECAS","SEPARADOR DISCO CRF 230 5 PECAS","SEPARADOR DISCO CRF 230 5 PECAS",IRON,"Freios",MOTOCICLO
17329,"SEPARADOR DISCO BIZ 100 99/05 3 PECAS","SEPARADOR DISCO BIZ 100 99/05 3 PECAS","SEPARADOR DISCO BIZ 100 99/05 3 PECAS",IRON,"Freios",MOTOCICLO
121919,"SEPARADOR DISCO YBR 125I 2 PECAS","SEPARADOR DISCO YBR 125I 2 PECAS","SEPARADOR DISCO YBR 125I 2 PECAS",IRON,"Freios",MOTOCICLO
121918,"66","66","66",IRON,"Geral",MOTOCICLO
122516,"SEPARADOR DISCO YES 125 4 PECAS","SEPARADOR DISCO YES 125 4 PECAS","SEPARADOR DISCO YES 125 4 PECAS",IRON,"Freios",MOTOCICLO
185173,"SEPARADOR DISCO YS 250 FAZER XTZ 250 LANDER 5 PECAS","SEPARADOR DISCO YS 250 FAZER XTZ 250 LANDER 5 PECAS","SEPARADOR DISCO YS 250 FAZER XTZ 250 LANDER 5 PECAS",IRON,"Freios",MOTOCICLO
201736,"PLACA EMB / ENGRE. PRI. / COMPONENTES","PLACA EMB / ENGRE. PRI. / COMPONENTES","PLACA EMB / ENGRE. PRI. / COMPONENTES",IRON,"Embreagem/Partida",MOTOCICLO
201756,"PLACA EMBREAGEM JET 50","PLACA EMBREAGEM JET 50","PLACA EMBREAGEM JET 50",IRON,"Embreagem/Partida",MOTOCICLO
201757,"ENGRE. PRI. MOT. EMBRE. JET 50","ENGRE. PRI. MOT. EMBRE. JET 50","ENGRE. PRI. MOT. EMBRE. JET 50",IRON,"Geral",MOTOCICLO
201727,"ENGRE. PRI. MOT. EMBRE. PHOENIX 50","ENGRE. PRI. MOT. EMBRE. PHOENIX 50","ENGRE. PRI. MOT. EMBRE. PHOENIX 50",IRON,"Geral",MOTOCICLO
201758,"BUCHA ENGRE. PRI. MOT. SHINERAY JET 50","BUCHA ENGRE. PRI. MOT. SHINERAY JET 50","BUCHA ENGRE. PRI. MOT. SHINERAY JET 50",IRON,"Borrachas/Buchas",MOTOCICLO
201729,"HASTE EMBREAGEM JET 50","HASTE EMBREAGEM JET 50","HASTE EMBREAGEM JET 50",IRON,"Embreagem",MOTOCICLO
14455,"ACIONADOR EMBREAGEM PHOENIX + 50","ACIONADOR EMBREAGEM PHOENIX + 50","ACIONADOR EMBREAGEM PHOENIX + 50",IRON,"Transmissão",MOTOCICLO
6439,"ACIONADOR EMBREAGEM JET 50","ACIONADOR EMBREAGEM JET 50","ACIONADOR EMBREAGEM JET 50",IRON,"Transmissão",MOTOCICLO
201742,"ALAVANCA ENBREAGEM PHOENIX GOLD 50/XY 50-Q","ALAVANCA ENBREAGEM PHOENIX GOLD 50/XY 50-Q","ALAVANCA ENBREAGEM PHOENIX GOLD 50/XY 50-Q",IRON,"Geral",MOTOCICLO
176610,"ALAVANCA EMBREAGEM JET 50","ALAVANCA EMBREAGEM JET 50","ALAVANCA EMBREAGEM JET 50",IRON,"Embreagem",MOTOCICLO
182945,"PINO EMBRE. PHOENIX GOLD 50/XY 50-Q","PINO EMBRE. PHOENIX GOLD 50/XY 50-Q","PINO EMBRE. PHOENIX GOLD 50/XY 50-Q",IRON,"Geral",MOTOCICLO
176607,"REPARO CARCAÇA EMB CG 150 KIT","REPARO CARCAÇA EMB CG 150 KIT","REPARO CARCAÇA EMB CG 150 KIT",IRON,"Carburador/Reparos",MOTOCICLO
18425,"PLACA EMBREAGEM PHOENIX/GOLD SHINERAY XY 50-Q","PLACA EMBREAGEM PHOENIX/GOLD SHINERAY XY 50-Q","PLACA EMBREAGEM PHOENIX/GOLD SHINERAY XY 50-Q",IRON,"Embreagem/Partida",MOTOCICLO
176613,"67","67","67",IRON,"Geral",MOTOCICLO
176608,"CAIXA MARCHA / EIXO","CAIXA MARCHA / EIXO","CAIXA MARCHA / EIXO",IRON,"Marcha/Câmbio",MOTOCICLO
122505,"CAIXA MARCHA CG 125 09/15 ES COMP.","CAIXA MARCHA CG 125 09/15 ES COMP.","CAIXA MARCHA CG 125 09/15 ES COMP.",IRON,"Marcha/Câmbio",MOTOCICLO
185427,"CAIXA MARCHA CG 125 09/15 KS COMP","CAIXA MARCHA CG 125 09/15 KS COMP","CAIXA MARCHA CG 125 09/15 KS COMP",IRON,"Marcha/Câmbio",MOTOCICLO
176609,"CAIXA MARCHA NXR 125/150 ES ESD 03/05 COMP.","CAIXA MARCHA NXR 125/150 ES ESD 03/05 COMP.","CAIXA MARCHA NXR 125/150 ES ESD 03/05 COMP.",IRON,"Marcha/Câmbio",MOTOCICLO
25619,"CAIXA MARCHA NXR 125/150 KS 03/05 COMP.","CAIXA MARCHA NXR 125/150 KS 03/05 COMP.","CAIXA MARCHA NXR 125/150 KS 03/05 COMP.",IRON,"Marcha/Câmbio",MOTOCICLO
10072,"CAIXA MARCHA YBR/XTZ 125 06/08 COMP.","CAIXA MARCHA YBR/XTZ 125 06/08 COMP.","CAIXA MARCHA YBR/XTZ 125 06/08 COMP.",IRON,"Marcha/Câmbio",MOTOCICLO
176604,"CAIXA MARCHA CG 150 09 KS COMPLETO","CAIXA MARCHA CG 150 09 KS COMPLETO","CAIXA MARCHA CG 150 09 KS COMPLETO",IRON,"Marcha/Câmbio",MOTOCICLO
13600,"CAIXA MARCHA CG 150 09 ES/ESD COMPLETO","CAIXA MARCHA CG 150 09 ES/ESD COMPLETO","CAIXA MARCHA CG 150 09 ES/ESD COMPLETO",IRON,"Marcha/Câmbio",MOTOCICLO
176605,"CAIXA MARCHA CG 150 04/08 ES ESD COMPLETO","CAIXA MARCHA CG 150 04/08 ES ESD COMPLETO","CAIXA MARCHA CG 150 04/08 ES ESD COMPLETO",IRON,"Marcha/Câmbio",MOTOCICLO
176612,"CAIXA MARCHA CG 150 04-08 KS COMPLETO","CAIXA MARCHA CG 150 04-08 KS COMPLETO","CAIXA MARCHA CG 150 04-08 KS COMPLETO",IRON,"Marcha/Câmbio",MOTOCICLO
13012,"CAIXA MARCHA BIZ 125 COMPLETO","CAIXA MARCHA BIZ 125 COMPLETO","CAIXA MARCHA BIZ 125 COMPLETO",IRON,"Marcha/Câmbio",MOTOCICLO
201719,"CAIXA MARCHA YS 150 FAZER XTZ 150 CROSSER COMPLETO","CAIXA MARCHA YS 150 FAZER XTZ 150 CROSSER COMPLETO","CAIXA MARCHA YS 150 FAZER XTZ 150 CROSSER COMPLETO",IRON,"Marcha/Câmbio",MOTOCICLO
201751,"CAIXA MARCHA YES / INTRUDER 125 COMPLETO","CAIXA MARCHA YES / INTRUDER 125 COMPLETO","CAIXA MARCHA YES / INTRUDER 125 COMPLETO",IRON,"Marcha/Câmbio",MOTOCICLO
201748,"CAIXA MARCHA PHOENIX GOLD 50/XY 50-Q COMPLETO","CAIXA MARCHA PHOENIX GOLD 50/XY 50-Q COMPLETO","CAIXA MARCHA PHOENIX GOLD 50/XY 50-Q COMPLETO",IRON,"Marcha/Câmbio",MOTOCICLO
182953,"CAIXA MARCHA POP 110I COMPLETO","CAIXA MARCHA POP 110I COMPLETO","CAIXA MARCHA POP 110I COMPLETO",IRON,"Marcha/Câmbio",MOTOCICLO
3237,"CAIXA MARCHA CG 160 COMP.","CAIXA MARCHA CG 160 COMP.","CAIXA MARCHA CG 160 COMP.",IRON,"Marcha/Câmbio",MOTOCICLO
176253,"CAIXA MARCHA CG 125 92/08 COMPLETO","CAIXA MARCHA CG 125 92/08 COMPLETO","CAIXA MARCHA CG 125 92/08 COMPLETO",IRON,"Marcha/Câmbio",MOTOCICLO
176611,"CAIXA MARCHA BIZ 110I COMPLETO","CAIXA MARCHA BIZ 110I COMPLETO","CAIXA MARCHA BIZ 110I COMPLETO",IRON,"Marcha/Câmbio",MOTOCICLO
182967,"CAIXA MARCHA BIZ 100 99/05 COMP.","CAIXA MARCHA BIZ 100 99/05 COMP.","CAIXA MARCHA BIZ 100 99/05 COMP.",IRON,"Marcha/Câmbio",MOTOCICLO
182965,"CAIXA MARCHA BIZ 100 13/15 COMPLETO","CAIXA MARCHA BIZ 100 13/15 COMPLETO","CAIXA MARCHA BIZ 100 13/15 COMPLETO",IRON,"Marcha/Câmbio",MOTOCICLO
182963,"CAIXA MARCHA CG 125 83/91 COMPLETO","CAIXA MARCHA CG 125 83/91 COMPLETO","CAIXA MARCHA CG 125 83/91 COMPLETO",IRON,"Marcha/Câmbio",MOTOCICLO
185435,"CAIXA MARCHA JET 50/50X/125X COMPLETO","CAIXA MARCHA JET 50/50X/125X COMPLETO","CAIXA MARCHA JET 50/50X/125X COMPLETO",IRON,"Marcha/Câmbio",MOTOCICLO
176243,"CAIXA MARCHA YBR/XTZ 125 00/05 COMPLETO","CAIXA MARCHA YBR/XTZ 125 00/05 COMPLETO","CAIXA MARCHA YBR/XTZ 125 00/05 COMPLETO",IRON,"Marcha/Câmbio",MOTOCICLO
176237,"CAIXA MARCHA POP 100 COMPLETO","CAIXA MARCHA POP 100 COMPLETO","CAIXA MARCHA POP 100 COMPLETO",IRON,"Marcha/Câmbio",MOTOCICLO
176250,"CAIXA MARCHA NXR 150 09KS COMPLETO","CAIXA MARCHA NXR 150 09KS COMPLETO","CAIXA MARCHA NXR 150 09KS COMPLETO",IRON,"Marcha/Câmbio",MOTOCICLO
176248,"CAIXA MARCHA NXR 150 09 ES/ESD COMPLETO","CAIXA MARCHA NXR 150 09 ES/ESD COMPLETO","CAIXA MARCHA NXR 150 09 ES/ESD COMPLETO",IRON,"Marcha/Câmbio",MOTOCICLO
176245,"CAIXA MARCHA CBX/NX XR 150/200 COMP.","CAIXA MARCHA CBX/NX XR 150/200 COMP.","CAIXA MARCHA CBX/NX XR 150/200 COMP.",IRON,"Marcha/Câmbio",MOTOCICLO
176239,"CAIXA MARCHA NXR 150 06/08 ES/ESD","CAIXA MARCHA NXR 150 06/08 ES/ESD","CAIXA MARCHA NXR 150 06/08 ES/ESD",IRON,"Marcha/Câmbio",MOTOCICLO
123219,"CAIXA MARCHA NXR 150 06-08 KS","CAIXA MARCHA NXR 150 06-08 KS","CAIXA MARCHA NXR 150 06-08 KS",IRON,"Marcha/Câmbio",MOTOCICLO
176252,"EIXO MARCHA YS 150 FAZER XTZ 150 CROSSER","EIXO MARCHA YS 150 FAZER XTZ 150 CROSSER","EIXO MARCHA YS 150 FAZER XTZ 150 CROSSER",IRON,"Eixos",MOTOCICLO
176242,"EIXO MARCHA POP 110I","EIXO MARCHA POP 110I","EIXO MARCHA POP 110I",IRON,"Eixos",MOTOCICLO
176244,"EIXO MARCHA BIZ 125","EIXO MARCHA BIZ 125","EIXO MARCHA BIZ 125",IRON,"Eixos",MOTOCICLO
176249,"EIXO MARCHA BIZ/DREAM 100","EIXO MARCHA BIZ/DREAM 100","EIXO MARCHA BIZ/DREAM 100",IRON,"Eixos",MOTOCICLO
176254,"68","68","68",IRON,"Geral",MOTOCICLO
176251,"EIXO MARCHA / PINHÃO","EIXO MARCHA / PINHÃO","EIXO MARCHA / PINHÃO",IRON,"Eixos",MOTOCICLO
176247,"EIXO MARCHA CB/CRF 250F","EIXO MARCHA CB/CRF 250F","EIXO MARCHA CB/CRF 250F",IRON,"Eixos",MOTOCICLO
176238,"EIXO MARCHA CG 125 00/08","EIXO MARCHA CG 125 00/08","EIXO MARCHA CG 125 00/08",IRON,"Eixos",MOTOCICLO
176246,"EIXO MARCHA CRF 230","EIXO MARCHA CRF 230","EIXO MARCHA CRF 230",IRON,"Eixos",MOTOCICLO
176240,"EIXO MARCHA CG 125 77/99","EIXO MARCHA CG 125 77/99","EIXO MARCHA CG 125 77/99",IRON,"Eixos",MOTOCICLO
122504,"EIXO MARCHA CG 125/150 09/14 NXR 150 09/14","EIXO MARCHA CG 125/150 09/14 NXR 150 09/14","EIXO MARCHA CG 125/150 09/14 NXR 150 09/14",IRON,"Eixos",MOTOCICLO
182957,"EIXO MARCHA POP 100","EIXO MARCHA POP 100","EIXO MARCHA POP 100",IRON,"Eixos",MOTOCICLO
176241,"EIXO MARCHA JET 50 COMP.","EIXO MARCHA JET 50 COMP.","EIXO MARCHA JET 50 COMP.",IRON,"Eixos",MOTOCICLO
182955,"EIXO MARCHA YS 250 FAZER XTZ 250 LANDER 18","EIXO MARCHA YS 250 FAZER XTZ 250 LANDER 18","EIXO MARCHA YS 250 FAZER XTZ 250 LANDER 18",IRON,"Eixos",MOTOCICLO
183062,"EIXO MARCHA TRAXX JL 50","EIXO MARCHA TRAXX JL 50","EIXO MARCHA TRAXX JL 50",IRON,"Eixos",MOTOCICLO
179300,"EIXO MARCHA YBR/XTZ 125","EIXO MARCHA YBR/XTZ 125","EIXO MARCHA YBR/XTZ 125",IRON,"Eixos",MOTOCICLO
122435,"EIXO MARCHA YS 250 FAZER XTZ 250 LANDER 06/17","EIXO MARCHA YS 250 FAZER XTZ 250 LANDER 06/17","EIXO MARCHA YS 250 FAZER XTZ 250 LANDER 06/17",IRON,"Eixos",MOTOCICLO
185457,"EIXO PINHÃO CRYPTON 105","EIXO PINHÃO CRYPTON 105","EIXO PINHÃO CRYPTON 105",IRON,"Eixos",MOTOCICLO
179298,"EIXO PINHÃO PHOENIX GOLD 50","EIXO PINHÃO PHOENIX GOLD 50","EIXO PINHÃO PHOENIX GOLD 50",IRON,"Eixos",MOTOCICLO
183225,"EIXO PINHÃO BIZ / POP 110I","EIXO PINHÃO BIZ / POP 110I","EIXO PINHÃO BIZ / POP 110I",IRON,"Eixos",MOTOCICLO
185599,"EIXO PINHÃO NXR 150 06/08 KS","EIXO PINHÃO NXR 150 06/08 KS","EIXO PINHÃO NXR 150 06/08 KS",IRON,"Eixos",MOTOCICLO
185450,"EIXO PINHÃO NXR 150 09/14 ES/ESD","EIXO PINHÃO NXR 150 09/14 ES/ESD","EIXO PINHÃO NXR 150 09/14 ES/ESD",IRON,"Eixos",MOTOCICLO
185451,"EIXO PINHÃO NXR 150 09/14 KS","EIXO PINHÃO NXR 150 09/14 KS","EIXO PINHÃO NXR 150 09/14 KS",IRON,"Eixos",MOTOCICLO
185452,"EIXO PINHÃO NXR 150 06/08 ES/ESD","EIXO PINHÃO NXR 150 06/08 ES/ESD","EIXO PINHÃO NXR 150 06/08 ES/ESD",IRON,"Eixos",MOTOCICLO
185453,"EIXO PINHÃO CB/XRE 300","EIXO PINHÃO CB/XRE 300","EIXO PINHÃO CB/XRE 300",IRON,"Eixos",MOTOCICLO
185458,"EIXO PINHÃO CBX/NX/XR 200","EIXO PINHÃO CBX/NX/XR 200","EIXO PINHÃO CBX/NX/XR 200",IRON,"Eixos",MOTOCICLO
185459,"EIXO PINHÃO CBX/XR 250","EIXO PINHÃO CBX/XR 250","EIXO PINHÃO CBX/XR 250",IRON,"Eixos",MOTOCICLO
179299,"EIXO PINHÃO CG 125 09 150 ES 09/15","EIXO PINHÃO CG 125 09 150 ES 09/15","EIXO PINHÃO CG 125 09 150 ES 09/15",IRON,"Eixos",MOTOCICLO
183232,"EIXO PINHÃO BIZ 125 06/17","EIXO PINHÃO BIZ 125 06/17","EIXO PINHÃO BIZ 125 06/17",IRON,"Eixos",MOTOCICLO
187691,"EIXO PINHÃO CG 09 150 KS 09/15","EIXO PINHÃO CG 09 150 KS 09/15","EIXO PINHÃO CG 09 150 KS 09/15",IRON,"Eixos",MOTOCICLO
187689,"EIXO PINHÃO NXR 125/150 03/05","EIXO PINHÃO NXR 125/150 03/05","EIXO PINHÃO NXR 125/150 03/05",IRON,"Eixos",MOTOCICLO
187693,"EIXO PINHÃO YBR/XTZ 125 06/09 FACTOR","EIXO PINHÃO YBR/XTZ 125 06/09 FACTOR","EIXO PINHÃO YBR/XTZ 125 06/09 FACTOR",IRON,"Eixos",MOTOCICLO
187687,"EIXO PINHÃO NX 400 / 400I","EIXO PINHÃO NX 400 / 400I","EIXO PINHÃO NX 400 / 400I",IRON,"Eixos",MOTOCICLO
187683,"EIXO PINHÃO BIZ 100 13/15","EIXO PINHÃO BIZ 100 13/15","EIXO PINHÃO BIZ 100 13/15",IRON,"Eixos",MOTOCICLO
187681,"EIXO PINHÃO BIZ 100 99 / 05","EIXO PINHÃO BIZ 100 99 / 05","EIXO PINHÃO BIZ 100 99 / 05",IRON,"Eixos",MOTOCICLO
187685,"EIXO PINHÃO POP 100 IRON","EIXO PINHÃO POP 100 IRON","EIXO PINHÃO POP 100 IRON",IRON,"Eixos",MOTOCICLO
187679,"69","69","69",IRON,"Geral",MOTOCICLO
187675,"EIXO PINHÃO / ENGRE MAR.","EIXO PINHÃO / ENGRE MAR.","EIXO PINHÃO / ENGRE MAR.",IRON,"Eixos",MOTOCICLO
187673,"EIXO PINHÃO YBR/XTZ 125 00/05","EIXO PINHÃO YBR/XTZ 125 00/05","EIXO PINHÃO YBR/XTZ 125 00/05",IRON,"Eixos",MOTOCICLO
187677,"EIXO PINHÃO YES/KATANA 125 05/09","EIXO PINHÃO YES/KATANA 125 05/09","EIXO PINHÃO YES/KATANA 125 05/09",IRON,"Eixos",MOTOCICLO
187671,"EIXO PINHÃO YS 150 FAZER XTZ 150 CROSSER","EIXO PINHÃO YS 150 FAZER XTZ 150 CROSSER","EIXO PINHÃO YS 150 FAZER XTZ 150 CROSSER",IRON,"Eixos",MOTOCICLO
187666,"EIXO PINHÃO YS 250 FAZER XTZ 250 LANDER","EIXO PINHÃO YS 250 FAZER XTZ 250 LANDER","EIXO PINHÃO YS 250 FAZER XTZ 250 LANDER",IRON,"Eixos",MOTOCICLO
187664,"EIXO PINHÃO CG 125 82/91 XLS/XLR MAX 125","EIXO PINHÃO CG 125 82/91 XLS/XLR MAX 125","EIXO PINHÃO CG 125 82/91 XLS/XLR MAX 125",IRON,"Eixos",MOTOCICLO
187668,"EIXO PINHÃO CG 125 92/08","EIXO PINHÃO CG 125 92/08","EIXO PINHÃO CG 125 92/08",IRON,"Eixos",MOTOCICLO
187662,"EIXO PINHÃO CG 150 ES ESD 04/08","EIXO PINHÃO CG 150 ES ESD 04/08","EIXO PINHÃO CG 150 ES ESD 04/08",IRON,"Eixos",MOTOCICLO
185600,"EIXO PINHÃO CG 150 KS 04/08","EIXO PINHÃO CG 150 KS 04/08","EIXO PINHÃO CG 150 KS 04/08",IRON,"Eixos",MOTOCICLO
187660,"EIXO PINHÃO CG 160","EIXO PINHÃO CG 160","EIXO PINHÃO CG 160",IRON,"Eixos",MOTOCICLO
185461,"EIXO PINHÃO CRF 230","EIXO PINHÃO CRF 230","EIXO PINHÃO CRF 230",IRON,"Eixos",MOTOCICLO
185455,"EIXO PINHÃO CRYPTON 115 10/16","EIXO PINHÃO CRYPTON 115 10/16","EIXO PINHÃO CRYPTON 115 10/16",IRON,"Eixos",MOTOCICLO
185454,"EIXO PINHÃO CB 250F","EIXO PINHÃO CB 250F","EIXO PINHÃO CB 250F",IRON,"Eixos",MOTOCICLO
185603,"EIXO PINHÃO NXR 160","EIXO PINHÃO NXR 160","EIXO PINHÃO NXR 160",IRON,"Eixos",MOTOCICLO
187656,"EIXO PINHÃO JET 50 COMP.","EIXO PINHÃO JET 50 COMP.","EIXO PINHÃO JET 50 COMP.",IRON,"Eixos",MOTOCICLO
123221,"EIXO PINHÃO PHOENIX GOLD 50 COMP.","EIXO PINHÃO PHOENIX GOLD 50 COMP.","EIXO PINHÃO PHOENIX GOLD 50 COMP.",IRON,"Eixos",MOTOCICLO
122434,"EIXO PRIMÁRIO JET 50 COMP.","EIXO PRIMÁRIO JET 50 COMP.","EIXO PRIMÁRIO JET 50 COMP.",IRON,"Eixos",MOTOCICLO
187697,"EIXO PRIMÁRIO PHOENIX 50 GOLD COMP.","EIXO PRIMÁRIO PHOENIX 50 GOLD COMP.","EIXO PRIMÁRIO PHOENIX 50 GOLD COMP.",IRON,"Eixos",MOTOCICLO
187695,"ENGRE MAR CG 150 3 MOV 27D","ENGRE MAR CG 150 3 MOV 27D","ENGRE MAR CG 150 3 MOV 27D",IRON,"Geral",MOTOCICLO
185601,"ENGRE MAR CG 125 5 MARCHA 3 PRI 20D","ENGRE MAR CG 125 5 MARCHA 3 PRI 20D","ENGRE MAR CG 125 5 MARCHA 3 PRI 20D",IRON,"Marcha/Câmbio",MOTOCICLO
185602,"ENGRE MAR CG 150 09 3 PRI 20D","ENGRE MAR CG 150 09 3 PRI 20D","ENGRE MAR CG 150 09 3 PRI 20D",IRON,"Geral",MOTOCICLO
185460,"ENGRE MAR CG 150 3 PRI 20D","ENGRE MAR CG 150 3 PRI 20D","ENGRE MAR CG 150 3 PRI 20D",IRON,"Geral",MOTOCICLO
187658,"ENGRE MAR NXR 150 3 MOT 31D","ENGRE MAR NXR 150 3 MOT 31D","ENGRE MAR NXR 150 3 MOT 31D",IRON,"Geral",MOTOCICLO
185605,"ENGRE. MAR YBR/XTZ 125 3 MOV 25D","ENGRE. MAR YBR/XTZ 125 3 MOV 25D","ENGRE. MAR YBR/XTZ 125 3 MOV 25D",IRON,"Geral",MOTOCICLO
201608,"ENGRE MAR CG 125 5 MARCHA 3 MOV 28D","ENGRE MAR CG 125 5 MARCHA 3 MOV 28D","ENGRE MAR CG 125 5 MARCHA 3 MOV 28D",IRON,"Marcha/Câmbio",MOTOCICLO
179297,"ENGRE MAR NXR 150 3 MOT 22D","ENGRE MAR NXR 150 3 MOT 22D","ENGRE MAR NXR 150 3 MOT 22D",IRON,"Geral",MOTOCICLO
201618,"ENGRE. MAR YBR XTZ 125 3 MOV 25D","ENGRE. MAR YBR XTZ 125 3 MOV 25D","ENGRE. MAR YBR XTZ 125 3 MOV 25D",IRON,"Geral",MOTOCICLO
179301,"ENGRE MAR CG 160 3 SEC 26D","ENGRE MAR CG 160 3 SEC 26D","ENGRE MAR CG 160 3 SEC 26D",IRON,"Geral",MOTOCICLO
201582,"ENGRE MAR CG 160 3 PRI 20D","ENGRE MAR CG 160 3 PRI 20D","ENGRE MAR CG 160 3 PRI 20D",IRON,"Geral",MOTOCICLO
201579,"ENGRE. MAR YBR/XTZ 125 3 MOT 19D","ENGRE. MAR YBR/XTZ 125 3 MOT 19D","ENGRE. MAR YBR/XTZ 125 3 MOT 19D",IRON,"Geral",MOTOCICLO
185606,"ENGRE PLATO CG 160 22D","ENGRE PLATO CG 160 22D","ENGRE PLATO CG 160 22D",IRON,"Geral",MOTOCICLO
185604,"ENGRE MAR NXR 150 06/08 3 MOT 22D","ENGRE MAR NXR 150 06/08 3 MOT 22D","ENGRE MAR NXR 150 06/08 3 MOT 22D",IRON,"Geral",MOTOCICLO
183230,"ENGRE MAR NXR 150 06/08 3 MOV 31D","ENGRE MAR NXR 150 06/08 3 MOV 31D","ENGRE MAR NXR 150 06/08 3 MOV 31D",IRON,"Geral",MOTOCICLO
183237,"70","70","70",IRON,"Geral",MOTOCICLO
185456,"ENGRE. / TRAVA / COMPONENTES","ENGRE. / TRAVA / COMPONENTES","ENGRE. / TRAVA / COMPONENTES",IRON,"Ignição/Travas",MOTOCICLO
187707,"ENGRE MAR CG 150 09 3 SEC 27D","ENGRE MAR CG 150 09 3 SEC 27D","ENGRE MAR CG 150 09 3 SEC 27D",IRON,"Geral",MOTOCICLO
187705,"TRAVA PINHÃO CG 125/150/160","TRAVA PINHÃO CG 125/150/160","TRAVA PINHÃO CG 125/150/160",IRON,"Ignição/Travas",MOTOCICLO
122506,"TRAVA PINHÃO CBX/XR 250 CB/XRE 300","TRAVA PINHÃO CBX/XR 250 CB/XRE 300","TRAVA PINHÃO CBX/XR 250 CB/XRE 300",IRON,"Ignição/Travas",MOTOCICLO
119671,"TRAVA PINHÃO PHOENIX GOLD SHINERAY XY 50-Q","TRAVA PINHÃO PHOENIX GOLD SHINERAY XY 50-Q","TRAVA PINHÃO PHOENIX GOLD SHINERAY XY 50-Q",IRON,"Ignição/Travas",MOTOCICLO
13021,"TRAVA PINHÃO NX 350","TRAVA PINHÃO NX 350","TRAVA PINHÃO NX 350",IRON,"Ignição/Travas",MOTOCICLO
119684,"TRAVA PINHÃO YBR/XTZ 125","TRAVA PINHÃO YBR/XTZ 125","TRAVA PINHÃO YBR/XTZ 125",IRON,"Ignição/Travas",MOTOCICLO
15501,"TRAVA PINHÃO YS 150 FAZER XTZ 150 CROSSER","TRAVA PINHÃO YS 150 FAZER XTZ 150 CROSSER","TRAVA PINHÃO YS 150 FAZER XTZ 150 CROSSER",IRON,"Ignição/Travas",MOTOCICLO
122508,"TRAVA PINHÃO YES/INTRUDER KATANA 125","TRAVA PINHÃO YES/INTRUDER KATANA 125","TRAVA PINHÃO YES/INTRUDER KATANA 125",IRON,"Ignição/Travas",MOTOCICLO
122510,"TRAVA PINHÃO YS 250 FAZER XTZ 250 LANDER","TRAVA PINHÃO YS 250 FAZER XTZ 250 LANDER","TRAVA PINHÃO YS 250 FAZER XTZ 250 LANDER",IRON,"Ignição/Travas",MOTOCICLO
8106,"POSICIONADOR DE MARCHA JET 50 50","POSICIONADOR DE MARCHA JET 50 50","POSICIONADOR DE MARCHA JET 50 50",IRON,"Marcha/Câmbio",MOTOCICLO
196491,"POSICIONADOR DE MARCHA PHOENIX GOLD 50","POSICIONADOR DE MARCHA PHOENIX GOLD 50","POSICIONADOR DE MARCHA PHOENIX GOLD 50",IRON,"Marcha/Câmbio",MOTOCICLO
196466,"TRAMBULADOR MARCHA PHOENIX GOLD 50/XY 50 COMP.","TRAMBULADOR MARCHA PHOENIX GOLD 50/XY 50 COMP.","TRAMBULADOR MARCHA PHOENIX GOLD 50/XY 50 COMP.",IRON,"Marcha/Câmbio",MOTOCICLO
196421,"TRAMBULADOR MARCHA JET 50","TRAMBULADOR MARCHA JET 50","TRAMBULADOR MARCHA JET 50",IRON,"Marcha/Câmbio",MOTOCICLO
122386,"TRAVA SENSOR MARCHA JET 50","TRAVA SENSOR MARCHA JET 50","TRAVA SENSOR MARCHA JET 50",IRON,"Ignição/Travas",MOTOCICLO
196436,"EXCÊNTRICO MARCHA JET 50/50 X/125 X","EXCÊNTRICO MARCHA JET 50/50 X/125 X","EXCÊNTRICO MARCHA JET 50/50 X/125 X",IRON,"Marcha/Câmbio",MOTOCICLO
122509,"BRAÇO SELETOR MARCHA CG 125","BRAÇO SELETOR MARCHA CG 125","BRAÇO SELETOR MARCHA CG 125",IRON,"Marcha/Câmbio",MOTOCICLO
196427,"71","71","71",IRON,"Geral",MOTOCICLO
196376,"ÁRVORE COM. / RESSALTO / BALACINHO","ÁRVORE COM. / RESSALTO / BALACINHO","ÁRVORE COM. / RESSALTO / BALACINHO",IRON,"Motor/Válvulas",MOTOCICLO
185176,"ÁRVORE COM. YS 150 FAZER XTZ 150 CROSSER","ÁRVORE COM. YS 150 FAZER XTZ 150 CROSSER","ÁRVORE COM. YS 150 FAZER XTZ 150 CROSSER",IRON,"Motor/Válvulas",MOTOCICLO
196385,"ÁRVORE COM. PCX 150","ÁRVORE COM. PCX 150","ÁRVORE COM. PCX 150",IRON,"Motor/Válvulas",MOTOCICLO
196379,"ÁRVORE COM. NX 400","ÁRVORE COM. NX 400","ÁRVORE COM. NX 400",IRON,"Motor/Válvulas",MOTOCICLO
196394,"ÁRVORE COM. LEAD 110","ÁRVORE COM. LEAD 110","ÁRVORE COM. LEAD 110",IRON,"Motor/Válvulas",MOTOCICLO
196388,"ÁRVORE COM. DAFRA APACHE 150","ÁRVORE COM. DAFRA APACHE 150","ÁRVORE COM. DAFRA APACHE 150",IRON,"Motor/Válvulas",MOTOCICLO
196503,"ÁRVORE COM. CRF 230","ÁRVORE COM. CRF 230","ÁRVORE COM. CRF 230",IRON,"Motor/Válvulas",MOTOCICLO
184405,"ÁRVORE COM. CG/NXR 125 00/08","ÁRVORE COM. CG/NXR 125 00/08","ÁRVORE COM. CG/NXR 125 00/08",IRON,"Motor/Válvulas",MOTOCICLO
196500,"ÁRVORE COM. CG/NXR 125 00/08","ÁRVORE COM. CG/NXR 125 00/08","ÁRVORE COM. CG/NXR 125 00/08",IRON,"Motor/Válvulas",MOTOCICLO
196391,"ÁRVORE COM. YS 250 FAZER XTZ 250 LANDER","ÁRVORE COM. YS 250 FAZER XTZ 250 LANDER","ÁRVORE COM. YS 250 FAZER XTZ 250 LANDER",IRON,"Motor/Válvulas",MOTOCICLO
196382,"ÁRVORE COM. YBR/XTZ 125 06/08","ÁRVORE COM. YBR/XTZ 125 06/08","ÁRVORE COM. YBR/XTZ 125 06/08",IRON,"Motor/Válvulas",MOTOCICLO
185174,"ÁRVORE COM. CRYPTON 105 00/09","ÁRVORE COM. CRYPTON 105 00/09","ÁRVORE COM. CRYPTON 105 00/09",IRON,"Motor/Válvulas",MOTOCICLO
196510,"ÁRVORE COM. CG 150 04/08","ÁRVORE COM. CG 150 04/08","ÁRVORE COM. CG 150 04/08",IRON,"Motor/Válvulas",MOTOCICLO
196433,"ÁRVORE COM. CG 125 09/13","ÁRVORE COM. CG 125 09/13","ÁRVORE COM. CG 125 09/13",IRON,"Motor/Válvulas",MOTOCICLO
196494,"ÁRVORE COM. CG NXR 160 XRE 190","ÁRVORE COM. CG NXR 160 XRE 190","ÁRVORE COM. CG NXR 160 XRE 190",IRON,"Motor/Válvulas",MOTOCICLO
196373,"ÁRVORE COM. CG 150 09/13","ÁRVORE COM. CG 150 09/13","ÁRVORE COM. CG 150 09/13",IRON,"Motor/Válvulas",MOTOCICLO
196424,"ÁRVORE COM. JET 50","ÁRVORE COM. JET 50","ÁRVORE COM. JET 50",IRON,"Motor/Válvulas",MOTOCICLO
196630,"ARVORE COM CRYPTON NEO AT 115 10","ARVORE COM CRYPTON NEO AT 115 10","ARVORE COM CRYPTON NEO AT 115 10",IRON,"Geral",MOTOCICLO
196397,"ÁRVORE COM. YBR/XTZ 125 00/05","ÁRVORE COM. YBR/XTZ 125 00/05","ÁRVORE COM. YBR/XTZ 125 00/05",IRON,"Motor/Válvulas",MOTOCICLO
196403,"ÁRVORE COM. POP 100","ÁRVORE COM. POP 100","ÁRVORE COM. POP 100",IRON,"Motor/Válvulas",MOTOCICLO
196400,"ÁRVORE COM. BIZ 125 06/10","ÁRVORE COM. BIZ 125 06/10","ÁRVORE COM. BIZ 125 06/10",IRON,"Motor/Válvulas",MOTOCICLO
196430,"ÁRVORE COM. BIZ DREAM / WEB HUNTER DAFRA SUPER 100","ÁRVORE COM. BIZ DREAM / WEB HUNTER DAFRA SUPER 100","ÁRVORE COM. BIZ DREAM / WEB HUNTER DAFRA SUPER 100",IRON,"Motor/Válvulas",MOTOCICLO
196406,"ÁRVORE COM. CBX/NX XR 150/200","ÁRVORE COM. CBX/NX XR 150/200","ÁRVORE COM. CBX/NX XR 150/200",IRON,"Motor/Válvulas",MOTOCICLO
2308,"ÁRVORE COM. BIZ 125 11/17","ÁRVORE COM. BIZ 125 11/17","ÁRVORE COM. BIZ 125 11/17",IRON,"Motor/Válvulas",MOTOCICLO
121920,"ÁRVORE COM. CBX/XR 250 ESCAPE","ÁRVORE COM. CBX/XR 250 ESCAPE","ÁRVORE COM. CBX/XR 250 ESCAPE",IRON,"Motor/Válvulas",MOTOCICLO
196507,"ÁRVORE COM. SHINERAY PHOENIX GOLD/HYPE/ TRAXX STAR JL","ÁRVORE COM. SHINERAY PHOENIX GOLD/HYPE/ TRAXX STAR JL","ÁRVORE COM. SHINERAY PHOENIX GOLD/HYPE/ TRAXX STAR JL",IRON,"Motor/Válvulas",MOTOCICLO
196366,"ÁRVORE COM. CG 150 SPORT 05/08","ÁRVORE COM. CG 150 SPORT 05/08","ÁRVORE COM. CG 150 SPORT 05/08",IRON,"Motor/Válvulas",MOTOCICLO
196363,"ÁRVORE COM. AN 125 BURGMAN 12/17","ÁRVORE COM. AN 125 BURGMAN 12/17","ÁRVORE COM. AN 125 BURGMAN 12/17",IRON,"Motor/Válvulas",MOTOCICLO
185346,"ÁRVORE COM. AN 125 BURGMAN 06/11","ÁRVORE COM. AN 125 BURGMAN 06/11","ÁRVORE COM. AN 125 BURGMAN 06/11",IRON,"Motor/Válvulas",MOTOCICLO
197566,"ARVORE COMANDO YES/INTRUDER KATANA 125","ARVORE COMANDO YES/INTRUDER KATANA 125","ARVORE COMANDO YES/INTRUDER KATANA 125",IRON,"Geral",MOTOCICLO
8212,"RESSALTO COMANDO CG 125 83/99","RESSALTO COMANDO CG 125 83/99","RESSALTO COMANDO CG 125 83/99",IRON,"Motor/Válvulas",MOTOCICLO
201649,"BALANCINHO CRYPTON 115","BALANCINHO CRYPTON 115","BALANCINHO CRYPTON 115",IRON,"Motor/Válvulas",MOTOCICLO
122507,"72","72","72",IRON,"Geral",MOTOCICLO
11370,"ÁRVORE COM. CBX/XR 250 CB/XRE 300 ADMISSÃO","ÁRVORE COM. CBX/XR 250 CB/XRE 300 ADMISSÃO","ÁRVORE COM. CBX/XR 250 CB/XRE 300 ADMISSÃO",IRON,"Motor/Válvulas",MOTOCICLO
5965,"BALANCINHO / BRAÇO / VARETA / VÁLVULA","BALANCINHO / BRAÇO / VARETA / VÁLVULA","BALANCINHO / BRAÇO / VARETA / VÁLVULA",IRON,"Motor/Válvulas",MOTOCICLO
123223,"BALANCINHO NX 400 ADM ESCAPE C","BALANCINHO NX 400 ADM ESCAPE C","BALANCINHO NX 400 ADM ESCAPE C",IRON,"Motor/Válvulas",MOTOCICLO
13020,"BALANCINHO NX 400 ADM/ESCAPE B","BALANCINHO NX 400 ADM/ESCAPE B","BALANCINHO NX 400 ADM/ESCAPE B",IRON,"Motor/Válvulas",MOTOCICLO
3989,"BALANCINHO NX 400 ADMESCAPE A","BALANCINHO NX 400 ADMESCAPE A","BALANCINHO NX 400 ADMESCAPE A",IRON,"Motor/Válvulas",MOTOCICLO
14278,"BALANCINHO AN 125 BURGMAN 13","BALANCINHO AN 125 BURGMAN 13","BALANCINHO AN 125 BURGMAN 13",IRON,"Motor/Válvulas",MOTOCICLO
45570,"BALANCINHO BIZ/DREAM POP 100","BALANCINHO BIZ/DREAM POP 100","BALANCINHO BIZ/DREAM POP 100",IRON,"Motor/Válvulas",MOTOCICLO
201651,"BALANCINHO BIZ/POP 110I","BALANCINHO BIZ/POP 110I","BALANCINHO BIZ/POP 110I",IRON,"Motor/Válvulas",MOTOCICLO
4681,"BALANCINHO CG 125 92/08 ADMISSÃO","BALANCINHO CG 125 92/08 ADMISSÃO","BALANCINHO CG 125 92/08 ADMISSÃO",IRON,"Motor/Válvulas",MOTOCICLO
122511,"BALANCINHO BIZ 125","BALANCINHO BIZ 125","BALANCINHO BIZ 125",IRON,"Motor/Válvulas",MOTOCICLO
122393,"BALANCINHO CG 125 92/08 COMPLETO","BALANCINHO CG 125 92/08 COMPLETO","BALANCINHO CG 125 92/08 COMPLETO",IRON,"Motor/Válvulas",MOTOCICLO
45572,"BALANCINHO ML/XL/TU/CBX NX/XR 125/150/200","BALANCINHO ML/XL/TU/CBX NX/XR 125/150/200","BALANCINHO ML/XL/TU/CBX NX/XR 125/150/200",IRON,"Motor/Válvulas",MOTOCICLO
13018,"BALANCINHO PHOENIX GOLD/SHINERAY XY 50-Q","BALANCINHO PHOENIX GOLD/SHINERAY XY 50-Q","BALANCINHO PHOENIX GOLD/SHINERAY XY 50-Q",IRON,"Motor/Válvulas",MOTOCICLO
176256,"BALANCINHO CG/NXR XRE 160/190","BALANCINHO CG/NXR XRE 160/190","BALANCINHO CG/NXR XRE 160/190",IRON,"Motor/Válvulas",MOTOCICLO
176255,"BALANCINHO YBR/XTZ 125 06/12","BALANCINHO YBR/XTZ 125 06/12","BALANCINHO YBR/XTZ 125 06/12",IRON,"Motor/Válvulas",MOTOCICLO
7457,"BALANCINHO YES INTRUDER KATANA 125","BALANCINHO YES INTRUDER KATANA 125","BALANCINHO YES INTRUDER KATANA 125",IRON,"Motor/Válvulas",MOTOCICLO
201675,"BALANCINHO YS 150 FAZER XTZ 150 CROOSER","BALANCINHO YS 150 FAZER XTZ 150 CROOSER","BALANCINHO YS 150 FAZER XTZ 150 CROOSER",IRON,"Motor/Válvulas",MOTOCICLO
183180,"BALANCINHO YS 250 FAZER XTZ 250 LANDER","BALANCINHO YS 250 FAZER XTZ 250 LANDER","BALANCINHO YS 250 FAZER XTZ 250 LANDER",IRON,"Motor/Válvulas",MOTOCICLO
201688,"BALANCINHO CG/NXR/XRE 160/190","BALANCINHO CG/NXR/XRE 160/190","BALANCINHO CG/NXR/XRE 160/190",IRON,"Motor/Válvulas",MOTOCICLO
201935,"BALANCINHO CG 125 92/08 ESCAPE","BALANCINHO CG 125 92/08 ESCAPE","BALANCINHO CG 125 92/08 ESCAPE",IRON,"Motor/Válvulas",MOTOCICLO
201679,"BALANCINHO CG/NXR 150 06/14 COMPLETO","BALANCINHO CG/NXR 150 06/14 COMPLETO","BALANCINHO CG/NXR 150 06/14 COMPLETO",IRON,"Motor/Válvulas",MOTOCICLO
183167,"BALANCINHO CG/NXR 150 06/08","BALANCINHO CG/NXR 150 06/08","BALANCINHO CG/NXR 150 06/08",IRON,"Motor/Válvulas",MOTOCICLO
201689,"BALANCINHO CRF 230 C/ ROLAMENTO","BALANCINHO CRF 230 C/ ROLAMENTO","BALANCINHO CRF 230 C/ ROLAMENTO",IRON,"Motor/Válvulas",MOTOCICLO
179283,"BALANCINHO POP/BIZ 100 13","BALANCINHO POP/BIZ 100 13","BALANCINHO POP/BIZ 100 13",IRON,"Motor/Válvulas",MOTOCICLO
201695,"BALANCINHO JET 50/50 X 125X","BALANCINHO JET 50/50 X 125X","BALANCINHO JET 50/50 X 125X",IRON,"Motor/Válvulas",MOTOCICLO
122502,"BALANCINHO BIZ/DREAM POP 100 C/ ROLAMENTO","BALANCINHO BIZ/DREAM POP 100 C/ ROLAMENTO","BALANCINHO BIZ/DREAM POP 100 C/ ROLAMENTO",IRON,"Motor/Válvulas",MOTOCICLO
201685,"BALANCINHO CRF 230 C/ ROLAMENTO","BALANCINHO CRF 230 C/ ROLAMENTO","BALANCINHO CRF 230 C/ ROLAMENTO",IRON,"Motor/Válvulas",MOTOCICLO
201692,"BRAÇO OSCILANTE CG 125 92/08","BRAÇO OSCILANTE CG 125 92/08","BRAÇO OSCILANTE CG 125 92/08",IRON,"Geral",MOTOCICLO
183176,"BRAÇO OSCILANTE CG 125 92/08 C/ ROL","BRAÇO OSCILANTE CG 125 92/08 C/ ROL","BRAÇO OSCILANTE CG 125 92/08 C/ ROL",IRON,"Geral",MOTOCICLO
200992,"VARETA VÁLVULA CG 82/99 INOX PAR","VARETA VÁLVULA CG 82/99 INOX PAR","VARETA VÁLVULA CG 82/99 INOX PAR",IRON,"Motor/Válvulas",MOTOCICLO
183190,"VÁLVULA CG 09 PAR","VÁLVULA CG 09 PAR","VÁLVULA CG 09 PAR",IRON,"Motor/Válvulas",MOTOCICLO
14359,"VÁLVULA JET 50/50 X/125X PHOENIX + ESCAPE","VÁLVULA JET 50/50 X/125X PHOENIX + ESCAPE","VÁLVULA JET 50/50 X/125X PHOENIX + ESCAPE",IRON,"Motor/Válvulas",MOTOCICLO
183178,"VÁLVULA YBR XTZ 125 ESCAPE","VÁLVULA YBR XTZ 125 ESCAPE","VÁLVULA YBR XTZ 125 ESCAPE",IRON,"Motor/Válvulas",MOTOCICLO
201676,"VÁLVULA YBR XTZ 125 PAR","VÁLVULA YBR XTZ 125 PAR","VÁLVULA YBR XTZ 125 PAR",IRON,"Motor/Válvulas",MOTOCICLO
183186,"73","73","73",IRON,"Geral",MOTOCICLO
183163,"VÁLVULA","VÁLVULA","VÁLVULA",IRON,"Motor/Válvulas",MOTOCICLO
185424,"VÁLVULA CG 125 77/91 125 PAR","VÁLVULA CG 125 77/91 125 PAR","VÁLVULA CG 125 77/91 125 PAR",IRON,"Motor/Válvulas",MOTOCICLO
187744,"VÁLVULA CG 125 77/91 ADMISSÃO","VÁLVULA CG 125 77/91 ADMISSÃO","VÁLVULA CG 125 77/91 ADMISSÃO",IRON,"Motor/Válvulas",MOTOCICLO
186427,"VÁLVULA CG 125 92/01 XLR 125 ADMISSÃO","VÁLVULA CG 125 92/01 XLR 125 ADMISSÃO","VÁLVULA CG 125 92/01 XLR 125 ADMISSÃO",IRON,"Motor/Válvulas",MOTOCICLO
183169,"VÁLVULA CG 125 92/01 XLR 125 ESCAPE","VÁLVULA CG 125 92/01 XLR 125 ESCAPE","VÁLVULA CG 125 92/01 XLR 125 ESCAPE",IRON,"Motor/Válvulas",MOTOCICLO
185423,"VÁLVULA CG 150 04/08 ADMISSÃO","VÁLVULA CG 150 04/08 ADMISSÃO","VÁLVULA CG 150 04/08 ADMISSÃO",IRON,"Motor/Válvulas",MOTOCICLO
183161,"VÁLVULA CG 150 04/08 ESCAPE","VÁLVULA CG 150 04/08 ESCAPE","VÁLVULA CG 150 04/08 ESCAPE",IRON,"Motor/Válvulas",MOTOCICLO
183184,"VÁLVULA CG 150 09 ADMISSÃO","VÁLVULA CG 150 09 ADMISSÃO","VÁLVULA CG 150 09 ADMISSÃO",IRON,"Motor/Válvulas",MOTOCICLO
4296,"VÁLVULA CG 150 09 ESCAPE","VÁLVULA CG 150 09 ESCAPE","VÁLVULA CG 150 09 ESCAPE",IRON,"Motor/Válvulas",MOTOCICLO
179284,"VÁLVULA CG 125 02/08 PAR","VÁLVULA CG 125 02/08 PAR","VÁLVULA CG 125 02/08 PAR",IRON,"Motor/Válvulas",MOTOCICLO
201699,"VÁLVULA YES INTRUDER KATANA 125 PAR","VÁLVULA YES INTRUDER KATANA 125 PAR","VÁLVULA YES INTRUDER KATANA 125 PAR",IRON,"Motor/Válvulas",MOTOCICLO
27891,"VÁLVULA YS 250 XTZ 250 06/14 XT TDM 225 PAR","VÁLVULA YS 250 XTZ 250 06/14 XT TDM 225 PAR","VÁLVULA YS 250 XTZ 250 06/14 XT TDM 225 PAR",IRON,"Motor/Válvulas",MOTOCICLO
122421,"VÁLVULA YS 250 XTZ 250 06/14 XT/TDM 225 ESCAPE","VÁLVULA YS 250 XTZ 250 06/14 XT/TDM 225 ESCAPE","VÁLVULA YS 250 XTZ 250 06/14 XT/TDM 225 ESCAPE",IRON,"Motor/Válvulas",MOTOCICLO
14313,"VÁLVULA BIZ POP 110I ADMISSÃO","VÁLVULA BIZ POP 110I ADMISSÃO","VÁLVULA BIZ POP 110I ADMISSÃO",IRON,"Motor/Válvulas",MOTOCICLO
188699,"VÁLVULA YS 250 XTZ 250 06/14 XT/TDM 225 ADMISSÃO","VÁLVULA YS 250 XTZ 250 06/14 XT/TDM 225 ADMISSÃO","VÁLVULA YS 250 XTZ 250 06/14 XT/TDM 225 ADMISSÃO",IRON,"Motor/Válvulas",MOTOCICLO
183172,"VÁLVULA XRE 190 ESCAPE","VÁLVULA XRE 190 ESCAPE","VÁLVULA XRE 190 ESCAPE",IRON,"Motor/Válvulas",MOTOCICLO
185425,"VÁLVULA XRE 190 ADMISSÃO","VÁLVULA XRE 190 ADMISSÃO","VÁLVULA XRE 190 ADMISSÃO",IRON,"Motor/Válvulas",MOTOCICLO
201694,"VÁLVULA XRE 190 PAR","VÁLVULA XRE 190 PAR","VÁLVULA XRE 190 PAR",IRON,"Motor/Válvulas",MOTOCICLO
183174,"VÁLVULA CRYPTON 105/115 PAR","VÁLVULA CRYPTON 105/115 PAR","VÁLVULA CRYPTON 105/115 PAR",IRON,"Motor/Válvulas",MOTOCICLO
183188,"VÁLVULA CRYPTON 105 115 ADMISSÃO","VÁLVULA CRYPTON 105 115 ADMISSÃO","VÁLVULA CRYPTON 105 115 ADMISSÃO",IRON,"Motor/Válvulas",MOTOCICLO
201696,"VÁLVULA CG/NXR 160 PAR","VÁLVULA CG/NXR 160 PAR","VÁLVULA CG/NXR 160 PAR",IRON,"Motor/Válvulas",MOTOCICLO
201693,"VÁLVULA CRYPTON 105/115 ESCAPE","VÁLVULA CRYPTON 105/115 ESCAPE","VÁLVULA CRYPTON 105/115 ESCAPE",IRON,"Motor/Válvulas",MOTOCICLO
15070,"VÁLVULA CG/NXR 160 ESCAPE","VÁLVULA CG/NXR 160 ESCAPE","VÁLVULA CG/NXR 160 ESCAPE",IRON,"Motor/Válvulas",MOTOCICLO
201686,"VÁLVULA CG 125 09 PAR","VÁLVULA CG 125 09 PAR","VÁLVULA CG 125 09 PAR",IRON,"Motor/Válvulas",MOTOCICLO
201671,"VÁLVULA CG 125 09 ESCAPE","VÁLVULA CG 125 09 ESCAPE","VÁLVULA CG 125 09 ESCAPE",IRON,"Motor/Válvulas",MOTOCICLO
187739,"VÁLVULA CG / NXR 160 ADMISSÃO","VÁLVULA CG / NXR 160 ADMISSÃO","VÁLVULA CG / NXR 160 ADMISSÃO",IRON,"Motor/Válvulas",MOTOCICLO
183165,"VÁLVULA CG 125 09 ADMISSÃO","VÁLVULA CG 125 09 ADMISSÃO","VÁLVULA CG 125 09 ADMISSÃO",IRON,"Motor/Válvulas",MOTOCICLO
182996,"VÁLVULA CG 125 77/91 ESCAPE","VÁLVULA CG 125 77/91 ESCAPE","VÁLVULA CG 125 77/91 ESCAPE",IRON,"Motor/Válvulas",MOTOCICLO
183000,"VÁLVULA BIZ 125 PAR","VÁLVULA BIZ 125 PAR","VÁLVULA BIZ 125 PAR",IRON,"Motor/Válvulas",MOTOCICLO
187752,"VÁLVULA CBX/CB 250/300 ESCAPE","VÁLVULA CBX/CB 250/300 ESCAPE","VÁLVULA CBX/CB 250/300 ESCAPE",IRON,"Motor/Válvulas",MOTOCICLO
13014,"VÁLVULA CBX/NX/XR 150/200 ADMISSÃO","VÁLVULA CBX/NX/XR 150/200 ADMISSÃO","VÁLVULA CBX/NX/XR 150/200 ADMISSÃO",IRON,"Motor/Válvulas",MOTOCICLO
187746,"VÁLVULA CBX/NX/XR 150/200 ESCAPE","VÁLVULA CBX/NX/XR 150/200 ESCAPE","VÁLVULA CBX/NX/XR 150/200 ESCAPE",IRON,"Motor/Válvulas",MOTOCICLO
187745,"VÁLVULA CG 125 02/08 ADMISSÃO","VÁLVULA CG 125 02/08 ADMISSÃO","VÁLVULA CG 125 02/08 ADMISSÃO",IRON,"Motor/Válvulas",MOTOCICLO
183002,"74","74","74",IRON,"Geral",MOTOCICLO
185426,"VÁLVULA / CHAVETA / GUIA / PRATO VÁLV.","VÁLVULA / CHAVETA / GUIA / PRATO VÁLV.","VÁLVULA / CHAVETA / GUIA / PRATO VÁLV.",IRON,"Motor/Válvulas",MOTOCICLO
182994,"VÁLVULA BIZ 125 ADMISSÃO","VÁLVULA BIZ 125 ADMISSÃO","VÁLVULA BIZ 125 ADMISSÃO",IRON,"Motor/Válvulas",MOTOCICLO
182992,"VÁLVULA PHOENIX GOLD/SHINERAY XY 50-Q ESCAPE","VÁLVULA PHOENIX GOLD/SHINERAY XY 50-Q ESCAPE","VÁLVULA PHOENIX GOLD/SHINERAY XY 50-Q ESCAPE",IRON,"Motor/Válvulas",MOTOCICLO
183004,"VÁLVULA PHOENIX MAIS JET 50 ADMISSÃO","VÁLVULA PHOENIX MAIS JET 50 ADMISSÃO","VÁLVULA PHOENIX MAIS JET 50 ADMISSÃO",IRON,"Motor/Válvulas",MOTOCICLO
17771,"VÁLVULA BIZ / POP 110I PAR","VÁLVULA BIZ / POP 110I PAR","VÁLVULA BIZ / POP 110I PAR",IRON,"Motor/Válvulas",MOTOCICLO
182990,"VÁLVULA BIZ / POP 110I ESCAPE","VÁLVULA BIZ / POP 110I ESCAPE","VÁLVULA BIZ / POP 110I ESCAPE",IRON,"Motor/Válvulas",MOTOCICLO
182998,"VÁLVULA BIZ/POP 100 ESCAPE","VÁLVULA BIZ/POP 100 ESCAPE","VÁLVULA BIZ/POP 100 ESCAPE",IRON,"Motor/Válvulas",MOTOCICLO
176273,"VÁLVULA BIZ/POP 100 ADMISSAO","VÁLVULA BIZ/POP 100 ADMISSAO","VÁLVULA BIZ/POP 100 ADMISSAO",IRON,"Motor/Válvulas",MOTOCICLO
176257,"VÁLVULA CBX/CB 250/300 ADMISSÃO","VÁLVULA CBX/CB 250/300 ADMISSÃO","VÁLVULA CBX/CB 250/300 ADMISSÃO",IRON,"Motor/Válvulas",MOTOCICLO
176258,"VÁLVULA BIZ 125 ESCAPE","VÁLVULA BIZ 125 ESCAPE","VÁLVULA BIZ 125 ESCAPE",IRON,"Motor/Válvulas",MOTOCICLO
176260,"VÁLVULA YES/INTRUDER KATANA ESCAPE","VÁLVULA YES/INTRUDER KATANA ESCAPE","VÁLVULA YES/INTRUDER KATANA ESCAPE",IRON,"Motor/Válvulas",MOTOCICLO
185442,"VÁLVULA XL/ML 125 DAFRA 150 PAR","VÁLVULA XL/ML 125 DAFRA 150 PAR","VÁLVULA XL/ML 125 DAFRA 150 PAR",IRON,"Motor/Válvulas",MOTOCICLO
185441,"VÁLVULA CG 150 04/08 PAR","VÁLVULA CG 150 04/08 PAR","VÁLVULA CG 150 04/08 PAR",IRON,"Motor/Válvulas",MOTOCICLO
185443,"VÁLVULA YS 150 FAZER YBR/XTZ 150 PAR","VÁLVULA YS 150 FAZER YBR/XTZ 150 PAR","VÁLVULA YS 150 FAZER YBR/XTZ 150 PAR",IRON,"Motor/Válvulas",MOTOCICLO
185448,"VÁLVULA CG 125 92/01 XLR 125 PAR","VÁLVULA CG 125 92/01 XLR 125 PAR","VÁLVULA CG 125 92/01 XLR 125 PAR",IRON,"Motor/Válvulas",MOTOCICLO
185438,"VÁLVULA YS 150 FAZER/YBR XTZ 150 ADMISSÃO","VÁLVULA YS 150 FAZER/YBR XTZ 150 ADMISSÃO","VÁLVULA YS 150 FAZER/YBR XTZ 150 ADMISSÃO",IRON,"Motor/Válvulas",MOTOCICLO
185439,"VÁLVULA YS 150 FAZER YBR/XTZ 150 ESCAPE","VÁLVULA YS 150 FAZER YBR/XTZ 150 ESCAPE","VÁLVULA YS 150 FAZER YBR/XTZ 150 ESCAPE",IRON,"Motor/Válvulas",MOTOCICLO
185445,"VÁLVULA YES/INTRUDER KATANA ADMISSÃO","VÁLVULA YES/INTRUDER KATANA ADMISSÃO","VÁLVULA YES/INTRUDER KATANA ADMISSÃO",IRON,"Motor/Válvulas",MOTOCICLO
185437,"VÁLVULA CG 125 02/08 ESCAPE","VÁLVULA CG 125 02/08 ESCAPE","VÁLVULA CG 125 02/08 ESCAPE",IRON,"Motor/Válvulas",MOTOCICLO
185440,"VÁLVULA CBX/NX/XR CRF 150/200/230 PAR","VÁLVULA CBX/NX/XR CRF 150/200/230 PAR","VÁLVULA CBX/NX/XR CRF 150/200/230 PAR",IRON,"Motor/Válvulas",MOTOCICLO
185446,"VÁLVULA CBX/XR/CB XRE 250/300 PAR","VÁLVULA CBX/XR/CB XRE 250/300 PAR","VÁLVULA CBX/XR/CB XRE 250/300 PAR",IRON,"Motor/Válvulas",MOTOCICLO
185447,"VALVULA YBR/XTZ 125 ADM","VALVULA YBR/XTZ 125 ADM","VALVULA YBR/XTZ 125 ADM",IRON,"Geral",MOTOCICLO
187896,"VALVULA YBR 125I ESCAPE","VALVULA YBR 125I ESCAPE","VALVULA YBR 125I ESCAPE",IRON,"Geral",MOTOCICLO
2032,"VALVULA YBR 125I ADMISSÃO","VALVULA YBR 125I ADMISSÃO","VALVULA YBR 125I ADMISSÃO",IRON,"Geral",MOTOCICLO
4425,"VALVULA YBR 125I ADMISSÃO","VALVULA YBR 125I ADMISSÃO","VALVULA YBR 125I ADMISSÃO",IRON,"Geral",MOTOCICLO
122465,"CHAVETA VÁLVULA JET 50/50X/125X","CHAVETA VÁLVULA JET 50/50X/125X","CHAVETA VÁLVULA JET 50/50X/125X",IRON,"Motor/Fixação",MOTOCICLO
185597,"GUIA VÁLVULA JET 50 ESCAPE","GUIA VÁLVULA JET 50 ESCAPE","GUIA VÁLVULA JET 50 ESCAPE",IRON,"Motor/Válvulas",MOTOCICLO
8527,"GUIA VÁLVULA PHOENIX SHINERAY XY 50-Q","GUIA VÁLVULA PHOENIX SHINERAY XY 50-Q","GUIA VÁLVULA PHOENIX SHINERAY XY 50-Q",IRON,"Motor/Válvulas",MOTOCICLO
6952,"GUIA VÁLVULA JET 50 ADMISSAO","GUIA VÁLVULA JET 50 ADMISSAO","GUIA VÁLVULA JET 50 ADMISSAO",IRON,"Motor/Válvulas",MOTOCICLO
176268,"PRATO VÁLVULA PHOENIX GOLD 50 XY 50-Q","PRATO VÁLVULA PHOENIX GOLD 50 XY 50-Q","PRATO VÁLVULA PHOENIX GOLD 50 XY 50-Q",IRON,"Motor/Válvulas",MOTOCICLO
176267,"PRATO VÁLVULA JET 50/50 X/125 X","PRATO VÁLVULA JET 50/50 X/125 X","PRATO VÁLVULA JET 50/50 X/125 X",IRON,"Motor/Válvulas",MOTOCICLO
187385,"75","75","75",IRON,"Geral",MOTOCICLO
176266,"MOLA","MOLA","MOLA",IRON,"Motor/Suspensão",MOTOCICLO
187898,"MOLA VÁLVULA JET 50 EXTERNA","MOLA VÁLVULA JET 50 EXTERNA","MOLA VÁLVULA JET 50 EXTERNA",IRON,"Motor/Suspensão",MOTOCICLO
176262,"MOLA VÁLVULA JET 50 INTERNA","MOLA VÁLVULA JET 50 INTERNA","MOLA VÁLVULA JET 50 INTERNA",IRON,"Motor/Suspensão",MOTOCICLO
10316,"MOLA VÁLVULA PHOENIX GOLD 50 EXTERNA","MOLA VÁLVULA PHOENIX GOLD 50 EXTERNA","MOLA VÁLVULA PHOENIX GOLD 50 EXTERNA",IRON,"Motor/Suspensão",MOTOCICLO
183222,"MOLA VÁLVULA CG 125 77/01 INTERNA","MOLA VÁLVULA CG 125 77/01 INTERNA","MOLA VÁLVULA CG 125 77/01 INTERNA",IRON,"Motor/Suspensão",MOTOCICLO
185449,"MOLA VÁLVULA CG 125 02/08 EXTERNA","MOLA VÁLVULA CG 125 02/08 EXTERNA","MOLA VÁLVULA CG 125 02/08 EXTERNA",IRON,"Motor/Suspensão",MOTOCICLO
183218,"MOLA VÁLVULA PHOENIX GOLD 50 INTERNA","MOLA VÁLVULA PHOENIX GOLD 50 INTERNA","MOLA VÁLVULA PHOENIX GOLD 50 INTERNA",IRON,"Motor/Suspensão",MOTOCICLO
183220,"MOLA BENGALA CG 150 PEQUENA","MOLA BENGALA CG 150 PEQUENA","MOLA BENGALA CG 150 PEQUENA",IRON,"Motor/Suspensão",MOTOCICLO
185598,"MOLA VÁLVULA CG 150 EXTERNA 04/12","MOLA VÁLVULA CG 150 EXTERNA 04/12","MOLA VÁLVULA CG 150 EXTERNA 04/12",IRON,"Motor/Suspensão",MOTOCICLO
187902,"MOLA BENGALA CG 125 PEQUENA","MOLA BENGALA CG 125 PEQUENA","MOLA BENGALA CG 125 PEQUENA",IRON,"Motor/Suspensão",MOTOCICLO
187900,"MOLA TENSOR COMANDO BIZ/DREAM POP 100","MOLA TENSOR COMANDO BIZ/DREAM POP 100","MOLA TENSOR COMANDO BIZ/DREAM POP 100",IRON,"Motor/Suspensão",MOTOCICLO
176263,"MOLA PATIM FR BIZ/NXR XLR/XL/X 100/125 150/250 T","MOLA PATIM FR BIZ/NXR XLR/XL/X 100/125 150/250 T","MOLA PATIM FR BIZ/NXR XLR/XL/X 100/125 150/250 T",IRON,"Motor/Suspensão",MOTOCICLO
172381,"MOLA P/ FR YBR 125 00/08","MOLA P/ FR YBR 125 00/08","MOLA P/ FR YBR 125 00/08",IRON,"Motor/Suspensão",MOTOCICLO
176272,"MOLA P/ FR NXR 125/150/CBX XR 250/CBX/NX XR 200/XLR 125","MOLA P/ FR NXR 125/150/CBX XR 250/CBX/NX XR 200/XLR 125","MOLA P/ FR NXR 125/150/CBX XR 250/CBX/NX XR 200/XLR 125",IRON,"Motor/Suspensão",MOTOCICLO
176274,"MOLA P/ FR YBR 125 00/08","MOLA P/ FR YBR 125 00/08","MOLA P/ FR YBR 125 00/08",IRON,"Motor/Suspensão",MOTOCICLO
176269,"MOLA P/ FR YS 150 FAZER YBR 150 FACTOR","MOLA P/ FR YS 150 FAZER YBR 150 FACTOR","MOLA P/ FR YS 150 FAZER YBR 150 FACTOR",IRON,"Motor/Suspensão",MOTOCICLO
176259,"MOLA P/ FR BIZ/POP DREAM 100/125","MOLA P/ FR BIZ/POP DREAM 100/125","MOLA P/ FR BIZ/POP DREAM 100/125",IRON,"Motor/Suspensão",MOTOCICLO
176261,"MOLA P/ FR CG 160 START 18","MOLA P/ FR CG 160 START 18","MOLA P/ FR CG 160 START 18",IRON,"Motor/Suspensão",MOTOCICLO
176265,"MOLA P/ FR XTZ 125","MOLA P/ FR XTZ 125","MOLA P/ FR XTZ 125",IRON,"Motor/Suspensão",MOTOCICLO
176264,"MOLA P/ FR BIZ 125/110I 18","MOLA P/ FR BIZ 125/110I 18","MOLA P/ FR BIZ 125/110I 18",IRON,"Motor/Suspensão",MOTOCICLO
185516,"MOLA P/ FR CG 125/150/160","MOLA P/ FR CG 125/150/160","MOLA P/ FR CG 125/150/160",IRON,"Motor/Suspensão",MOTOCICLO
185515,"MOLA PATIM FR CG 125/150 DT","MOLA PATIM FR CG 125/150 DT","MOLA PATIM FR CG 125/150 DT",IRON,"Motor/Suspensão",MOTOCICLO
179236,"MOLA PATIM FR YBR/RD/RDZ DT 125/135/180 T","MOLA PATIM FR YBR/RD/RDZ DT 125/135/180 T","MOLA PATIM FR YBR/RD/RDZ DT 125/135/180 T",IRON,"Motor/Suspensão",MOTOCICLO
196812,"MOLA RET. MANETE FR CG 160 START 18..","MOLA RET. MANETE FR CG 160 START 18..","MOLA RET. MANETE FR CG 160 START 18..",IRON,"Motor/Suspensão",MOTOCICLO
201067,"MOLA RET. MANETE FR POP 110I 19...","MOLA RET. MANETE FR POP 110I 19...","MOLA RET. MANETE FR POP 110I 19...",IRON,"Motor/Suspensão",MOTOCICLO
201663,"MOLA ALAVANCA FR D. CG 125/150","MOLA ALAVANCA FR D. CG 125/150","MOLA ALAVANCA FR D. CG 125/150",IRON,"Motor/Suspensão",MOTOCICLO
196811,"MOLA ALAVANCA EMBREAGEM POP 100","MOLA ALAVANCA EMBREAGEM POP 100","MOLA ALAVANCA EMBREAGEM POP 100",IRON,"Motor/Suspensão",MOTOCICLO
187096,"MOLA ALAVANCA EMBREAGEM YS 150 FAZER XTZ 150 CROSSER","MOLA ALAVANCA EMBREAGEM YS 150 FAZER XTZ 150 CROSSER","MOLA ALAVANCA EMBREAGEM YS 150 FAZER XTZ 150 CROSSER",IRON,"Motor/Suspensão",MOTOCICLO
187097,"MOLA CAVALETE LATERAL NXR 125 150/160","MOLA CAVALETE LATERAL NXR 125 150/160","MOLA CAVALETE LATERAL NXR 125 150/160",IRON,"Motor/Suspensão",MOTOCICLO
185514,"MOLA CAVALETE LATERAL XTZ 125/DT 180","MOLA CAVALETE LATERAL XTZ 125/DT 180","MOLA CAVALETE LATERAL XTZ 125/DT 180",IRON,"Motor/Suspensão",MOTOCICLO
185512,"MOLA BRAÇO SELETOR MARCHA BIZ/POP 100/110I","MOLA BRAÇO SELETOR MARCHA BIZ/POP 100/110I","MOLA BRAÇO SELETOR MARCHA BIZ/POP 100/110I",IRON,"Motor/Suspensão",MOTOCICLO
201657,"MOLA BRAÇO SELETOR MARCHA CG 125 09/13/15","MOLA BRAÇO SELETOR MARCHA CG 125 09/13/15","MOLA BRAÇO SELETOR MARCHA CG 125 09/13/15",IRON,"Motor/Suspensão",MOTOCICLO
201666,"MOLA CAVALETE LATERAL PHOENIX/JET TRAXX JL-50","MOLA CAVALETE LATERAL PHOENIX/JET TRAXX JL-50","MOLA CAVALETE LATERAL PHOENIX/JET TRAXX JL-50",IRON,"Motor/Suspensão",MOTOCICLO
201660,"76","76","76",IRON,"Geral",MOTOCICLO
201654,"MOLA / TENSOR / COMPONENTE","MOLA / TENSOR / COMPONENTE","MOLA / TENSOR / COMPONENTE",IRON,"Motor/Suspensão",MOTOCICLO
196518,"MOLA RETORNO MARCHA PHOENIX GOLD 50","MOLA RETORNO MARCHA PHOENIX GOLD 50","MOLA RETORNO MARCHA PHOENIX GOLD 50",IRON,"Motor/Suspensão",MOTOCICLO
187756,"MOLA POSICIONADOR MARCHA JET 50","MOLA POSICIONADOR MARCHA JET 50","MOLA POSICIONADOR MARCHA JET 50",IRON,"Motor/Suspensão",MOTOCICLO
187755,"MOLA STOP FR T BIZ 100/125","MOLA STOP FR T BIZ 100/125","MOLA STOP FR T BIZ 100/125",IRON,"Motor/Suspensão",MOTOCICLO
11109,"MOLA STOP FR T NXR BIZ 110/125 18/20","MOLA STOP FR T NXR BIZ 110/125 18/20","MOLA STOP FR T NXR BIZ 110/125 18/20",IRON,"Motor/Suspensão",MOTOCICLO
7177,"MOLA STOP FR T. CG 125/150","MOLA STOP FR T. CG 125/150","MOLA STOP FR T. CG 125/150",IRON,"Motor/Suspensão",MOTOCICLO
173103,"KIT TENSOR GUIA COM BIZ POP 100 SHINERAY 50 9PCS","KIT TENSOR GUIA COM BIZ POP 100 SHINERAY 50 9PCS","KIT TENSOR GUIA COM BIZ POP 100 SHINERAY 50 9PCS",IRON,"Motor",MOTOCICLO
179250,"KIT TENSOR GUIA COM BIZ POP 110I 9 PCS","KIT TENSOR GUIA COM BIZ POP 110I 9 PCS","KIT TENSOR GUIA COM BIZ POP 110I 9 PCS",IRON,"Motor",MOTOCICLO
182978,"KIT TENSOR GUIA COM BIZ POP 100 SHINERAY 50 3PCS","KIT TENSOR GUIA COM BIZ POP 100 SHINERAY 50 3PCS","KIT TENSOR GUIA COM BIZ POP 100 SHINERAY 50 3PCS",IRON,"Motor",MOTOCICLO
182980,"KIT TENSOR COM. BIZ POP 110I 3P","KIT TENSOR COM. BIZ POP 110I 3P","KIT TENSOR COM. BIZ POP 110I 3P",IRON,"Motor",MOTOCICLO
7856,"COROA COM JET 50/50 X 125 X","COROA COM JET 50/50 X 125 X","COROA COM JET 50/50 X 125 X",IRON,"Transmissão/Motor",MOTOCICLO
179249,"COROA COM. SHINERAY PHOENIX GOLD TRAXX-50","COROA COM. SHINERAY PHOENIX GOLD TRAXX-50","COROA COM. SHINERAY PHOENIX GOLD TRAXX-50",IRON,"Transmissão/Motor",MOTOCICLO
173106,"COROA COM. YBR/XTZ 125 00/05 34D","COROA COM. YBR/XTZ 125 00/05 34D","COROA COM. YBR/XTZ 125 00/05 34D",IRON,"Transmissão/Motor",MOTOCICLO
173104,"PINHÃO GUIA COM. BIZ/DREAM POP 100","PINHÃO GUIA COM. BIZ/DREAM POP 100","PINHÃO GUIA COM. BIZ/DREAM POP 100",IRON,"Transmissão",MOTOCICLO
201761,"ROLETE GUIA COM BIZ POP 100 SHINERAY 50","ROLETE GUIA COM BIZ POP 100 SHINERAY 50","ROLETE GUIA COM BIZ POP 100 SHINERAY 50",IRON,"Motor",MOTOCICLO
201773,"TENSOR COM. PHOENIX 50 XY 50-Q","TENSOR COM. PHOENIX 50 XY 50-Q","TENSOR COM. PHOENIX 50 XY 50-Q",IRON,"Motor",MOTOCICLO
202476,"HASTE TENSOR COM PHOENIX GOLD 50","HASTE TENSOR COM PHOENIX GOLD 50","HASTE TENSOR COM PHOENIX GOLD 50",IRON,"Motor",MOTOCICLO
201764,"HASTE TENSOR COM JET 50","HASTE TENSOR COM JET 50","HASTE TENSOR COM JET 50",IRON,"Motor",MOTOCICLO
201768,"BRAÇO TENSOR COM. BIZ POP 110I","BRAÇO TENSOR COM. BIZ POP 110I","BRAÇO TENSOR COM. BIZ POP 110I",IRON,"Motor",MOTOCICLO
201767,"BRACO TENSOR COM. JET 50/50 X 125 X","BRACO TENSOR COM. JET 50/50 X 125 X","BRACO TENSOR COM. JET 50/50 X 125 X",IRON,"Motor",MOTOCICLO
201765,"BUJÃO TENSOR COMANDO JET 50","BUJÃO TENSOR COMANDO JET 50","BUJÃO TENSOR COMANDO JET 50",IRON,"Motor",MOTOCICLO
201769,"BUJÃO TENSOR COMANDO PHOENIX GOLD 50/XY 50-Q","BUJÃO TENSOR COMANDO PHOENIX GOLD 50/XY 50-Q","BUJÃO TENSOR COMANDO PHOENIX GOLD 50/XY 50-Q",IRON,"Motor",MOTOCICLO
201771,"EIXO BALANCINHO JET 50 50 X/125 X","EIXO BALANCINHO JET 50 50 X/125 X","EIXO BALANCINHO JET 50 50 X/125 X",IRON,"Eixos",MOTOCICLO
201763,"EIXO BALANCINHO PHOENIX GOLD/ SHINERAY XY 50-Q","EIXO BALANCINHO PHOENIX GOLD/ SHINERAY XY 50-Q","EIXO BALANCINHO PHOENIX GOLD/ SHINERAY XY 50-Q",IRON,"Eixos",MOTOCICLO
179248,"EIXO BALANCINHO YS 150 FAZER XTZ 150 CROSSER","EIXO BALANCINHO YS 150 FAZER XTZ 150 CROSSER","EIXO BALANCINHO YS 150 FAZER XTZ 150 CROSSER",IRON,"Eixos",MOTOCICLO
182973,"EIXO BALANCINHO CG 150","EIXO BALANCINHO CG 150","EIXO BALANCINHO CG 150",IRON,"Eixos",MOTOCICLO
179246,"EIXO BOMBA OLEO PHOENIX GOLD SHINERAY XY 50-Q","EIXO BOMBA OLEO PHOENIX GOLD SHINERAY XY 50-Q","EIXO BOMBA OLEO PHOENIX GOLD SHINERAY XY 50-Q",IRON,"Eixos",MOTOCICLO
182976,"77","77","77",IRON,"Geral",MOTOCICLO
185428,"KIT CILINDRO MOTOR","KIT CILINDRO MOTOR","KIT CILINDRO MOTOR",IRON,"Motor/Cilindro",MOTOCICLO
185429,"CILINDRO MOTOR YS 250 FAZER XTZ 250 LANDER 16...","CILINDRO MOTOR YS 250 FAZER XTZ 250 LANDER 16...","CILINDRO MOTOR YS 250 FAZER XTZ 250 LANDER 16...",IRON,"Suspensão",MOTOCICLO
173105,"CILINDRO MOTOR YBR 125I FACTOR KIT","CILINDRO MOTOR YBR 125I FACTOR KIT","CILINDRO MOTOR YBR 125I FACTOR KIT",IRON,"Suspensão",MOTOCICLO
8210,"CILINDRO MOTOR YBR XTZ 125 KIT","CILINDRO MOTOR YBR XTZ 125 KIT","CILINDRO MOTOR YBR XTZ 125 KIT",IRON,"Suspensão",MOTOCICLO
15268,"CILINDRO MOTOR FAZER XTZ 150","CILINDRO MOTOR FAZER XTZ 150","CILINDRO MOTOR FAZER XTZ 150",IRON,"Suspensão",MOTOCICLO
179252,"CILINDRO MOTOR BIZ POP 110I KIT","CILINDRO MOTOR BIZ POP 110I KIT","CILINDRO MOTOR BIZ POP 110I KIT",IRON,"Suspensão",MOTOCICLO
179245,"CILINDRO MOTOR CB/XRE 300 KIT","CILINDRO MOTOR CB/XRE 300 KIT","CILINDRO MOTOR CB/XRE 300 KIT",IRON,"Suspensão",MOTOCICLO
179251,"CILINDRO MOTOR N-MAX 160 16/20 KIT","CILINDRO MOTOR N-MAX 160 16/20 KIT","CILINDRO MOTOR N-MAX 160 16/20 KIT",IRON,"Suspensão",MOTOCICLO
182970,"CILINDRO MOTOR CG 125 02/08 KIT","CILINDRO MOTOR CG 125 02/08 KIT","CILINDRO MOTOR CG 125 02/08 KIT",IRON,"Suspensão",MOTOCICLO
179247,"CILINDRO MOTOR XT TDM 225 TTR 230 KIT","CILINDRO MOTOR XT TDM 225 TTR 230 KIT","CILINDRO MOTOR XT TDM 225 TTR 230 KIT",IRON,"Suspensão",MOTOCICLO
179291,"CILINDRO MOTOR PHOENIX+ JET+ 70CC KIT","CILINDRO MOTOR PHOENIX+ JET+ 70CC KIT","CILINDRO MOTOR PHOENIX+ JET+ 70CC KIT",IRON,"Suspensão",MOTOCICLO
179285,"CILINDRO MOTOR PCX 150 13/15/SH 150I 19/21 KIT","CILINDRO MOTOR PCX 150 13/15/SH 150I 19/21 KIT","CILINDRO MOTOR PCX 150 13/15/SH 150I 19/21 KIT",IRON,"Suspensão",MOTOCICLO
201777,"CILINDRO MOTOR NX 400 99/05 KIT (S/ CATALISADOR)","CILINDRO MOTOR NX 400 99/05 KIT (S/ CATALISADOR)","CILINDRO MOTOR NX 400 99/05 KIT (S/ CATALISADOR)",IRON,"Suspensão",MOTOCICLO
179295,"CILINDRO MOTOR CRYPTON 105 KIT","CILINDRO MOTOR CRYPTON 105 KIT","CILINDRO MOTOR CRYPTON 105 KIT",IRON,"Suspensão",MOTOCICLO
122387,"CILINDRO MOTOR PHOENIX GOLD JET 70CC KIT","CILINDRO MOTOR PHOENIX GOLD JET 70CC KIT","CILINDRO MOTOR PHOENIX GOLD JET 70CC KIT",IRON,"Suspensão",MOTOCICLO
179286,"CILINDRO MOTOR XRE 190 KIT","CILINDRO MOTOR XRE 190 KIT","CILINDRO MOTOR XRE 190 KIT",IRON,"Suspensão",MOTOCICLO
179289,"CILINDRO MOTOR YBR/XTZ 125 KIT","CILINDRO MOTOR YBR/XTZ 125 KIT","CILINDRO MOTOR YBR/XTZ 125 KIT",IRON,"Suspensão",MOTOCICLO
179294,"CILINDRO MOTOR YES INTRUDER 125 KIT","CILINDRO MOTOR YES INTRUDER 125 KIT","CILINDRO MOTOR YES INTRUDER 125 KIT",IRON,"Suspensão",MOTOCICLO
182988,"CILINDRO MOTOR YS 150 FAZER XTZ 150 CROSSER KIT","CILINDRO MOTOR YS 150 FAZER XTZ 150 CROSSER KIT","CILINDRO MOTOR YS 150 FAZER XTZ 150 CROSSER KIT",IRON,"Suspensão",MOTOCICLO
201778,"CILINDRO MOTOR YS 250 FAZER XTZ 250 LANDER KIT","CILINDRO MOTOR YS 250 FAZER XTZ 250 LANDER KIT","CILINDRO MOTOR YS 250 FAZER XTZ 250 LANDER KIT",IRON,"Suspensão",MOTOCICLO
187758,"CILINDRO MOTOR NXR 150 03/05 KIT","CILINDRO MOTOR NXR 150 03/05 KIT","CILINDRO MOTOR NXR 150 03/05 KIT",IRON,"Suspensão",MOTOCICLO
182984,"CILINDRO MOTOR LEAD 110 KIT","CILINDRO MOTOR LEAD 110 KIT","CILINDRO MOTOR LEAD 110 KIT",IRON,"Suspensão",MOTOCICLO
179288,"CILINDRO MOTOR NEO AT 115 05/12 KIT","CILINDRO MOTOR NEO AT 115 05/12 KIT","CILINDRO MOTOR NEO AT 115 05/12 KIT",IRON,"Suspensão",MOTOCICLO
179292,"CILINDRO MOTOR QUADRICICLO FOURTRAX 420 HONDA 14 KIT","CILINDRO MOTOR QUADRICICLO FOURTRAX 420 HONDA 14 KIT","CILINDRO MOTOR QUADRICICLO FOURTRAX 420 HONDA 14 KIT",IRON,"Suspensão",MOTOCICLO
179287,"CILINDRO MOTOR CBX XR/NX 200 KIT","CILINDRO MOTOR CBX XR/NX 200 KIT","CILINDRO MOTOR CBX XR/NX 200 KIT",IRON,"Suspensão",MOTOCICLO
179290,"CILINDRO MOTOR AN 125I BURGMAN 11/19 KIT","CILINDRO MOTOR AN 125I BURGMAN 11/19 KIT","CILINDRO MOTOR AN 125I BURGMAN 11/19 KIT",IRON,"Suspensão",MOTOCICLO
179293,"CILINDRO MOTOR BIZ 125 06/08 KIT","CILINDRO MOTOR BIZ 125 06/08 KIT","CILINDRO MOTOR BIZ 125 06/08 KIT",IRON,"Suspensão",MOTOCICLO
182982,"CILINDRO MOTOR BIZ POP 110I KIT","CILINDRO MOTOR BIZ POP 110I KIT","CILINDRO MOTOR BIZ POP 110I KIT",IRON,"Suspensão",MOTOCICLO
187761,"CILINDRO MOTOR CG/NXR 160 KIT","CILINDRO MOTOR CG/NXR 160 KIT","CILINDRO MOTOR CG/NXR 160 KIT",IRON,"Suspensão",MOTOCICLO
187765,"CILINDRO MOTOR PHOENIX GOLD JET 90CC KIT","CILINDRO MOTOR PHOENIX GOLD JET 90CC KIT","CILINDRO MOTOR PHOENIX GOLD JET 90CC KIT",IRON,"Suspensão",MOTOCICLO
122436,"CILINDRO MOTOR CG 125 09/12 KIT","CILINDRO MOTOR CG 125 09/12 KIT","CILINDRO MOTOR CG 125 09/12 KIT",IRON,"Suspensão",MOTOCICLO
185271,"CILINDRO MOTOR POP 100 KIT","CILINDRO MOTOR POP 100 KIT","CILINDRO MOTOR POP 100 KIT",IRON,"Suspensão",MOTOCICLO
185273,"78","78","78",IRON,"Geral",MOTOCICLO
185374,"CILINDRO MOTOR / CABEÇOTE / JUNTA","CILINDRO MOTOR / CABEÇOTE / JUNTA","CILINDRO MOTOR / CABEÇOTE / JUNTA",IRON,"Suspensão",MOTOCICLO
122391,"CILINDRO MOTOR CG 125 92/01 KIT","CILINDRO MOTOR CG 125 92/01 KIT","CILINDRO MOTOR CG 125 92/01 KIT",IRON,"Suspensão",MOTOCICLO
122492,"CILINDRO MOTOR AN 125 BURGMAN 05/10 KIT","CILINDRO MOTOR AN 125 BURGMAN 05/10 KIT","CILINDRO MOTOR AN 125 BURGMAN 05/10 KIT",IRON,"Suspensão",MOTOCICLO
185375,"CILINDRO MOTOR CBX XR 250 KIT","CILINDRO MOTOR CBX XR 250 KIT","CILINDRO MOTOR CBX XR 250 KIT",IRON,"Suspensão",MOTOCICLO
122493,"CILINDRO MOTOR CG 125 82/91 KIT","CILINDRO MOTOR CG 125 82/91 KIT","CILINDRO MOTOR CG 125 82/91 KIT",IRON,"Suspensão",MOTOCICLO
4876,"CILINDRO MOTOR CRYPTON 115 KIT","CILINDRO MOTOR CRYPTON 115 KIT","CILINDRO MOTOR CRYPTON 115 KIT",IRON,"Suspensão",MOTOCICLO
185313,"CILINDRO MOTOR NEO 125 UBS 16/19 KIT","CILINDRO MOTOR NEO 125 UBS 16/19 KIT","CILINDRO MOTOR NEO 125 UBS 16/19 KIT",IRON,"Suspensão",MOTOCICLO
185315,"CILINDRO MOTOR CB 250F CRF 250 KIT","CILINDRO MOTOR CB 250F CRF 250 KIT","CILINDRO MOTOR CB 250F CRF 250 KIT",IRON,"Suspensão",MOTOCICLO
13230,"CILINDRO MOTOR CG 150 04/08","CILINDRO MOTOR CG 150 04/08","CILINDRO MOTOR CG 150 04/08",IRON,"Suspensão",MOTOCICLO
5112,"CILINDRO MOTOR PCX 150 16...","CILINDRO MOTOR PCX 150 16...","CILINDRO MOTOR PCX 150 16...",IRON,"Suspensão",MOTOCICLO
188014,"CILINDRO MOTOR CG 150 04 P190 KIT","CILINDRO MOTOR CG 150 04 P190 KIT","CILINDRO MOTOR CG 150 04 P190 KIT",IRON,"Suspensão",MOTOCICLO
188012,"CILINDRO MOTOR DAFRA SPEED 150 KIT","CILINDRO MOTOR DAFRA SPEED 150 KIT","CILINDRO MOTOR DAFRA SPEED 150 KIT",IRON,"Suspensão",MOTOCICLO
189077,"CILINDRO MOTOR BIZ 125 09/17 KIT","CILINDRO MOTOR BIZ 125 09/17 KIT","CILINDRO MOTOR BIZ 125 09/17 KIT",IRON,"Suspensão",MOTOCICLO
122459,"CABEÇOTE CG 125 92/01","CABEÇOTE CG 125 92/01","CABEÇOTE CG 125 92/01",IRON,"Geral",MOTOCICLO
189073,"CABEÇOTE CG 150 04/05","CABEÇOTE CG 150 04/05","CABEÇOTE CG 150 04/05",IRON,"Geral",MOTOCICLO
189067,"CABEÇOTE CG 150 09","CABEÇOTE CG 150 09","CABEÇOTE CG 150 09",IRON,"Geral",MOTOCICLO
182295,"CABEÇOTE JET 50 PHOENIX MAIS 50","CABEÇOTE JET 50 PHOENIX MAIS 50","CABEÇOTE JET 50 PHOENIX MAIS 50",IRON,"Geral",MOTOCICLO
189081,"CABEÇOTE YES INTRUDER 125 05/10","CABEÇOTE YES INTRUDER 125 05/10","CABEÇOTE YES INTRUDER 125 05/10",IRON,"Geral",MOTOCICLO
189079,"CABEÇOTE BIZ 100 13/15 POP 100 13/15","CABEÇOTE BIZ 100 13/15 POP 100 13/15","CABEÇOTE BIZ 100 13/15 POP 100 13/15",IRON,"Geral",MOTOCICLO
6464,"CABEÇOTE CG 150 06/08","CABEÇOTE CG 150 06/08","CABEÇOTE CG 150 06/08",IRON,"Geral",MOTOCICLO
189084,"CABEÇOTE NXR 150 06/08","CABEÇOTE NXR 150 06/08","CABEÇOTE NXR 150 06/08",IRON,"Geral",MOTOCICLO
189075,"CABEÇOTE NXR 150 09/13","CABEÇOTE NXR 150 09/13","CABEÇOTE NXR 150 09/13",IRON,"Geral",MOTOCICLO
189088,"CABEÇOTE BIZ 100 99/05","CABEÇOTE BIZ 100 99/05","CABEÇOTE BIZ 100 99/05",IRON,"Geral",MOTOCICLO
189086,"CABEÇOTE YBR/XTZ 125","CABEÇOTE YBR/XTZ 125","CABEÇOTE YBR/XTZ 125",IRON,"Geral",MOTOCICLO
189069,"CABEÇOTE PHOENIX GOLD 50 XY 50-Q HYPE 50","CABEÇOTE PHOENIX GOLD 50 XY 50-Q HYPE 50","CABEÇOTE PHOENIX GOLD 50 XY 50-Q HYPE 50",IRON,"Geral",MOTOCICLO
189071,"CABEÇOTE CG 125 02/05","CABEÇOTE CG 125 02/05","CABEÇOTE CG 125 02/05",IRON,"Geral",MOTOCICLO
189083,"CABEÇOTE CG 125 06/08","CABEÇOTE CG 125 06/08","CABEÇOTE CG 125 06/08",IRON,"Geral",MOTOCICLO
189090,"JUNTA CABEÇOTE YBR/XTZ 125","JUNTA CABEÇOTE YBR/XTZ 125","JUNTA CABEÇOTE YBR/XTZ 125",IRON,"Juntas e Guarnições",MOTOCICLO
350695,"JUNTA KIT A BIZ/POP 100","JUNTA KIT A BIZ/POP 100","JUNTA KIT A BIZ/POP 100",IRON,"Juntas e Guarnições",MOTOCICLO
200827,"JUNTA KIT A CB/XRE 300","JUNTA KIT A CB/XRE 300","JUNTA KIT A CB/XRE 300",IRON,"Juntas e Guarnições",MOTOCICLO
182299,"JUNTA KIT A CBX/XR 250","JUNTA KIT A CBX/XR 250","JUNTA KIT A CBX/XR 250",IRON,"Juntas e Guarnições",MOTOCICLO
182293,"CILINDRO MOTOR INTRUDER 125 06 KIT","CILINDRO MOTOR INTRUDER 125 06 KIT","CILINDRO MOTOR INTRUDER 125 06 KIT",IRON,"Suspensão",MOTOCICLO
176297,"79","79","79",IRON,"Geral",MOTOCICLO
201265,"JOGO JUNTA / JUNTA","JOGO JUNTA / JUNTA","JOGO JUNTA / JUNTA",IRON,"Juntas e Guarnições",MOTOCICLO
27474,"JOGO JUNTAS CG 125 00/08","JOGO JUNTAS CG 125 00/08","JOGO JUNTAS CG 125 00/08",IRON,"Juntas e Guarnições",MOTOCICLO
176294,"JOGO JUNTAS CG 125 09 C/ ANEIS","JOGO JUNTAS CG 125 09 C/ ANEIS","JOGO JUNTAS CG 125 09 C/ ANEIS",IRON,"Juntas e Guarnições",MOTOCICLO
27476,"JOGO JUNTAS CG 92/99","JOGO JUNTAS CG 92/99","JOGO JUNTAS CG 92/99",IRON,"Juntas e Guarnições",MOTOCICLO
27480,"JUNTA KIT A BIZ 125","JUNTA KIT A BIZ 125","JUNTA KIT A BIZ 125",IRON,"Juntas e Guarnições",MOTOCICLO
27482,"JOGO JUNTAS CBX/NX XR 200","JOGO JUNTAS CBX/NX XR 200","JOGO JUNTAS CBX/NX XR 200",IRON,"Juntas e Guarnições",MOTOCICLO
182301,"JOGO JUNTAS PHOENIX GOLD 50 SHINERAY XY 50-Q","JOGO JUNTAS PHOENIX GOLD 50 SHINERAY XY 50-Q","JOGO JUNTAS PHOENIX GOLD 50 SHINERAY XY 50-Q",IRON,"Juntas e Guarnições",MOTOCICLO
27479,"JOGO JUNTAS BIZ 125 C/ ANEIS","JOGO JUNTAS BIZ 125 C/ ANEIS","JOGO JUNTAS BIZ 125 C/ ANEIS",IRON,"Juntas e Guarnições",MOTOCICLO
27481,"JOGO JUNTAS YBR/XTZ 125","JOGO JUNTAS YBR/XTZ 125","JOGO JUNTAS YBR/XTZ 125",IRON,"Juntas e Guarnições",MOTOCICLO
201239,"JOGO JUNTAS CG/NXR 150 06/08","JOGO JUNTAS CG/NXR 150 06/08","JOGO JUNTAS CG/NXR 150 06/08",IRON,"Juntas e Guarnições",MOTOCICLO
201299,"JUNTA KIT A CBX/NX XR 200","JUNTA KIT A CBX/NX XR 200","JUNTA KIT A CBX/NX XR 200",IRON,"Juntas e Guarnições",MOTOCICLO
201297,"JUNTA KIT A PHOENIX GOLD 50 SHINERAY XY 50-Q","JUNTA KIT A PHOENIX GOLD 50 SHINERAY XY 50-Q","JUNTA KIT A PHOENIX GOLD 50 SHINERAY XY 50-Q",IRON,"Juntas e Guarnições",MOTOCICLO
27475,"JUNTA CILINDRO BIZ 125","JUNTA CILINDRO BIZ 125","JUNTA CILINDRO BIZ 125",IRON,"Juntas e Guarnições",MOTOCICLO
27477,"JUNTA CILINDRO CG 125 00/08 NXR 125","JUNTA CILINDRO CG 125 00/08 NXR 125","JUNTA CILINDRO CG 125 00/08 NXR 125",IRON,"Juntas e Guarnições",MOTOCICLO
201296,"JUNTA COLETOR ADM PHOENIX JET 50","JUNTA COLETOR ADM PHOENIX JET 50","JUNTA COLETOR ADM PHOENIX JET 50",IRON,"Juntas e Guarnições",MOTOCICLO
182297,"JUNTA CILINDRO CG 125 92/99","JUNTA CILINDRO CG 125 92/99","JUNTA CILINDRO CG 125 92/99",IRON,"Juntas e Guarnições",MOTOCICLO
27473,"JUNTA CILINDRO CG 150 FAN 125 09 SH 150I","JUNTA CILINDRO CG 150 FAN 125 09 SH 150I","JUNTA CILINDRO CG 150 FAN 125 09 SH 150I",IRON,"Juntas e Guarnições",MOTOCICLO
27478,"JUNTA CILINDRO YBR/XTZ 125","JUNTA CILINDRO YBR/XTZ 125","JUNTA CILINDRO YBR/XTZ 125",IRON,"Juntas e Guarnições",MOTOCICLO
176295,"JUNTA KIT A YBR/XTZ 125","JUNTA KIT A YBR/XTZ 125","JUNTA KIT A YBR/XTZ 125",IRON,"Juntas e Guarnições",MOTOCICLO
176300,"JUNTA KIT A BIZ/POP 100 ACO","JUNTA KIT A BIZ/POP 100 ACO","JUNTA KIT A BIZ/POP 100 ACO",IRON,"Juntas e Guarnições",MOTOCICLO
23649,"JUNTA KIT A CRF 230","JUNTA KIT A CRF 230","JUNTA KIT A CRF 230",IRON,"Juntas e Guarnições",MOTOCICLO
176303,"JUNTA KIT A YS 250 FAZER XTZ 250 LANDER","JUNTA KIT A YS 250 FAZER XTZ 250 LANDER","JUNTA KIT A YS 250 FAZER XTZ 250 LANDER",IRON,"Juntas e Guarnições",MOTOCICLO
176296,"JUNTA KIT A YS 150 FAZER XTZ 150 CROOSER","JUNTA KIT A YS 150 FAZER XTZ 150 CROOSER","JUNTA KIT A YS 150 FAZER XTZ 150 CROOSER",IRON,"Juntas e Guarnições",MOTOCICLO
176302,"JOGO JUNTAS QUADRICICLO FOURTRAX 420 HONDA","JOGO JUNTAS QUADRICICLO FOURTRAX 420 HONDA","JOGO JUNTAS QUADRICICLO FOURTRAX 420 HONDA",IRON,"Juntas e Guarnições",MOTOCICLO
119480,"JUNTA KIT A YES 125","JUNTA KIT A YES 125","JUNTA KIT A YES 125",IRON,"Juntas e Guarnições",MOTOCICLO
27483,"JUNTA CILINDRO BIZ/POP 100","JUNTA CILINDRO BIZ/POP 100","JUNTA CILINDRO BIZ/POP 100",IRON,"Juntas e Guarnições",MOTOCICLO
176301,"JUNTA CABEÇOTE BIZ 125","JUNTA CABEÇOTE BIZ 125","JUNTA CABEÇOTE BIZ 125",IRON,"Juntas e Guarnições",MOTOCICLO
176299,"JUNTA CABEÇOTE CBX/XR 250","JUNTA CABEÇOTE CBX/XR 250","JUNTA CABEÇOTE CBX/XR 250",IRON,"Juntas e Guarnições",MOTOCICLO
176298,"JUNTA CABEÇOTE CG 125 82/91","JUNTA CABEÇOTE CG 125 82/91","JUNTA CABEÇOTE CG 125 82/91",IRON,"Juntas e Guarnições",MOTOCICLO
183076,"JUNTA CABEÇOTE CG 125 FAN 09","JUNTA CABEÇOTE CG 125 FAN 09","JUNTA CABEÇOTE CG 125 FAN 09",IRON,"Juntas e Guarnições",MOTOCICLO
183072,"JUNTA CABECOTE YES/INTRUDER KATANA 125","JUNTA CABECOTE YES/INTRUDER KATANA 125","JUNTA CABECOTE YES/INTRUDER KATANA 125",IRON,"Juntas e Guarnições",MOTOCICLO
183078,"JUNTA CABEÇOTE CBX NX / XR 200","JUNTA CABEÇOTE CBX NX / XR 200","JUNTA CABEÇOTE CBX NX / XR 200",IRON,"Juntas e Guarnições",MOTOCICLO
13541,"JUNTA CABECOTE BIZ/POP 100 AÇO","JUNTA CABECOTE BIZ/POP 100 AÇO","JUNTA CABECOTE BIZ/POP 100 AÇO",IRON,"Juntas e Guarnições",MOTOCICLO
183068,"80","80","80",IRON,"Geral",MOTOCICLO
183074,"JUNTA / GUARNIÇÃO / PISTÃO","JUNTA / GUARNIÇÃO / PISTÃO","JUNTA / GUARNIÇÃO / PISTÃO",IRON,"Juntas e Guarnições",MOTOCICLO
183080,"JUNTA KIT A CRYPTON 115","JUNTA KIT A CRYPTON 115","JUNTA KIT A CRYPTON 115",IRON,"Juntas e Guarnições",MOTOCICLO
183070,"JUNTA CABEÇOTE BIZ/POP 100","JUNTA CABEÇOTE BIZ/POP 100","JUNTA CABEÇOTE BIZ/POP 100",IRON,"Juntas e Guarnições",MOTOCICLO
183066,"JUNTA CABEÇOTE CG 125 92/08","JUNTA CABEÇOTE CG 125 92/08","JUNTA CABEÇOTE CG 125 92/08",IRON,"Juntas e Guarnições",MOTOCICLO
188008,"JUNTA CABEÇOTE CG 150/NXR 150 06/15","JUNTA CABEÇOTE CG 150/NXR 150 06/15","JUNTA CABEÇOTE CG 150/NXR 150 06/15",IRON,"Juntas e Guarnições",MOTOCICLO
188010,"JUNTA KIT A CG 125 00/08 NXR 125","JUNTA KIT A CG 125 00/08 NXR 125","JUNTA KIT A CG 125 00/08 NXR 125",IRON,"Juntas e Guarnições",MOTOCICLO
27484,"JUNTA KIT A CG 125 92/99","JUNTA KIT A CG 125 92/99","JUNTA KIT A CG 125 92/99",IRON,"Juntas e Guarnições",MOTOCICLO
27471,"JUNTA KIT A CG 125 FAN 09","JUNTA KIT A CG 125 FAN 09","JUNTA KIT A CG 125 FAN 09",IRON,"Juntas e Guarnições",MOTOCICLO
176309,"JUNTA KIT A CG 150 NXR 150 06/15","JUNTA KIT A CG 150 NXR 150 06/15","JUNTA KIT A CG 150 NXR 150 06/15",IRON,"Juntas e Guarnições",MOTOCICLO
46654,"JUNTA KIT A CG/NXR 160","JUNTA KIT A CG/NXR 160","JUNTA KIT A CG/NXR 160",IRON,"Juntas e Guarnições",MOTOCICLO
182311,"GUARNIÇÃO VAL. CBX XR 250","GUARNIÇÃO VAL. CBX XR 250","GUARNIÇÃO VAL. CBX XR 250",IRON,"Juntas e Guarnições",MOTOCICLO
46657,"GUARNIÇÃO T VAL CB/XRE 300","GUARNIÇÃO T VAL CB/XRE 300","GUARNIÇÃO T VAL CB/XRE 300",IRON,"Juntas e Guarnições",MOTOCICLO
46656,"GUARNIÇÃO T VAL. BIZ/POP 110I","GUARNIÇÃO T VAL. BIZ/POP 110I","GUARNIÇÃO T VAL. BIZ/POP 110I",IRON,"Juntas e Guarnições",MOTOCICLO
27467,"GUARNIÇÃO CUBA CAR CG 125/150","GUARNIÇÃO CUBA CAR CG 125/150","GUARNIÇÃO CUBA CAR CG 125/150",IRON,"Juntas e Guarnições",MOTOCICLO
27468,"GUARNIÇÃO CUBA CAR YBR XTZ 125 NEO AT 115","GUARNIÇÃO CUBA CAR YBR XTZ 125 NEO AT 115","GUARNIÇÃO CUBA CAR YBR XTZ 125 NEO AT 115",IRON,"Juntas e Guarnições",MOTOCICLO
182309,"GUARNIÇÃO T VAL CB 250F 16/22 CRF 250F 19...","GUARNIÇÃO T VAL CB 250F 16/22 CRF 250F 19...","GUARNIÇÃO T VAL CB 250F 16/22 CRF 250F 19...",IRON,"Juntas e Guarnições",MOTOCICLO
176311,"GUARNIÇÃO CUBA CAR BIZ 100/125","GUARNIÇÃO CUBA CAR BIZ 100/125","GUARNIÇÃO CUBA CAR BIZ 100/125",IRON,"Juntas e Guarnições",MOTOCICLO
201305,"KIT VEDAÇÃO T. VÁLVULA BIZ/POP 110I","KIT VEDAÇÃO T. VÁLVULA BIZ/POP 110I","KIT VEDAÇÃO T. VÁLVULA BIZ/POP 110I",IRON,"Motor/Válvulas",MOTOCICLO
201304,"GUARNIÇÃO T VAL. CG 150 NXR 150 06/14","GUARNIÇÃO T VAL. CG 150 NXR 150 06/14","GUARNIÇÃO T VAL. CG 150 NXR 150 06/14",IRON,"Juntas e Guarnições",MOTOCICLO
46658,"GUARNIÇÃO T VAL. CG 125 82/08","GUARNIÇÃO T VAL. CG 125 82/08","GUARNIÇÃO T VAL. CG 125 82/08",IRON,"Juntas e Guarnições",MOTOCICLO
27469,"KIT VEDAÇÃO T VÁLVULA CG 150","KIT VEDAÇÃO T VÁLVULA CG 150","KIT VEDAÇÃO T VÁLVULA CG 150",IRON,"Motor/Válvulas",MOTOCICLO
27466,"GUARNIÇÃO T VAL. NEO 125I 17/21","GUARNIÇÃO T VAL. NEO 125I 17/21","GUARNIÇÃO T VAL. NEO 125I 17/21",IRON,"Juntas e Guarnições",MOTOCICLO
182307,"GUARNIÇÃO T VAL. N-MAX 160","GUARNIÇÃO T VAL. N-MAX 160","GUARNIÇÃO T VAL. N-MAX 160",IRON,"Juntas e Guarnições",MOTOCICLO
182313,"GUARNIÇÃO T VAL. PCX 150 SH 150I","GUARNIÇÃO T VAL. PCX 150 SH 150I","GUARNIÇÃO T VAL. PCX 150 SH 150I",IRON,"Juntas e Guarnições",MOTOCICLO
182305,"GUARNIÇÃO CUBA CAR. CRYPTON 115 09","GUARNIÇÃO CUBA CAR. CRYPTON 115 09","GUARNIÇÃO CUBA CAR. CRYPTON 115 09",IRON,"Juntas e Guarnições",MOTOCICLO
182303,"GUARNIÇÃO T VAL CG NXR 160","GUARNIÇÃO T VAL CG NXR 160","GUARNIÇÃO T VAL CG NXR 160",IRON,"Juntas e Guarnições",MOTOCICLO
176304,"PISTÃO KIT CG 125 02/08 173328 - PISTÃO STD 173324 - PISTÃO","PISTÃO KIT CG 125 02/08 173328 - PISTÃO STD 173324 - PISTÃO 025 173325 - PISTÃO 050 173326 - PISTÃO 075 173327 - PISTÃO 100 185486 - PISTÃO 125 187810 - PISTÃO 150 187812 - PISTÃO 175 187814 - PISTÃO 200 187816 - PISTÃO 300","PISTÃO KIT CG 125 02/08 173328 - PISTÃO STD 173324 - PISTÃO 025 173325 - PISTÃO 050 173326 - PISTÃO 075 173327 - PISTÃO 100 185486 - PISTÃO 125 187810 - PISTÃO 150 187812 - PISTÃO 175 187814 - PISTÃO 200 187816 - PISTÃO 300",IRON,"Motor/Pistão",MOTOCICLO
176305,"PISTÃO KIT BIZ/POP 110I","PISTÃO KIT BIZ/POP 110I","PISTÃO KIT BIZ/POP 110I",IRON,"Motor/Pistão",MOTOCICLO
46655,"PISTÃO KIT CB/XRE 300","PISTÃO KIT CB/XRE 300","PISTÃO KIT CB/XRE 300",IRON,"Motor/Pistão",MOTOCICLO
176310,"185474 - PISTAO STD 185470 - PISTAO 025 185471 - PISTAO 050","185474 - PISTAO STD 185470 - PISTAO 025 185471 - PISTAO 050 185472 - PISTAO 075 185473 - PISTAO 100","185474 - PISTAO STD 185470 - PISTAO 025 185471 - PISTAO 050 185472 - PISTAO 075 185473 - PISTAO 100",IRON,"Geral",MOTOCICLO
27472,"PISTÃO KIT CRF 230","PISTÃO KIT CRF 230","PISTÃO KIT CRF 230",IRON,"Motor/Pistão",MOTOCICLO
27470,"179282 - PISTAO STD 179278 - PISTAO 025 179279 - PISTAO 050","179282 - PISTAO STD 179278 - PISTAO 025 179279 - PISTAO 050 179280 - PISTAO 075 179281 - PISTAO 100","179282 - PISTAO STD 179278 - PISTAO 025 179279 - PISTAO 050 179280 - PISTAO 075 179281 - PISTAO 100",IRON,"Geral",MOTOCICLO
176306,"PISTÃO KIT CG 125 92/01 173353 - PISTÃO STD 173349 - PISTÃO","PISTÃO KIT CG 125 92/01 173353 - PISTÃO STD 173349 - PISTÃO 025 173350 - PISTÃO 050 173351 - PISTÃO 075 173352 - PISTÃO 100 185481 - PISTÃO 125 185482 - PISTÃO 150 185483 - PISTÃO 175 185484 - PISTÃO 200 185485 - PISTÃO 300","PISTÃO KIT CG 125 92/01 173353 - PISTÃO STD 173349 - PISTÃO 025 173350 - PISTÃO 050 173351 - PISTÃO 075 173352 - PISTÃO 100 185481 - PISTÃO 125 185482 - PISTÃO 150 185483 - PISTÃO 175 185484 - PISTÃO 200 185485 - PISTÃO 300",IRON,"Motor/Pistão",MOTOCICLO
176308,"179253 - PISTAO 025 179254 - PISTAO 050 179255 - PISTAO 075","179253 - PISTAO 025 179254 - PISTAO 050 179255 - PISTAO 075 179256 - PISTAO 100 201752 - PISTAO 125 185498 - PISTAO 150 201754 - PISTAO 175 185499 - PISTAO 200 187824 - PISTAO 300 187826 - PISTAO 400 179257 - PISTAO STD","179253 - PISTAO 025 179254 - PISTAO 050 179255 - PISTAO 075 179256 - PISTAO 100 201752 - PISTAO 125 185498 - PISTAO 150 201754 - PISTAO 175 185499 - PISTAO 200 187824 - PISTAO 300 187826 - PISTAO 400 179257 - PISTAO STD",IRON,"Geral",MOTOCICLO
176222,"81","81","81",IRON,"Geral",MOTOCICLO
176219,"PISTÃO KIT BIZ/POP 100 173109 - PISTÃO STD 120500 - PISTÃO 0","PISTÃO KIT BIZ/POP 100 173109 - PISTÃO STD 120500 - PISTÃO 025 120501 - PISTÃO 050 173107 - PISTÃO 075 173108 - PISTÃO 100","PISTÃO KIT BIZ/POP 100 173109 - PISTÃO STD 120500 - PISTÃO 025 120501 - PISTÃO 050 173107 - PISTÃO 075 173108 - PISTÃO 100",IRON,"Motor/Pistão",MOTOCICLO
176218,"PISTÃO KIT CRYPTON 105 183208 - PISTÃO 025 183210 - PISTÃO 0","PISTÃO KIT CRYPTON 105 183208 - PISTÃO 025 183210 - PISTÃO 050 183212 - PISTÃO 075 183214 - PISTÃO 100 183216 - PISTÃO STD","PISTÃO KIT CRYPTON 105 183208 - PISTÃO 025 183210 - PISTÃO 050 183212 - PISTÃO 075 183214 - PISTÃO 100 183216 - PISTÃO STD",IRON,"Motor/Pistão",MOTOCICLO
187845,"PISTÃO / BIELA PISTÃO KIT PHX GOLD/JET 70CC 185595 - PISTÃO","PISTÃO / BIELA PISTÃO KIT PHX GOLD/JET 70CC 185595 - PISTÃO 025 185596 - PISTÃO 050 185594 - PISTÃO 075 185592 - PISTÃO 100 185593 - PISTÃO STD","PISTÃO / BIELA PISTÃO KIT PHX GOLD/JET 70CC 185595 - PISTÃO 025 185596 - PISTÃO 050 185594 - PISTÃO 075 185592 - PISTÃO 100 185593 - PISTÃO STD",IRON,"Motor/Pistão",MOTOCICLO
176220,"PISTÃO KIT BIZ 125 202635 - PISTÃO 025 202633 - PISTÃO 050 2","PISTÃO KIT BIZ 125 202635 - PISTÃO 025 202633 - PISTÃO 050 202636 - PISTÃO 075 202637 - PISTÃO 100 202634 - PISTÃO STD","PISTÃO KIT BIZ 125 202635 - PISTÃO 025 202633 - PISTÃO 050 202636 - PISTÃO 075 202637 - PISTÃO 100 202634 - PISTÃO STD",IRON,"Motor/Pistão",MOTOCICLO
176223,"PISTÃO KIT AN 125 BURGMAN 11/15 185487- PISTÃO 025 185488 -","PISTÃO KIT AN 125 BURGMAN 11/15 185487- PISTÃO 025 185488 - PISTÃO 050 185489 - PISTÃO 075 185490 - PISTÃO 100 185491 - PISTÃO STD","PISTÃO KIT AN 125 BURGMAN 11/15 185487- PISTÃO 025 185488 - PISTÃO 050 185489 - PISTÃO 075 185490 - PISTÃO 100 185491 - PISTÃO STD",IRON,"Motor/Pistão",MOTOCICLO
176217,"PISTÃO KIT CG 150 173339 - PISTÃO 025 173340 - PISTÃO 050 17","PISTÃO KIT CG 150 173339 - PISTÃO 025 173340 - PISTÃO 050 173341 - PISTÃO 075 173342 - PISTÃO 100 185492 - PISTÃO 125 185493 - PISTÃO 150 185494 - PISTÃO 175 185495 - PISTÃO 200 185496 - PISTÃO 300 185497 - PISTÃO 400 173343 - PISTÃO STD","PISTÃO KIT CG 150 173339 - PISTÃO 025 173340 - PISTÃO 050 173341 - PISTÃO 075 173342 - PISTÃO 100 185492 - PISTÃO 125 185493 - PISTÃO 150 185494 - PISTÃO 175 185495 - PISTÃO 200 185496 - PISTÃO 300 185497 - PISTÃO 400 173343 - PISTÃO STD",IRON,"Motor/Pistão",MOTOCICLO
179233,"PISTÃO KIT PHEONIX+ JET + 70CC","PISTÃO KIT PHEONIX+ JET + 70CC","PISTÃO KIT PHEONIX+ JET + 70CC",IRON,"Motor/Pistão",MOTOCICLO
183006,"PISTÃO KIT YES 125","PISTÃO KIT YES 125","PISTÃO KIT YES 125",IRON,"Motor/Pistão",MOTOCICLO
176221,"173334 - PISTÃO 025 173335 - PISTÃO 050 173336 - PISTÃO 075","173334 - PISTÃO 025 173335 - PISTÃO 050 173336 - PISTÃO 075 173337 - PISTÃO 100 173338 - PISTÃO STD","173334 - PISTÃO 025 173335 - PISTÃO 050 173336 - PISTÃO 075 173337 - PISTÃO 100 173338 - PISTÃO STD",IRON,"Motor/Pistão",MOTOCICLO
45412,"PISTÃO KIT CG 125 77/91/MAX 125","PISTÃO KIT CG 125 77/91/MAX 125","PISTÃO KIT CG 125 77/91/MAX 125",IRON,"Motor/Pistão",MOTOCICLO
45411,"179268 - PISTÃO 025 179269 - PISTÃO 050 179270 - PISTÃO 075","179268 - PISTÃO 025 179269 - PISTÃO 050 179270 - PISTÃO 075 179271 - PISTÃO 100 179272 - PISTÃO STD","179268 - PISTÃO 025 179269 - PISTÃO 050 179270 - PISTÃO 075 179271 - PISTÃO 100 179272 - PISTÃO STD",IRON,"Motor/Pistão",MOTOCICLO
45414,"PISTÃO KIT CBX/NX/XR 200","PISTÃO KIT CBX/NX/XR 200","PISTÃO KIT CBX/NX/XR 200",IRON,"Motor/Pistão",MOTOCICLO
45410,"201823 - PISTÃO 025 201825 - PISTÃO 050 201827 - PISTÃO 075","201823 - PISTÃO 025 201825 - PISTÃO 050 201827 - PISTÃO 075 201829 - PISTÃO 100 201820 - PISTÃO STD","201823 - PISTÃO 025 201825 - PISTÃO 050 201827 - PISTÃO 075 201829 - PISTÃO 100 201820 - PISTÃO STD",IRON,"Motor/Pistão",MOTOCICLO
176831,"PISTÃO KIT NEO AT 115 05/08","PISTÃO KIT NEO AT 115 05/08","PISTÃO KIT NEO AT 115 05/08",IRON,"Motor/Pistão",MOTOCICLO
45416,"183193 - PISTÃO 025 183195 - PISTÃO 050 183197 - PISTÃO 075","183193 - PISTÃO 025 183195 - PISTÃO 050 183197 - PISTÃO 075 183199 - PISTÃO 100 185464 - PISTÃO 125 187770 - PISTÃO 150 187772 - PISTÃO 175 187774 - PISTÃO 200 183201 - PISTÃO STD","183193 - PISTÃO 025 183195 - PISTÃO 050 183197 - PISTÃO 075 183199 - PISTÃO 100 185464 - PISTÃO 125 187770 - PISTÃO 150 187772 - PISTÃO 175 187774 - PISTÃO 200 183201 - PISTÃO STD",IRON,"Motor/Pistão",MOTOCICLO
29072,"PISTAO KIT YS 250 FAZER XTZ 250 LANDER","PISTAO KIT YS 250 FAZER XTZ 250 LANDER","PISTAO KIT YS 250 FAZER XTZ 250 LANDER",IRON,"Geral",MOTOCICLO
8837,"185469 - PISTÃO STD 185465 - PISTÃO 025 185466 - PISTÃO 050","185469 - PISTÃO STD 185465 - PISTÃO 025 185466 - PISTÃO 050 185467 - PISTÃO 075 185468 - PISTÃO 100","185469 - PISTÃO STD 185465 - PISTÃO 025 185466 - PISTÃO 050 185467 - PISTÃO 075 185468 - PISTÃO 100",IRON,"Motor/Pistão",MOTOCICLO
45415,"187835 - PISTAO 025 187836 - PISTAO 050 187837 - PISTAO 075","187835 - PISTAO 025 187836 - PISTAO 050 187837 - PISTAO 075 187838 - PISTAO 100 187839 - PISTAO STD","187835 - PISTAO 025 187836 - PISTAO 050 187837 - PISTAO 075 187838 - PISTAO 100 187839 - PISTAO STD",IRON,"Geral",MOTOCICLO
185388,"PISTÃO KIT YBR/XTZ 125","PISTÃO KIT YBR/XTZ 125","PISTÃO KIT YBR/XTZ 125",IRON,"Motor/Pistão",MOTOCICLO
45413,"PISTÃO KIT CG/NXR 160","PISTÃO KIT CG/NXR 160","PISTÃO KIT CG/NXR 160",IRON,"Motor/Pistão",MOTOCICLO
201574,"PISTÃO KIT YS 250 FAZER XTZ 250 LANDER 179267 - PISTÃO STD 1","PISTÃO KIT YS 250 FAZER XTZ 250 LANDER 179267 - PISTÃO STD 179263 - PISTÃO 025 179264 - PISTÃO 050 179265 - PISTÃO 075 179266 - PISTÃO 100","PISTÃO KIT YS 250 FAZER XTZ 250 LANDER 179267 - PISTÃO STD 179263 - PISTÃO 025 179264 - PISTÃO 050 179265 - PISTÃO 075 179266 - PISTÃO 100",IRON,"Motor/Pistão",MOTOCICLO
17137,"PISTÃO KIT CG 125 09 18042 - PISTÃO 025 120495 - PISTÃO 050","PISTÃO KIT CG 125 09 18042 - PISTÃO 025 120495 - PISTÃO 050 173320 - PISTÃO 075 173321 - PISTÃO 100 185480 - PISTÃO 125 187783 - PISTÃO 150 187785 - PISTÃO 175 187787 - PISTÃO 200 173323 - PISTÃO STD","PISTÃO KIT CG 125 09 18042 - PISTÃO 025 120495 - PISTÃO 050 173320 - PISTÃO 075 173321 - PISTÃO 100 185480 - PISTÃO 125 187783 - PISTÃO 150 187785 - PISTÃO 175 187787 - PISTÃO 200 173323 - PISTÃO STD",IRON,"Motor/Pistão",MOTOCICLO
17136,"PISTÃO KIT BIZ 125","PISTÃO KIT BIZ 125","PISTÃO KIT BIZ 125",IRON,"Motor/Pistão",MOTOCICLO
179303,"173114 - PISTÃO STD 14846 - PISTÃO 025 173110 - PISTÃO 050 1","173114 - PISTÃO STD 14846 - PISTÃO 025 173110 - PISTÃO 050 173112 - PISTÃO 075 173113 - PISTÃO 100","173114 - PISTÃO STD 14846 - PISTÃO 025 173110 - PISTÃO 050 173112 - PISTÃO 075 173113 - PISTÃO 100",IRON,"Motor/Pistão",MOTOCICLO
187993,"PISTÃO KIT YS 250 FAZER XTZ 250 LANDER","PISTÃO KIT YS 250 FAZER XTZ 250 LANDER","PISTÃO KIT YS 250 FAZER XTZ 250 LANDER",IRON,"Motor/Pistão",MOTOCICLO
179305,"173333 - PISTÃO STD 173329 - PISTÃO 025 173330 - PISTÃO 050","173333 - PISTÃO STD 173329 - PISTÃO 025 173330 - PISTÃO 050 173331 - PISTÃO 075 173332 - PISTÃO 100 187828 - PISTÃO 125 187830 - PISTÃO 150 187832 - PISTÃO 175 187834 - PISTÃO 200","173333 - PISTÃO STD 173329 - PISTÃO 025 173330 - PISTÃO 050 173331 - PISTÃO 075 173332 - PISTÃO 100 187828 - PISTÃO 125 187830 - PISTÃO 150 187832 - PISTÃO 175 187834 - PISTÃO 200",IRON,"Motor/Pistão",MOTOCICLO
179302,"173348 - PISTÃO STD 173344 - PISTÃO 025 173345 - PISTÃO 050","173348 - PISTÃO STD 173344 - PISTÃO 025 173345 - PISTÃO 050 173346 - PISTÃO 075 173347 - PISTÃO 100 185475 - PISTÃO 125 185476 - PISTÃO 150 185477 - PISTÃO 175 185478 - PISTÃO 200 185479 - PISTÃO 300","173348 - PISTÃO STD 173344 - PISTÃO 025 173345 - PISTÃO 050 173346 - PISTÃO 075 173347 - PISTÃO 100 185475 - PISTÃO 125 185476 - PISTÃO 150 185477 - PISTÃO 175 185478 - PISTÃO 200 185479 - PISTÃO 300",IRON,"Motor/Pistão",MOTOCICLO
2012,"179273 - PISTÃO 025 179274 - PISTÃO 050 179275 - PISTÃO 075","179273 - PISTÃO 025 179274 - PISTÃO 050 179275 - PISTÃO 075 179276 - PISTÃO 100 179277 - PISTÃO STD","179273 - PISTÃO 025 179274 - PISTÃO 050 179275 - PISTÃO 075 179276 - PISTÃO 100 179277 - PISTÃO STD",IRON,"Motor/Pistão",MOTOCICLO
201571,"BIELA BIZ POP 110I","BIELA BIZ POP 110I","BIELA BIZ POP 110I",IRON,"Motor",MOTOCICLO
179304,"BIELA CG NXR 160 XRE 190","BIELA CG NXR 160 XRE 190","BIELA CG NXR 160 XRE 190",IRON,"Motor",MOTOCICLO
187998,"BIELA CG NXR 125 02/08","BIELA CG NXR 125 02/08","BIELA CG NXR 125 02/08",IRON,"Motor",MOTOCICLO
201621,"BIELA YBR XTZ 125","BIELA YBR XTZ 125","BIELA YBR XTZ 125",IRON,"Motor",MOTOCICLO
201615,"BIELA BIZ 125","BIELA BIZ 125","BIELA BIZ 125",IRON,"Motor",MOTOCICLO
201611,"BIELA BIZ 100 13/15","BIELA BIZ 100 13/15","BIELA BIZ 100 13/15",IRON,"Motor",MOTOCICLO
187406,"BIELA AN 125 BURGMAN 11/15","BIELA AN 125 BURGMAN 11/15","BIELA AN 125 BURGMAN 11/15",IRON,"Motor",MOTOCICLO
201616,"BIELA AN 125 BURGMAN 06/10","BIELA AN 125 BURGMAN 06/10","BIELA AN 125 BURGMAN 06/10",IRON,"Motor",MOTOCICLO
201601,"BIELA BIZ DREAM POP/WEB 100","BIELA BIZ DREAM POP/WEB 100","BIELA BIZ DREAM POP/WEB 100",IRON,"Motor",MOTOCICLO
201612,"BIELA CB XRE 300","BIELA CB XRE 300","BIELA CB XRE 300",IRON,"Motor",MOTOCICLO
201614,"BIELA CBX XR 250","BIELA CBX XR 250","BIELA CBX XR 250",IRON,"Motor",MOTOCICLO
201603,"BIELA CG 125 83/91 SPEED KANSAS 150","BIELA CG 125 83/91 SPEED KANSAS 150","BIELA CG 125 83/91 SPEED KANSAS 150",IRON,"Motor",MOTOCICLO
201602,"BIELA CB 250F","BIELA CB 250F","BIELA CB 250F",IRON,"Motor",MOTOCICLO
201622,"BIELA DAFRA RIVA 150","BIELA DAFRA RIVA 150","BIELA DAFRA RIVA 150",IRON,"Motor",MOTOCICLO
45591,"BIELA KATANA INTRUDER 125 05","BIELA KATANA INTRUDER 125 05","BIELA KATANA INTRUDER 125 05",IRON,"Motor",MOTOCICLO
121912,"BIELA MAX 125","BIELA MAX 125","BIELA MAX 125",IRON,"Motor",MOTOCICLO
188986,"82","82","82",IRON,"Geral",MOTOCICLO
188998,"BIELA / VIRABREQUIM","BIELA / VIRABREQUIM","BIELA / VIRABREQUIM",IRON,"Motor",MOTOCICLO
188992,"BIELA N-MAX 160 ABS 16...","BIELA N-MAX 160 ABS 16...","BIELA N-MAX 160 ABS 16...",IRON,"Motor",MOTOCICLO
189003,"BIELA NEO 125I","BIELA NEO 125I","BIELA NEO 125I",IRON,"Motor",MOTOCICLO
188994,"BIELA NEO AT 115 09/12","BIELA NEO AT 115 09/12","BIELA NEO AT 115 09/12",IRON,"Motor",MOTOCICLO
188996,"BIELA PCX 150 14/18","BIELA PCX 150 14/18","BIELA PCX 150 14/18",IRON,"Motor",MOTOCICLO
188990,"BIELA SHINERAY PHOENIX MAIS JET 70","BIELA SHINERAY PHOENIX MAIS JET 70","BIELA SHINERAY PHOENIX MAIS JET 70",IRON,"Motor",MOTOCICLO
189005,"BIELA XT TDM 225/TT/R 230","BIELA XT TDM 225/TT/R 230","BIELA XT TDM 225/TT/R 230",IRON,"Motor",MOTOCICLO
201634,"BIELA YS 250 FAZER XTZ 250 LANDER TENERE 250","BIELA YS 250 FAZER XTZ 250 LANDER TENERE 250","BIELA YS 250 FAZER XTZ 250 LANDER TENERE 250",IRON,"Motor",MOTOCICLO
189022,"BIELA TRAXX JL-50","BIELA TRAXX JL-50","BIELA TRAXX JL-50",IRON,"Motor",MOTOCICLO
189013,"BIELA NX 400/400I","BIELA NX 400/400I","BIELA NX 400/400I",IRON,"Motor",MOTOCICLO
189015,"BIELA LEAD 110","BIELA LEAD 110","BIELA LEAD 110",IRON,"Motor",MOTOCICLO
189017,"BIELA NEO AT 115","BIELA NEO AT 115","BIELA NEO AT 115",IRON,"Motor",MOTOCICLO
189011,"BIELA SHINERAY XY 50-Q PHOENIX 50","BIELA SHINERAY XY 50-Q PHOENIX 50","BIELA SHINERAY XY 50-Q PHOENIX 50",IRON,"Motor",MOTOCICLO
189020,"BIELA CG 150 NXR 150 06/14","BIELA CG 150 NXR 150 06/14","BIELA CG 150 NXR 150 06/14",IRON,"Motor",MOTOCICLO
201627,"BIELA CG/NXR 125 09...","BIELA CG/NXR 125 09...","BIELA CG/NXR 125 09...",IRON,"Motor",MOTOCICLO
189026,"BIELA CRF 230","BIELA CRF 230","BIELA CRF 230",IRON,"Motor",MOTOCICLO
189024,"BIELA YES INTRUDER 125","BIELA YES INTRUDER 125","BIELA YES INTRUDER 125",IRON,"Motor",MOTOCICLO
189030,"BIELA YS 150 FAZER XTZ 150 CROSSER","BIELA YS 150 FAZER XTZ 150 CROSSER","BIELA YS 150 FAZER XTZ 150 CROSSER",IRON,"Motor",MOTOCICLO
201613,"BIELA CRYPTON 105","BIELA CRYPTON 105","BIELA CRYPTON 105",IRON,"Motor",MOTOCICLO
201620,"BIELA CRYPTON 115","BIELA CRYPTON 115","BIELA CRYPTON 115",IRON,"Motor",MOTOCICLO
190386,"VIRABREQUIM BIZ 125 2006 2017 COMP.","VIRABREQUIM BIZ 125 2006 2017 COMP.","VIRABREQUIM BIZ 125 2006 2017 COMP.",IRON,"Motor",MOTOCICLO
189044,"VIRABREQUIM CG 125 2002 2008 COMP.","VIRABREQUIM CG 125 2002 2008 COMP.","VIRABREQUIM CG 125 2002 2008 COMP.",IRON,"Motor",MOTOCICLO
189046,"VIRABREQUIM CG/NXR/XRE 160/190","VIRABREQUIM CG/NXR/XRE 160/190","VIRABREQUIM CG/NXR/XRE 160/190",IRON,"Motor",MOTOCICLO
189034,"VIRABREQUIM PHOENIX GOLD 50 COMP.","VIRABREQUIM PHOENIX GOLD 50 COMP.","VIRABREQUIM PHOENIX GOLD 50 COMP.",IRON,"Motor",MOTOCICLO
189036,"VIRABREQUIM CG 125 1992 1999 COMP.","VIRABREQUIM CG 125 1992 1999 COMP.","VIRABREQUIM CG 125 1992 1999 COMP.",IRON,"Motor",MOTOCICLO
189038,"VIRABREQUIM CG 150 2004 2012 COMP.","VIRABREQUIM CG 150 2004 2012 COMP.","VIRABREQUIM CG 150 2004 2012 COMP.",IRON,"Motor",MOTOCICLO
189032,"VIRABREQUIM PHOENIX 50 MAIS COMP.","VIRABREQUIM PHOENIX 50 MAIS COMP.","VIRABREQUIM PHOENIX 50 MAIS COMP.",IRON,"Motor",MOTOCICLO
189042,"VIRABREQUIM YS 150 FAZER XTZ 150 CROSSER COMP","VIRABREQUIM YS 150 FAZER XTZ 150 CROSSER COMP","VIRABREQUIM YS 150 FAZER XTZ 150 CROSSER COMP",IRON,"Motor",MOTOCICLO
189040,"VIRABREQUIM POP 110I COMP.","VIRABREQUIM POP 110I COMP.","VIRABREQUIM POP 110I COMP.",IRON,"Motor",MOTOCICLO
189057,"VIRABREQUIM CG 125 83/91 COMPLETO","VIRABREQUIM CG 125 83/91 COMPLETO","VIRABREQUIM CG 125 83/91 COMPLETO",IRON,"Motor",MOTOCICLO
189050,"VIRABREQUIM YES 125 COMP","VIRABREQUIM YES 125 COMP","VIRABREQUIM YES 125 COMP",IRON,"Motor",MOTOCICLO
189048,"BIELA CG 92/01 CBX/NX XR 150/200","BIELA CG 92/01 CBX/NX XR 150/200","BIELA CG 92/01 CBX/NX XR 150/200",IRON,"Motor",MOTOCICLO
189053,"83","83","83",IRON,"Geral",MOTOCICLO
189055,"VIRABREQUIM CRF 230 COMPLETO","VIRABREQUIM CRF 230 COMPLETO","VIRABREQUIM CRF 230 COMPLETO",IRON,"Motor",MOTOCICLO
189001,"VIRABREQUIM / PRISIONEIRA / PINO","VIRABREQUIM / PRISIONEIRA / PINO","VIRABREQUIM / PRISIONEIRA / PINO",IRON,"Motor",MOTOCICLO
188291,"VIRABREQUIM YBR XTZ 125 2000 2010 COMPLETO","VIRABREQUIM YBR XTZ 125 2000 2010 COMPLETO","VIRABREQUIM YBR XTZ 125 2000 2010 COMPLETO",IRON,"Motor",MOTOCICLO
123222,"VIRABREQUIM POP 100 2007 2015 COMP.","VIRABREQUIM POP 100 2007 2015 COMP.","VIRABREQUIM POP 100 2007 2015 COMP.",IRON,"Motor",MOTOCICLO
189028,"VIRABREQUIM BIZ DREAM 100 98/05 COMP.","VIRABREQUIM BIZ DREAM 100 98/05 COMP.","VIRABREQUIM BIZ DREAM 100 98/05 COMP.",IRON,"Motor",MOTOCICLO
196830,"VIRABREQUIM TRAXX JL-50 SOFT 50 COMPLETO","VIRABREQUIM TRAXX JL-50 SOFT 50 COMPLETO","VIRABREQUIM TRAXX JL-50 SOFT 50 COMPLETO",IRON,"Motor",MOTOCICLO
122500,"VIRABREQUIM CG 125 2000 2001 COMP.","VIRABREQUIM CG 125 2000 2001 COMP.","VIRABREQUIM CG 125 2000 2001 COMP.",IRON,"Motor",MOTOCICLO
13512,"VIRABREQUIM YES 125 COMPLETO","VIRABREQUIM YES 125 COMPLETO","VIRABREQUIM YES 125 COMPLETO",IRON,"Motor",MOTOCICLO
122499,"VIRABREQUIM CBX/NX/XR 200 COMPLETO","VIRABREQUIM CBX/NX/XR 200 COMPLETO","VIRABREQUIM CBX/NX/XR 200 COMPLETO",IRON,"Motor",MOTOCICLO
122501,"VIRABREQUIM NXR 150 03/05","VIRABREQUIM NXR 150 03/05","VIRABREQUIM NXR 150 03/05",IRON,"Motor",MOTOCICLO
120224,"VIRABREQUIM DAFRA SPEED KANSAS 150","VIRABREQUIM DAFRA SPEED KANSAS 150","VIRABREQUIM DAFRA SPEED KANSAS 150",IRON,"Motor",MOTOCICLO
14276,"VIRABREQUIM JET 50/50 X/125 COMPLETO","VIRABREQUIM JET 50/50 X/125 COMPLETO","VIRABREQUIM JET 50/50 X/125 COMPLETO",IRON,"Motor",MOTOCICLO
3797,"PRISIONEIRA CIL. CG 125 8/10/130 LONGO","PRISIONEIRA CIL. CG 125 8/10/130 LONGO","PRISIONEIRA CIL. CG 125 8/10/130 LONGO",IRON,"Parafusos e Porcas",MOTOCICLO
122496,"PRISIONEIRA CIL. CG 150 8/8/140","PRISIONEIRA CIL. CG 150 8/8/140","PRISIONEIRA CIL. CG 150 8/8/140",IRON,"Parafusos e Porcas",MOTOCICLO
123224,"PRISIONEIRA CIL. PHOENIX GOLD 50","PRISIONEIRA CIL. PHOENIX GOLD 50","PRISIONEIRA CIL. PHOENIX GOLD 50",IRON,"Parafusos e Porcas",MOTOCICLO
122483,"PRISIONEIRA CIL. JET 50 GRANDE","PRISIONEIRA CIL. JET 50 GRANDE","PRISIONEIRA CIL. JET 50 GRANDE",IRON,"Parafusos e Porcas",MOTOCICLO
119813,"PRISIONEIRA CIL. CRF 230","PRISIONEIRA CIL. CRF 230","PRISIONEIRA CIL. CRF 230",IRON,"Parafusos e Porcas",MOTOCICLO
122486,"PRISIONEIRA CIL. JET 50/50 X/125 X 7/204","PRISIONEIRA CIL. JET 50/50 X/125 X 7/204","PRISIONEIRA CIL. JET 50/50 X/125 X 7/204",IRON,"Parafusos e Porcas",MOTOCICLO
119810,"PRISIONEIRA CIL CG 125 8/10/122 CURTO","PRISIONEIRA CIL CG 125 8/10/122 CURTO","PRISIONEIRA CIL CG 125 8/10/122 CURTO",IRON,"Parafusos e Porcas",MOTOCICLO
119654,"PINO GUIA CILINDRO JET 50/50X/125X PHOENIX XY 50-Q 8/14","PINO GUIA CILINDRO JET 50/50X/125X PHOENIX XY 50-Q 8/14","PINO GUIA CILINDRO JET 50/50X/125X PHOENIX XY 50-Q 8/14",IRON,"Suspensão",MOTOCICLO
198028,"PINO GUIA CILINDRO CG 125 10/14","PINO GUIA CILINDRO CG 125 10/14","PINO GUIA CILINDRO CG 125 10/14",IRON,"Suspensão",MOTOCICLO
198007,"PINO GUIA CILINDRO CG 125 10/20","PINO GUIA CILINDRO CG 125 10/20","PINO GUIA CILINDRO CG 125 10/20",IRON,"Suspensão",MOTOCICLO
198026,"PINO GUIA CILINDRO JET 50/50X/125X PHOENIX XY 50-Q 8/12","PINO GUIA CILINDRO JET 50/50X/125X PHOENIX XY 50-Q 8/12","PINO GUIA CILINDRO JET 50/50X/125X PHOENIX XY 50-Q 8/12",IRON,"Suspensão",MOTOCICLO
198013,"PINO GUIA T EMBREAGEM POP/BIZ CG 100/110I/125 150/160 8/14","PINO GUIA T EMBREAGEM POP/BIZ CG 100/110I/125 150/160 8/14","PINO GUIA T EMBREAGEM POP/BIZ CG 100/110I/125 150/160 8/14",IRON,"Embreagem",MOTOCICLO
198005,"84","84","84",IRON,"Geral",MOTOCICLO
197996,"BOIA / BOMBA","BOIA / BOMBA","BOIA / BOMBA",IRON,"Combustível",MOTOCICLO
198001,"BOIA CARBURADOR CG 125 82/08","BOIA CARBURADOR CG 125 82/08","BOIA CARBURADOR CG 125 82/08",IRON,"Combustível",MOTOCICLO
121922,"BOIA CARBURADOR BIZ / DREAM 100","BOIA CARBURADOR BIZ / DREAM 100","BOIA CARBURADOR BIZ / DREAM 100",IRON,"Combustível",MOTOCICLO
121348,"BOIA TANQUE CG 125 00/04","BOIA TANQUE CG 125 00/04","BOIA TANQUE CG 125 00/04",IRON,"Combustível",MOTOCICLO
198022,"BOIA TANQUE JET 50","BOIA TANQUE JET 50","BOIA TANQUE JET 50",IRON,"Combustível",MOTOCICLO
198009,"BOIA TANQUE CB 300R 09/13","BOIA TANQUE CB 300R 09/13","BOIA TANQUE CB 300R 09/13",IRON,"Combustível",MOTOCICLO
198024,"BOIA TANQUE BIZ 125 09/11","BOIA TANQUE BIZ 125 09/11","BOIA TANQUE BIZ 125 09/11",IRON,"Combustível",MOTOCICLO
198017,"BOMBA COMB. SH 150I","BOMBA COMB. SH 150I","BOMBA COMB. SH 150I",IRON,"Combustível/Bomba",MOTOCICLO
198015,"BOIA TANQUE CG 150 04-08","BOIA TANQUE CG 150 04-08","BOIA TANQUE CG 150 04-08",IRON,"Combustível",MOTOCICLO
198019,"BOIA TANQUE CG/FAN 150 09/10","BOIA TANQUE CG/FAN 150 09/10","BOIA TANQUE CG/FAN 150 09/10",IRON,"Combustível",MOTOCICLO
198011,"BOIA TANQUE PHOENIX GOLD 50 JONNY HYPE 50","BOIA TANQUE PHOENIX GOLD 50 JONNY HYPE 50","BOIA TANQUE PHOENIX GOLD 50 JONNY HYPE 50",IRON,"Combustível",MOTOCICLO
198003,"BOIA TANQUE XTZ 250 LANDER TENERE 250","BOIA TANQUE XTZ 250 LANDER TENERE 250","BOIA TANQUE XTZ 250 LANDER TENERE 250",IRON,"Combustível",MOTOCICLO
197999,"BOIA TANQUE CBX 250 06/08","BOIA TANQUE CBX 250 06/08","BOIA TANQUE CBX 250 06/08",IRON,"Combustível",MOTOCICLO
122438,"BOIA TANQUE YBR 125 09 FACTOR","BOIA TANQUE YBR 125 09 FACTOR","BOIA TANQUE YBR 125 09 FACTOR",IRON,"Combustível",MOTOCICLO
122495,"BOIA TANQUE XTZ 250 LANDER TENERE 250","BOIA TANQUE XTZ 250 LANDER TENERE 250","BOIA TANQUE XTZ 250 LANDER TENERE 250",IRON,"Combustível",MOTOCICLO
119809,"BOIA TANQUE BIZ 125 06/08","BOIA TANQUE BIZ 125 06/08","BOIA TANQUE BIZ 125 06/08",IRON,"Combustível",MOTOCICLO
122390,"BOIA TANQUE XRE 300 09/12 LEAD 110","BOIA TANQUE XRE 300 09/12 LEAD 110","BOIA TANQUE XRE 300 09/12 LEAD 110",IRON,"Combustível",MOTOCICLO
119652,"BOIA TANQUE YS 250 FAZER 06/17","BOIA TANQUE YS 250 FAZER 06/17","BOIA TANQUE YS 250 FAZER 06/17",IRON,"Combustível",MOTOCICLO
185368,"BOIA TANQUE YS 250 FAZER 06/17","BOIA TANQUE YS 250 FAZER 06/17","BOIA TANQUE YS 250 FAZER 06/17",IRON,"Combustível",MOTOCICLO
185370,"BOIA TANQUE CG 150 09/10 MIX FAN 150 10-11","BOIA TANQUE CG 150 09/10 MIX FAN 150 10-11","BOIA TANQUE CG 150 09/10 MIX FAN 150 10-11",IRON,"Combustível",MOTOCICLO
45569,"BOMBA COMB. XRE 190","BOMBA COMB. XRE 190","BOMBA COMB. XRE 190",IRON,"Combustível/Bomba",MOTOCICLO
185362,"BOMBA COMB NEO 125","BOMBA COMB NEO 125","BOMBA COMB NEO 125",IRON,"Combustível/Bomba",MOTOCICLO
196818,"BOMBA COMB CG/FAN 160","BOMBA COMB CG/FAN 160","BOMBA COMB CG/FAN 160",IRON,"Combustível/Bomba",MOTOCICLO
200145,"BOMBA COMB. YS 250 FAZER 14/16","BOMBA COMB. YS 250 FAZER 14/16","BOMBA COMB. YS 250 FAZER 14/16",IRON,"Combustível/Bomba",MOTOCICLO
196775,"BOMBA COMB. CG 150 FAN 09/10 GASOLINA","BOMBA COMB. CG 150 FAN 09/10 GASOLINA","BOMBA COMB. CG 150 FAN 09/10 GASOLINA",IRON,"Combustível/Bomba",MOTOCICLO
185365,"BOMBA COMB. PCX 150 12/16","BOMBA COMB. PCX 150 12/16","BOMBA COMB. PCX 150 12/16",IRON,"Combustível/Bomba",MOTOCICLO
185366,"BOMBA COMB. CG 150 10 MIX FAN 150 10/11","BOMBA COMB. CG 150 10 MIX FAN 150 10/11","BOMBA COMB. CG 150 10 MIX FAN 150 10/11",IRON,"Combustível/Bomba",MOTOCICLO
196816,"BOMBA COMB. BIZ 125 11/17 MIX","BOMBA COMB. BIZ 125 11/17 MIX","BOMBA COMB. BIZ 125 11/17 MIX",IRON,"Combustível/Bomba",MOTOCICLO
187107,"BOMBA COMB. CB 300R 10/12","BOMBA COMB. CB 300R 10/12","BOMBA COMB. CB 300R 10/12",IRON,"Combustível/Bomba",MOTOCICLO
121903,"BOMBA COMB. CG 125I START 160","BOMBA COMB. CG 125I START 160","BOMBA COMB. CG 125I START 160",IRON,"Combustível/Bomba",MOTOCICLO
188038,"BOMBA COMB. CG 150 14/15 MIX","BOMBA COMB. CG 150 14/15 MIX","BOMBA COMB. CG 150 14/15 MIX",IRON,"Combustível/Bomba",MOTOCICLO
188033,"BOMBA COMB. XRE 300 13/20","BOMBA COMB. XRE 300 13/20","BOMBA COMB. XRE 300 13/20",IRON,"Combustível/Bomba",MOTOCICLO
188044,"85","85","85",IRON,"Geral",MOTOCICLO
188036,"BOMBA COMB. YS 250 FAZER 18/23","BOMBA COMB. YS 250 FAZER 18/23","BOMBA COMB. YS 250 FAZER 18/23",IRON,"Combustível/Bomba",MOTOCICLO
188042,"BOMBA / ROTOR","BOMBA / ROTOR","BOMBA / ROTOR",IRON,"Combustível/Bomba",MOTOCICLO
188040,"BOMBA COMB. CB 300R 13/15 FLEX","BOMBA COMB. CB 300R 13/15 FLEX","BOMBA COMB. CB 300R 13/15 FLEX",IRON,"Combustível/Bomba",MOTOCICLO
196452,"BOMBA COMB. NXR 160 18/22","BOMBA COMB. NXR 160 18/22","BOMBA COMB. NXR 160 18/22",IRON,"Combustível/Bomba",MOTOCICLO
41649,"BOMBA COMB. CB 250F 16/22","BOMBA COMB. CB 250F 16/22","BOMBA COMB. CB 250F 16/22",IRON,"Combustível/Bomba",MOTOCICLO
41634,"BOMBA COMB. NXR 150 09","BOMBA COMB. NXR 150 09","BOMBA COMB. NXR 150 09",IRON,"Combustível/Bomba",MOTOCICLO
196449,"BOMBA COMB. BIZ 125 09/10","BOMBA COMB. BIZ 125 09/10","BOMBA COMB. BIZ 125 09/10",IRON,"Combustível/Bomba",MOTOCICLO
176229,"BOMBA COMB. XRE 190","BOMBA COMB. XRE 190","BOMBA COMB. XRE 190",IRON,"Combustível/Bomba",MOTOCICLO
185508,"BOMBA COMB N-MAX 150","BOMBA COMB N-MAX 150","BOMBA COMB N-MAX 150",IRON,"Combustível/Bomba",MOTOCICLO
176230,"BOMBA COMB. CG 150 09","BOMBA COMB. CG 150 09","BOMBA COMB. CG 150 09",IRON,"Combustível/Bomba",MOTOCICLO
41646,"BOMBA COMB. YS 250 FAZER 06/12","BOMBA COMB. YS 250 FAZER 06/12","BOMBA COMB. YS 250 FAZER 06/12",IRON,"Combustível/Bomba",MOTOCICLO
41628,"BOMBA COMB. YS 150 FAZER YBR 125I","BOMBA COMB. YS 150 FAZER YBR 125I","BOMBA COMB. YS 150 FAZER YBR 125I",IRON,"Combustível/Bomba",MOTOCICLO
41632,"BOMBA COMB. BIZ 110I","BOMBA COMB. BIZ 110I","BOMBA COMB. BIZ 110I",IRON,"Combustível/Bomba",MOTOCICLO
41640,"BOMBA COMB. LEAD 110","BOMBA COMB. LEAD 110","BOMBA COMB. LEAD 110",IRON,"Combustível/Bomba",MOTOCICLO
41648,"BOMBA COMB. DAFRA CITYCOM 300I","BOMBA COMB. DAFRA CITYCOM 300I","BOMBA COMB. DAFRA CITYCOM 300I",IRON,"Combustível/Bomba",MOTOCICLO
185505,"BOMBA COMB LEAD 110","BOMBA COMB LEAD 110","BOMBA COMB LEAD 110",IRON,"Combustível/Bomba",MOTOCICLO
179234,"BOMBA COMB. R3 YAMAHA","BOMBA COMB. R3 YAMAHA","BOMBA COMB. R3 YAMAHA",IRON,"Combustível/Bomba",MOTOCICLO
185502,"BOMBA COMBUSTÍVEL XRE 300 09/10","BOMBA COMBUSTÍVEL XRE 300 09/10","BOMBA COMBUSTÍVEL XRE 300 09/10",IRON,"Combustível/Bomba",MOTOCICLO
176225,"BOMBA COMB. NXR 150 10/15 MIX/XRE 300 10/13","BOMBA COMB. NXR 150 10/15 MIX/XRE 300 10/13","BOMBA COMB. NXR 150 10/15 MIX/XRE 300 10/13",IRON,"Combustível/Bomba",MOTOCICLO
176231,"BOMBA COMB. NXR 160 ESD/ESDD","BOMBA COMB. NXR 160 ESD/ESDD","BOMBA COMB. NXR 160 ESD/ESDD",IRON,"Combustível/Bomba",MOTOCICLO
187616,"BOMBA COMB. XTZ 150 CROOSER","BOMBA COMB. XTZ 150 CROOSER","BOMBA COMB. XTZ 150 CROOSER",IRON,"Combustível/Bomba",MOTOCICLO
183098,"BOMBA COMB. POP 110I","BOMBA COMB. POP 110I","BOMBA COMB. POP 110I",IRON,"Combustível/Bomba",MOTOCICLO
5384,"BOMBA ÓLEO YBR XTZ 125 06/08","BOMBA ÓLEO YBR XTZ 125 06/08","BOMBA ÓLEO YBR XTZ 125 06/08",IRON,"Combustível/Bomba",MOTOCICLO
185591,"BOMBA OLEO CG/NXR 150 06/08","BOMBA OLEO CG/NXR 150 06/08","BOMBA OLEO CG/NXR 150 06/08",IRON,"Combustível/Bomba",MOTOCICLO
187613,"BOMBA ÓLEO CG 125 00/08 31D","BOMBA ÓLEO CG 125 00/08 31D","BOMBA ÓLEO CG 125 00/08 31D",IRON,"Combustível/Bomba",MOTOCICLO
9418,"BOMBA OLEO PHOENIX/GOLD 50XY 50-Q","BOMBA OLEO PHOENIX/GOLD 50XY 50-Q","BOMBA OLEO PHOENIX/GOLD 50XY 50-Q",IRON,"Combustível/Bomba",MOTOCICLO
176226,"BOMBA OLEO BIZ DREAM POP/100/110I","BOMBA OLEO BIZ DREAM POP/100/110I","BOMBA OLEO BIZ DREAM POP/100/110I",IRON,"Combustível/Bomba",MOTOCICLO
187618,"BOMBA ÓLEO CG/NXR 160","BOMBA ÓLEO CG/NXR 160","BOMBA ÓLEO CG/NXR 160",IRON,"Combustível/Bomba",MOTOCICLO
41658,"BOMBA ÓLEO YBR/XTZ 125 00/05","BOMBA ÓLEO YBR/XTZ 125 00/05","BOMBA ÓLEO YBR/XTZ 125 00/05",IRON,"Combustível/Bomba",MOTOCICLO
176224,"BOMBA ÓLEO CG 125 92/99 31D","BOMBA ÓLEO CG 125 92/99 31D","BOMBA ÓLEO CG 125 92/99 31D",IRON,"Combustível/Bomba",MOTOCICLO
183100,"ROTOR BOMBA OLEO CG 125 83/08","ROTOR BOMBA OLEO CG 125 83/08","ROTOR BOMBA OLEO CG 125 83/08",IRON,"Combustível/Bomba",MOTOCICLO
41633,"ROTOR BOMBA ÓLEO CG 150 COMP","ROTOR BOMBA ÓLEO CG 150 COMP","ROTOR BOMBA ÓLEO CG 150 COMP",IRON,"Combustível/Bomba",MOTOCICLO
185504,"ROTOR BOMBA ÓLEO CG NXR 160 COMPLETO","ROTOR BOMBA ÓLEO CG NXR 160 COMPLETO","ROTOR BOMBA ÓLEO CG NXR 160 COMPLETO",IRON,"Combustível/Bomba",MOTOCICLO
41629,"86","86","86",IRON,"Geral",MOTOCICLO
41638,"BOMBA COMB. XTZ 250 LANDER","BOMBA COMB. XTZ 250 LANDER","BOMBA COMB. XTZ 250 LANDER",IRON,"Combustível/Bomba",MOTOCICLO
187607,"REFIL BOMBA","REFIL BOMBA","REFIL BOMBA",IRON,"Combustível/Bomba",MOTOCICLO
41630,"REFIL BOMBA COMBUSTÍVEL CG/NXR 150/160 14","REFIL BOMBA COMBUSTÍVEL CG/NXR 150/160 14","REFIL BOMBA COMBUSTÍVEL CG/NXR 150/160 14",IRON,"Combustível/Bomba",MOTOCICLO
41636,"REFIL BOMBA COMBUSTÍVEL NXR 160 ESD/ESDD 16/18","REFIL BOMBA COMBUSTÍVEL NXR 160 ESD/ESDD 16/18","REFIL BOMBA COMBUSTÍVEL NXR 160 ESD/ESDD 16/18",IRON,"Combustível/Bomba",MOTOCICLO
41660,"REFIL BOMBA COMBUSTÍVEL YS 150 FAZER XTZ 150 CROSSER YBR 125","REFIL BOMBA COMBUSTÍVEL YS 150 FAZER XTZ 150 CROSSER YBR 125I/150","REFIL BOMBA COMBUSTÍVEL YS 150 FAZER XTZ 150 CROSSER YBR 125I/150",IRON,"Combustível/Bomba",MOTOCICLO
176227,"REFIL BOMBA COMB NEO 125","REFIL BOMBA COMB NEO 125","REFIL BOMBA COMB NEO 125",IRON,"Combustível/Bomba",MOTOCICLO
176228,"REFIL BOMBA COMBUSTÍVEL BIZ 125 09/10","REFIL BOMBA COMBUSTÍVEL BIZ 125 09/10","REFIL BOMBA COMBUSTÍVEL BIZ 125 09/10",IRON,"Combustível/Bomba",MOTOCICLO
41635,"REFIL BOMBA COMBUSTÍVEL BIZ 125 11/17 MIX","REFIL BOMBA COMBUSTÍVEL BIZ 125 11/17 MIX","REFIL BOMBA COMBUSTÍVEL BIZ 125 11/17 MIX",IRON,"Combustível/Bomba",MOTOCICLO
41639,"REFIL BOMBA COMBUSTÍVEL CB 300R 09/12","REFIL BOMBA COMBUSTÍVEL CB 300R 09/12","REFIL BOMBA COMBUSTÍVEL CB 300R 09/12",IRON,"Combustível/Bomba",MOTOCICLO
41637,"REFIL BOMBA COMBUSTÍVEL NXR 150 09","REFIL BOMBA COMBUSTÍVEL NXR 150 09","REFIL BOMBA COMBUSTÍVEL NXR 150 09",IRON,"Combustível/Bomba",MOTOCICLO
176232,"REFIL BOMBA COMB. N-MAX 160","REFIL BOMBA COMB. N-MAX 160","REFIL BOMBA COMB. N-MAX 160",IRON,"Combustível/Bomba",MOTOCICLO
179235,"REFIL BOMBA COMBUSTÍVEL DAFRA CITYCOM 300I","REFIL BOMBA COMBUSTÍVEL DAFRA CITYCOM 300I","REFIL BOMBA COMBUSTÍVEL DAFRA CITYCOM 300I",IRON,"Combustível/Bomba",MOTOCICLO
196458,"REFIL BOMBA COMB. CB 300R 13/15 FLEX","REFIL BOMBA COMB. CB 300R 13/15 FLEX","REFIL BOMBA COMB. CB 300R 13/15 FLEX",IRON,"Combustível/Bomba",MOTOCICLO
187393,"REFIL BOMBA COMB. XRE 190","REFIL BOMBA COMB. XRE 190","REFIL BOMBA COMB. XRE 190",IRON,"Combustível/Bomba",MOTOCICLO
185509,"REFIL BOMBA COMBUSTÍVEL CG 150 09/10","REFIL BOMBA COMBUSTÍVEL CG 150 09/10","REFIL BOMBA COMBUSTÍVEL CG 150 09/10",IRON,"Combustível/Bomba",MOTOCICLO
187115,"REFIL BOMBA COMBUSTÍVEL CG 150 10/13 MIX","REFIL BOMBA COMBUSTÍVEL CG 150 10/13 MIX","REFIL BOMBA COMBUSTÍVEL CG 150 10/13 MIX",IRON,"Combustível/Bomba",MOTOCICLO
187392,"REFIL BOMBA COMBUSTÍVEL CG 150 09","REFIL BOMBA COMBUSTÍVEL CG 150 09","REFIL BOMBA COMBUSTÍVEL CG 150 09",IRON,"Combustível/Bomba",MOTOCICLO
187622,"REFIL BOMBA COMBUSTÍVEL SH 150I","REFIL BOMBA COMBUSTÍVEL SH 150I","REFIL BOMBA COMBUSTÍVEL SH 150I",IRON,"Combustível/Bomba",MOTOCICLO
196935,"REFIL BOMBA COMB LEAD 110I C/ FILTRO","REFIL BOMBA COMB LEAD 110I C/ FILTRO","REFIL BOMBA COMB LEAD 110I C/ FILTRO",IRON,"Filtros",MOTOCICLO
187388,"REFIL BOMBA COMBUSTÍVEL XTZ 250 LANDER","REFIL BOMBA COMBUSTÍVEL XTZ 250 LANDER","REFIL BOMBA COMBUSTÍVEL XTZ 250 LANDER",IRON,"Combustível/Bomba",MOTOCICLO
196455,"REFIL BOMBA COMB. CG 125I START 160","REFIL BOMBA COMB. CG 125I START 160","REFIL BOMBA COMB. CG 125I START 160",IRON,"Combustível/Bomba",MOTOCICLO
185506,"REFIL BOMBA COMB. CG 160 C/ FILTRO","REFIL BOMBA COMB. CG 160 C/ FILTRO","REFIL BOMBA COMB. CG 160 C/ FILTRO",IRON,"Filtros",MOTOCICLO
187390,"REFIL BOMBA COMBUSTÍVEL PCX 150","REFIL BOMBA COMBUSTÍVEL PCX 150","REFIL BOMBA COMBUSTÍVEL PCX 150",IRON,"Combustível/Bomba",MOTOCICLO
201055,"REFIL BOMBA COMBUSTÍVEL POP 110I","REFIL BOMBA COMBUSTÍVEL POP 110I","REFIL BOMBA COMBUSTÍVEL POP 110I",IRON,"Combustível/Bomba",MOTOCICLO
187386,"REFIL BOMBA COMBUSTÍVEL R3 YAMAHA","REFIL BOMBA COMBUSTÍVEL R3 YAMAHA","REFIL BOMBA COMBUSTÍVEL R3 YAMAHA",IRON,"Combustível/Bomba",MOTOCICLO
187391,"REFIL BOMBA COMBUSTÍVEL XRE 300 FLEX 14","REFIL BOMBA COMBUSTÍVEL XRE 300 FLEX 14","REFIL BOMBA COMBUSTÍVEL XRE 300 FLEX 14",IRON,"Combustível/Bomba",MOTOCICLO
201064,"REFIL BOMBA COMBUSTÍVEL YS 250 FAZER 06/12","REFIL BOMBA COMBUSTÍVEL YS 250 FAZER 06/12","REFIL BOMBA COMBUSTÍVEL YS 250 FAZER 06/12",IRON,"Combustível/Bomba",MOTOCICLO
201051,"REFIL BOMBA COMBUSTÍVEL YS 250 FAZER 14/16","REFIL BOMBA COMBUSTÍVEL YS 250 FAZER 14/16","REFIL BOMBA COMBUSTÍVEL YS 250 FAZER 14/16",IRON,"Combustível/Bomba",MOTOCICLO
185364,"REFIL BOMBA COMB. BIZ 110I CG 160 START","REFIL BOMBA COMB. BIZ 110I CG 160 START","REFIL BOMBA COMB. BIZ 110I CG 160 START",IRON,"Combustível/Bomba",MOTOCICLO
187094,"87","87","87",IRON,"Geral",MOTOCICLO
196819,"TORNEIRA GASOLINA / ESCOVA / CORREIA","TORNEIRA GASOLINA / ESCOVA / CORREIA","TORNEIRA GASOLINA / ESCOVA / CORREIA",IRON,"Combustível",MOTOCICLO
196820,"TORNEIRA GASOLINA CBX 250","TORNEIRA GASOLINA CBX 250","TORNEIRA GASOLINA CBX 250",IRON,"Combustível",MOTOCICLO
176234,"TORNEIRA GASOLINA YBR/XTZ 125 C/BOTÃO","TORNEIRA GASOLINA YBR/XTZ 125 C/BOTÃO","TORNEIRA GASOLINA YBR/XTZ 125 C/BOTÃO",IRON,"Combustível",MOTOCICLO
176236,"TORNEIRA GASOLINA CG 125 83/99","TORNEIRA GASOLINA CG 125 83/99","TORNEIRA GASOLINA CG 125 83/99",IRON,"Combustível",MOTOCICLO
176235,"TORNEIRA GASOLINA POP 100","TORNEIRA GASOLINA POP 100","TORNEIRA GASOLINA POP 100",IRON,"Combustível",MOTOCICLO
183096,"TORNEIRA GASOLINA CG 150/125 09/13","TORNEIRA GASOLINA CG 150/125 09/13","TORNEIRA GASOLINA CG 150/125 09/13",IRON,"Combustível",MOTOCICLO
187389,"TORNEIRA GASOLINA BIZ 125 06/08","TORNEIRA GASOLINA BIZ 125 06/08","TORNEIRA GASOLINA BIZ 125 06/08",IRON,"Combustível",MOTOCICLO
187394,"TORNEIRA GASOLINA BIZ 100 99/05","TORNEIRA GASOLINA BIZ 100 99/05","TORNEIRA GASOLINA BIZ 100 99/05",IRON,"Combustível",MOTOCICLO
183102,"TORNEIRA GASOLINA XR 250","TORNEIRA GASOLINA XR 250","TORNEIRA GASOLINA XR 250",IRON,"Combustível",MOTOCICLO
176271,"TORNEIRA GASOLINA CRYPTON 105","TORNEIRA GASOLINA CRYPTON 105","TORNEIRA GASOLINA CRYPTON 105",IRON,"Combustível",MOTOCICLO
176270,"TORNEIRA GASOLINA NXR 125/150","TORNEIRA GASOLINA NXR 125/150","TORNEIRA GASOLINA NXR 125/150",IRON,"Combustível",MOTOCICLO
9079,"ESCOVA CG/CBX NX/XR/YS/XTZ 125/150/200/250","ESCOVA CG/CBX NX/XR/YS/XTZ 125/150/200/250","ESCOVA CG/CBX NX/XR/YS/XTZ 125/150/200/250",IRON,"Elétrica",MOTOCICLO
185590,"ESCOVA CG 150 COMP. C/KIT VEDAÇÃO","ESCOVA CG 150 COMP. C/KIT VEDAÇÃO","ESCOVA CG 150 COMP. C/KIT VEDAÇÃO",IRON,"Elétrica",MOTOCICLO
185589,"ESCOVA YBR 125 XT 225 XV 250 VIRAGO","ESCOVA YBR 125 XT 225 XV 250 VIRAGO","ESCOVA YBR 125 XT 225 XV 250 VIRAGO",IRON,"Elétrica",MOTOCICLO
185510,"ESCOVA YS 150 FAZER YBR/XTZ 150 CROOSER","ESCOVA YS 150 FAZER YBR/XTZ 150 CROOSER","ESCOVA YS 150 FAZER YBR/XTZ 150 CROOSER",IRON,"Elétrica",MOTOCICLO
200234,"ESCOVA YS 250 FAZER 11/17","ESCOVA YS 250 FAZER 11/17","ESCOVA YS 250 FAZER 11/17",IRON,"Elétrica",MOTOCICLO
191836,"ESCOVA BIZ 100 00/05 COMPLETA","ESCOVA BIZ 100 00/05 COMPLETA","ESCOVA BIZ 100 00/05 COMPLETA",IRON,"Elétrica",MOTOCICLO
200233,"ESCOVA YES INTRUDER 125 GSR150 BURGMAN STX 200","ESCOVA YES INTRUDER 125 GSR150 BURGMAN STX 200","ESCOVA YES INTRUDER 125 GSR150 BURGMAN STX 200",IRON,"Elétrica",MOTOCICLO
197539,"ESCOVA HANTER/MAX 125 XV 750/XT 600 M 4 POLOS","ESCOVA HANTER/MAX 125 XV 750/XT 600 M 4 POLOS","ESCOVA HANTER/MAX 125 XV 750/XT 600 M 4 POLOS",IRON,"Elétrica",MOTOCICLO
201029,"ESCOVA BIZ 125 COMPLETA","ESCOVA BIZ 125 COMPLETA","ESCOVA BIZ 125 COMPLETA",IRON,"Elétrica",MOTOCICLO
201077,"ESCOVA LEAD 110","ESCOVA LEAD 110","ESCOVA LEAD 110",IRON,"Elétrica",MOTOCICLO
201024,"ESCOVA XV 250 VIRAGO MOTOR PARTIDA","ESCOVA XV 250 VIRAGO MOTOR PARTIDA","ESCOVA XV 250 VIRAGO MOTOR PARTIDA",IRON,"Elétrica",MOTOCICLO
201014,"ESCOVA CB/XRE/300 CRF 230/CB 250F/TRX 420 HONDA","ESCOVA CB/XRE/300 CRF 230/CB 250F/TRX 420 HONDA","ESCOVA CB/XRE/300 CRF 230/CB 250F/TRX 420 HONDA",IRON,"Elétrica",MOTOCICLO
201021,"CORREIA TRAÇÃO LEAD 110 18 5X8 5X750","CORREIA TRAÇÃO LEAD 110 18 5X8 5X750","CORREIA TRAÇÃO LEAD 110 18 5X8 5X750",IRON,"Correias",MOTOCICLO
201070,"CORREIA TRAÇÃO N-MAX 160","CORREIA TRAÇÃO N-MAX 160","CORREIA TRAÇÃO N-MAX 160",IRON,"Correias",MOTOCICLO
201074,"CORREIA TRAÇÃO PCX 150 14/15","CORREIA TRAÇÃO PCX 150 14/15","CORREIA TRAÇÃO PCX 150 14/15",IRON,"Correias",MOTOCICLO
196937,"CORREIA TRAÇÃO AN 125 BURGMAN","CORREIA TRAÇÃO AN 125 BURGMAN","CORREIA TRAÇÃO AN 125 BURGMAN",IRON,"Correias",MOTOCICLO
188029,"CORREIA TRAÇÃO AN 125 BURGMAN 06-11 76D","CORREIA TRAÇÃO AN 125 BURGMAN 06-11 76D","CORREIA TRAÇÃO AN 125 BURGMAN 06-11 76D",IRON,"Correias",MOTOCICLO
187099,"CORREIA TRAÇÃO NEO AT 115 185 105 845","CORREIA TRAÇÃO NEO AT 115 185 105 845","CORREIA TRAÇÃO NEO AT 115 185 105 845",IRON,"Correias",MOTOCICLO
13974,"CORREIA TRAÇÃO ELITE 125","CORREIA TRAÇÃO ELITE 125","CORREIA TRAÇÃO ELITE 125",IRON,"Correias",MOTOCICLO
188031,"ESCOVA CG 150 C/MESA","ESCOVA CG 150 C/MESA","ESCOVA CG 150 C/MESA",IRON,"Elétrica",MOTOCICLO
188018,"88","88","88",IRON,"Geral",MOTOCICLO
201477,"CORREIA TRAÇÃO PCX 150 16/18 DUPLA 82/144D","CORREIA TRAÇÃO PCX 150 16/18 DUPLA 82/144D","CORREIA TRAÇÃO PCX 150 16/18 DUPLA 82/144D",IRON,"Correias",MOTOCICLO
188016,"SENSOR","SENSOR","SENSOR",IRON,"Elétrica/Sensores",MOTOCICLO
188027,"SENSOR OXIGÊNIO YS 150 FAZER YBR 125I / 150 XTZ 150 CROSSER","SENSOR OXIGÊNIO YS 150 FAZER YBR 125I / 150 XTZ 150 CROSSER","SENSOR OXIGÊNIO YS 150 FAZER YBR 125I / 150 XTZ 150 CROSSER",IRON,"Elétrica/Sensores",MOTOCICLO
188025,"SENSOR OXIGÊNIO QUADRICICLO FOURTRAX TRX 420 14","SENSOR OXIGÊNIO QUADRICICLO FOURTRAX TRX 420 14","SENSOR OXIGÊNIO QUADRICICLO FOURTRAX TRX 420 14",IRON,"Elétrica/Sensores",MOTOCICLO
188022,"SENSOR OXIGÊNIO NXR 150 11/15 XRE 300 10/18","SENSOR OXIGÊNIO NXR 150 11/15 XRE 300 10/18","SENSOR OXIGÊNIO NXR 150 11/15 XRE 300 10/18",IRON,"Elétrica/Sensores",MOTOCICLO
121749,"SENSOR OXIGÊNIO POP 110I","SENSOR OXIGÊNIO POP 110I","SENSOR OXIGÊNIO POP 110I",IRON,"Elétrica/Sensores",MOTOCICLO
123204,"SENSOR OXIGÊNIO BIZ 110I","SENSOR OXIGÊNIO BIZ 110I","SENSOR OXIGÊNIO BIZ 110I",IRON,"Elétrica/Sensores",MOTOCICLO
26691,"SENSOR OXIGÊNIO BIZ 125 11/15","SENSOR OXIGÊNIO BIZ 125 11/15","SENSOR OXIGÊNIO BIZ 125 11/15",IRON,"Elétrica/Sensores",MOTOCICLO
24292,"SENSOR OXIGÊNIO CB 250F XRE 190","SENSOR OXIGÊNIO CB 250F XRE 190","SENSOR OXIGÊNIO CB 250F XRE 190",IRON,"Elétrica/Sensores",MOTOCICLO
123206,"SENSOR OXIGÊNIO CB 300R 10/15","SENSOR OXIGÊNIO CB 300R 10/15","SENSOR OXIGÊNIO CB 300R 10/15",IRON,"Elétrica/Sensores",MOTOCICLO
123203,"SENSOR OXIGÊNIO CG 150 09/10 MIX FLEX/FAN 150 ESDI 10","SENSOR OXIGÊNIO CG 150 09/10 MIX FLEX/FAN 150 ESDI 10","SENSOR OXIGÊNIO CG 150 09/10 MIX FLEX/FAN 150 ESDI 10",IRON,"Elétrica/Sensores",MOTOCICLO
123205,"SENSOR OXIGÊNIO CG 150 FAN/START 150 11/15","SENSOR OXIGÊNIO CG 150 FAN/START 150 11/15","SENSOR OXIGÊNIO CG 150 FAN/START 150 11/15",IRON,"Elétrica/Sensores",MOTOCICLO
122440,"SENSOR OXIGÊNIO CG 160 16/17 NXR 160 16/17","SENSOR OXIGÊNIO CG 160 16/17 NXR 160 16/17","SENSOR OXIGÊNIO CG 160 16/17 NXR 160 16/17",IRON,"Elétrica/Sensores",MOTOCICLO
122442,"SENSOR MARCHA PHOENIX GOLD 50 HYPE/XY 50-Q","SENSOR MARCHA PHOENIX GOLD 50 HYPE/XY 50-Q","SENSOR MARCHA PHOENIX GOLD 50 HYPE/XY 50-Q",IRON,"Elétrica/Sensores",MOTOCICLO
26692,"SENSOR MARCHA JET 50","SENSOR MARCHA JET 50","SENSOR MARCHA JET 50",IRON,"Elétrica/Sensores",MOTOCICLO
197064,"SENSOR INJEÇÃO CG / FAN 160","SENSOR INJEÇÃO CG / FAN 160","SENSOR INJEÇÃO CG / FAN 160",IRON,"Elétrica/Sensores",MOTOCICLO
197062,"SENSOR INJEÇÃO PCX 150 13/15 LEAD 110","SENSOR INJEÇÃO PCX 150 13/15 LEAD 110","SENSOR INJEÇÃO PCX 150 13/15 LEAD 110",IRON,"Elétrica/Sensores",MOTOCICLO
197061,"SENSOR INJEÇÃO YS 250 FAZER 06/08 XTZ 250 LANDER 08/10","SENSOR INJEÇÃO YS 250 FAZER 06/08 XTZ 250 LANDER 08/10","SENSOR INJEÇÃO YS 250 FAZER 06/08 XTZ 250 LANDER 08/10",IRON,"Elétrica/Sensores",MOTOCICLO
197063,"SENSOR INJEÇÃO PCX 150 16","SENSOR INJEÇÃO PCX 150 16","SENSOR INJEÇÃO PCX 150 16",IRON,"Elétrica/Sensores",MOTOCICLO
8325,"SENSOR INJEÇÃO YS 150 FAZER XTZ 150 CROSSER / YBR","SENSOR INJEÇÃO YS 150 FAZER XTZ 150 CROSSER / YBR","SENSOR INJEÇÃO YS 150 FAZER XTZ 150 CROSSER / YBR",IRON,"Elétrica/Sensores",MOTOCICLO
15383,"SENSOR INJEÇÃO YS 250 FAZER 16 BLUE FLEX","SENSOR INJEÇÃO YS 250 FAZER 16 BLUE FLEX","SENSOR INJEÇÃO YS 250 FAZER 16 BLUE FLEX",IRON,"Elétrica/Sensores",MOTOCICLO
24294,"SENSOR INJEÇÃO BIZ 125 09/17 CG 150 NXR 150 09/15","SENSOR INJEÇÃO BIZ 125 09/17 CG 150 NXR 150 09/15","SENSOR INJEÇÃO BIZ 125 09/17 CG 150 NXR 150 09/15",IRON,"Elétrica/Sensores",MOTOCICLO
6859,"SENSOR INCLINAÇÃO CB 250F / CG 125I CG / NXR 160 POP 110I XR","SENSOR INCLINAÇÃO CB 250F / CG 125I CG / NXR 160 POP 110I XRE 300 19","SENSOR INCLINAÇÃO CB 250F / CG 125I CG / NXR 160 POP 110I XRE 300 19",IRON,"Elétrica/Sensores",MOTOCICLO
120418,"SENSOR INCLINAÇÃO YS 150 FAZER YBR 125I / 150 XTZ 150","SENSOR INCLINAÇÃO YS 150 FAZER YBR 125I / 150 XTZ 150","SENSOR INCLINAÇÃO YS 150 FAZER YBR 125I / 150 XTZ 150",IRON,"Elétrica/Sensores",MOTOCICLO
24028,"SENSOR INJEÇÃO ELITE 125","SENSOR INJEÇÃO ELITE 125","SENSOR INJEÇÃO ELITE 125",IRON,"Elétrica/Sensores",MOTOCICLO
120415,"SENSOR INJ POP/BIZ 110I START 160","SENSOR INJ POP/BIZ 110I START 160","SENSOR INJ POP/BIZ 110I START 160",IRON,"Elétrica/Sensores",MOTOCICLO
121296,"SENSOR INCLINAÇÃO CG 150 11/15 NX 400I 13/15","SENSOR INCLINAÇÃO CG 150 11/15 NX 400I 13/15","SENSOR INCLINAÇÃO CG 150 11/15 NX 400I 13/15",IRON,"Elétrica/Sensores",MOTOCICLO
16798,"SENSOR INCLINAÇÃO NXR 150 09/15 CB / XRE 300","SENSOR INCLINAÇÃO NXR 150 09/15 CB / XRE 300","SENSOR INCLINAÇÃO NXR 150 09/15 CB / XRE 300",IRON,"Elétrica/Sensores",MOTOCICLO
16804,"SENSOR INCLINAÇÃO YS 250 FAZER XTZ 250 LANDER","SENSOR INCLINAÇÃO YS 250 FAZER XTZ 250 LANDER","SENSOR INCLINAÇÃO YS 250 FAZER XTZ 250 LANDER",IRON,"Elétrica/Sensores",MOTOCICLO
121295,"SENSOR INCLINAÇÃO BIZ 125 09/10 CG 150 09/10 FAN 150 11/14","SENSOR INCLINAÇÃO BIZ 125 09/10 CG 150 09/10 FAN 150 11/14","SENSOR INCLINAÇÃO BIZ 125 09/10 CG 150 09/10 FAN 150 11/14",IRON,"Elétrica/Sensores",MOTOCICLO
16805,"SENSOR ÁGUA PCX 150 13/21","SENSOR ÁGUA PCX 150 13/21","SENSOR ÁGUA PCX 150 13/21",IRON,"Elétrica/Sensores",MOTOCICLO
120923,"SENSOR ÓLEO BIZ 125 / POP 110I CG/NXR 125I 150/160 / CB XRE","SENSOR ÓLEO BIZ 125 / POP 110I CG/NXR 125I 150/160 / CB XRE 300 / NX 400I","SENSOR ÓLEO BIZ 125 / POP 110I CG/NXR 125I 150/160 / CB XRE 300 / NX 400I",IRON,"Elétrica/Sensores",MOTOCICLO
120414,"SENSOR ÓLEO LEAD 110","SENSOR ÓLEO LEAD 110","SENSOR ÓLEO LEAD 110",IRON,"Elétrica/Sensores",MOTOCICLO
15160,"SENSOR ÁGUA CB 500/600 VT 600 SHADOW","SENSOR ÁGUA CB 500/600 VT 600 SHADOW","SENSOR ÁGUA CB 500/600 VT 600 SHADOW",IRON,"Elétrica/Sensores",MOTOCICLO
120924,"89","89","89",IRON,"Geral",MOTOCICLO
120921,"SENSOR / CEBOLINHA / INTER NEUTRO","SENSOR / CEBOLINHA / INTER NEUTRO","SENSOR / CEBOLINHA / INTER NEUTRO",IRON,"Elétrica/Sensores",MOTOCICLO
120416,"SENSOR OXIGÊNIO CG 160 18/20 NXR 160 18/20","SENSOR OXIGÊNIO CG 160 18/20 NXR 160 18/20","SENSOR OXIGÊNIO CG 160 18/20 NXR 160 18/20",IRON,"Elétrica/Sensores",MOTOCICLO
120922,"SENSOR OXIG BIZ 125 18... EX","SENSOR OXIG BIZ 125 18... EX","SENSOR OXIG BIZ 125 18... EX",IRON,"Elétrica/Sensores",MOTOCICLO
120419,"SENSOR OXIGENIO BIZ 125 09/10 CG / NXR 150 09/10 PCX 150 13/","SENSOR OXIGENIO BIZ 125 09/10 CG / NXR 150 09/10 PCX 150 13/15","SENSOR OXIGENIO BIZ 125 09/10 CG / NXR 150 09/10 PCX 150 13/15",IRON,"Elétrica/Sensores",MOTOCICLO
121747,"SENSOR VEL CG/FAN START 150","SENSOR VEL CG/FAN START 150","SENSOR VEL CG/FAN START 150",IRON,"Elétrica/Sensores",MOTOCICLO
123210,"SENSOR VEL CG / FAN START 160","SENSOR VEL CG / FAN START 160","SENSOR VEL CG / FAN START 160",IRON,"Elétrica/Sensores",MOTOCICLO
25557,"SENSOR VEL YS 150 FAZER XTZ 150 CROSSER YBR 125I / 150","SENSOR VEL YS 150 FAZER XTZ 150 CROSSER YBR 125I / 150","SENSOR VEL YS 150 FAZER XTZ 150 CROSSER YBR 125I / 150",IRON,"Elétrica/Sensores",MOTOCICLO
123211,"SENSOR VEL YS 250 FAZER XTZ 250 LANDER TENERE 250","SENSOR VEL YS 250 FAZER XTZ 250 LANDER TENERE 250","SENSOR VEL YS 250 FAZER XTZ 250 LANDER TENERE 250",IRON,"Elétrica/Sensores",MOTOCICLO
122441,"SENSOR VEL BIZ 125 MAIS 18","SENSOR VEL BIZ 125 MAIS 18","SENSOR VEL BIZ 125 MAIS 18",IRON,"Elétrica/Sensores",MOTOCICLO
26689,"SENSOR MARCHA LENTA YS 150 FAZER XTZ 150 CROSSER YBR 125I/15","SENSOR MARCHA LENTA YS 150 FAZER XTZ 150 CROSSER YBR 125I/150","SENSOR MARCHA LENTA YS 150 FAZER XTZ 150 CROSSER YBR 125I/150",IRON,"Elétrica/Sensores",MOTOCICLO
24293,"SENSOR VEL CB 500X / F CBR 500 PCX 150","SENSOR VEL CB 500X / F CBR 500 PCX 150","SENSOR VEL CB 500X / F CBR 500 PCX 150",IRON,"Elétrica/Sensores",MOTOCICLO
119766,"SENSOR VEL CG 125 14/20","SENSOR VEL CG 125 14/20","SENSOR VEL CG 125 14/20",IRON,"Elétrica/Sensores",MOTOCICLO
122444,"SENSOR VEL NXR / XRE 160/190","SENSOR VEL NXR / XRE 160/190","SENSOR VEL NXR / XRE 160/190",IRON,"Elétrica/Sensores",MOTOCICLO
122449,"SENSOR MARCHA LENTA CG 160 PCX 150 DLX 16","SENSOR MARCHA LENTA CG 160 PCX 150 DLX 16","SENSOR MARCHA LENTA CG 160 PCX 150 DLX 16",IRON,"Elétrica/Sensores",MOTOCICLO
201106,"SENSOR MARCHA LENTA CG NXR 150/160 BIZ 125 09","SENSOR MARCHA LENTA CG NXR 150/160 BIZ 125 09","SENSOR MARCHA LENTA CG NXR 150/160 BIZ 125 09",IRON,"Elétrica/Sensores",MOTOCICLO
201107,"SENSOR MARCHA LENTA YS 250 FAZER XTZ 250 LANDER TENERE 250","SENSOR MARCHA LENTA YS 250 FAZER XTZ 250 LANDER TENERE 250","SENSOR MARCHA LENTA YS 250 FAZER XTZ 250 LANDER TENERE 250",IRON,"Elétrica/Sensores",MOTOCICLO
201108,"CEBOLINHA NEUTRO CG 125 D VED","CEBOLINHA NEUTRO CG 125 D VED","CEBOLINHA NEUTRO CG 125 D VED",IRON,"Elétrica/Sensores",MOTOCICLO
201109,"CEBOLINHA NEUTRO PHOENIX GOLD 50","CEBOLINHA NEUTRO PHOENIX GOLD 50","CEBOLINHA NEUTRO PHOENIX GOLD 50",IRON,"Elétrica/Sensores",MOTOCICLO
201110,"SENSOR MARCHA LENTA CB XRE 300 CB 250F","SENSOR MARCHA LENTA CB XRE 300 CB 250F","SENSOR MARCHA LENTA CB XRE 300 CB 250F",IRON,"Elétrica/Sensores",MOTOCICLO
201111,"SENSOR ÓLEO NEO AT 115","SENSOR ÓLEO NEO AT 115","SENSOR ÓLEO NEO AT 115",IRON,"Elétrica/Sensores",MOTOCICLO
201112,"SENSOR TPS CARBURADOR YBR 125 09/15 / XTZ 125 09/17","SENSOR TPS CARBURADOR YBR 125 09/15 / XTZ 125 09/17","SENSOR TPS CARBURADOR YBR 125 09/15 / XTZ 125 09/17",IRON,"Elétrica/Sensores",MOTOCICLO
201113,"INTER NEUTRO CG 125 LAMINA","INTER NEUTRO CG 125 LAMINA","INTER NEUTRO CG 125 LAMINA",IRON,"Geral",MOTOCICLO
121335,"90","90","90",IRON,"Geral",MOTOCICLO
26690,"TAMPA","TAMPA","TAMPA",IRON,"Geral",MOTOCICLO
26688,"TAMPA CABEÇOTE JET 50 ESQ.","TAMPA CABEÇOTE JET 50 ESQ.","TAMPA CABEÇOTE JET 50 ESQ.",IRON,"Geral",MOTOCICLO
121748,"TAMPA CABEÇOTE PHOENIX GOLD 50 ESQ.","TAMPA CABEÇOTE PHOENIX GOLD 50 ESQ.","TAMPA CABEÇOTE PHOENIX GOLD 50 ESQ.",IRON,"Geral",MOTOCICLO
121746,"TAMPA CABEÇOTE JET 50 DIR.","TAMPA CABEÇOTE JET 50 DIR.","TAMPA CABEÇOTE JET 50 DIR.",IRON,"Geral",MOTOCICLO
24296,"TAMPA CABEÇOTE JET 50 FRONTAL","TAMPA CABEÇOTE JET 50 FRONTAL","TAMPA CABEÇOTE JET 50 FRONTAL",IRON,"Geral",MOTOCICLO
24295,"TAMPA CABEÇOTE PHOENIX GOLD 50 FRONTAL","TAMPA CABEÇOTE PHOENIX GOLD 50 FRONTAL","TAMPA CABEÇOTE PHOENIX GOLD 50 FRONTAL",IRON,"Geral",MOTOCICLO
121336,"TAMPA CABEÇOTE PHOENIX GOLD 50 DIR.","TAMPA CABEÇOTE PHOENIX GOLD 50 DIR.","TAMPA CABEÇOTE PHOENIX GOLD 50 DIR.",IRON,"Geral",MOTOCICLO
120932,"TAMPA T MAGNETO JET 50","TAMPA T MAGNETO JET 50","TAMPA T MAGNETO JET 50",IRON,"Elétrica/Partida",MOTOCICLO
120928,"TAMPA ALAVANCA EMBREAGEM JET 50","TAMPA ALAVANCA EMBREAGEM JET 50","TAMPA ALAVANCA EMBREAGEM JET 50",IRON,"Embreagem",MOTOCICLO
120933,"TAMPA ALAVANCA EMBRE. PHOENIX 50","TAMPA ALAVANCA EMBRE. PHOENIX 50","TAMPA ALAVANCA EMBRE. PHOENIX 50",IRON,"Geral",MOTOCICLO
120929,"TAMPA MAGNETO JET 50","TAMPA MAGNETO JET 50","TAMPA MAGNETO JET 50",IRON,"Elétrica/Partida",MOTOCICLO
120927,"TAMPA MAGNETO PHOENIX GOLD 50","TAMPA MAGNETO PHOENIX GOLD 50","TAMPA MAGNETO PHOENIX GOLD 50",IRON,"Elétrica/Partida",MOTOCICLO
120931,"TAMPA EMBREAGEM JET 50","TAMPA EMBREAGEM JET 50","TAMPA EMBREAGEM JET 50",IRON,"Embreagem",MOTOCICLO
120930,"TAMPA EMBREAGEM PHOENIX 50","TAMPA EMBREAGEM PHOENIX 50","TAMPA EMBREAGEM PHOENIX 50",IRON,"Embreagem",MOTOCICLO
120936,"TAMPA EMBREAGEM PHOENIX MAIS 50 SHINERAY","TAMPA EMBREAGEM PHOENIX MAIS 50 SHINERAY","TAMPA EMBREAGEM PHOENIX MAIS 50 SHINERAY",IRON,"Embreagem",MOTOCICLO
120935,"TAMPA PINHÃO CG FAN 160","TAMPA PINHÃO CG FAN 160","TAMPA PINHÃO CG FAN 160",IRON,"Transmissão",MOTOCICLO
120938,"TAMPA PINHÃO CG 150 09/15 ESD FAN 150 14/15","TAMPA PINHÃO CG 150 09/15 ESD FAN 150 14/15","TAMPA PINHÃO CG 150 09/15 ESD FAN 150 14/15",IRON,"Transmissão",MOTOCICLO
130937,"TAMPA PINHÃO CG 150 ESD ESDI EX 09/15","TAMPA PINHÃO CG 150 ESD ESDI EX 09/15","TAMPA PINHÃO CG 150 ESD ESDI EX 09/15",IRON,"Transmissão",MOTOCICLO
119769,"TAMPA PINHÃO CG 150/125 KS ES 04/08 09/13","TAMPA PINHÃO CG 150/125 KS ES 04/08 09/13","TAMPA PINHÃO CG 150/125 KS ES 04/08 09/13",IRON,"Transmissão",MOTOCICLO
119771,"TAMPA PINHÃO CG 125 05/08","TAMPA PINHÃO CG 125 05/08","TAMPA PINHÃO CG 125 05/08",IRON,"Transmissão",MOTOCICLO
119770,"TAMPA PINHÃO CB 300 09/15","TAMPA PINHÃO CB 300 09/15","TAMPA PINHÃO CB 300 09/15",IRON,"Transmissão",MOTOCICLO
119772,"TAMPA PINHÃO BIZ 125 06/10","TAMPA PINHÃO BIZ 125 06/10","TAMPA PINHÃO BIZ 125 06/10",IRON,"Transmissão",MOTOCICLO
119763,"TAMPA PINHÃO JET 50","TAMPA PINHÃO JET 50","TAMPA PINHÃO JET 50",IRON,"Transmissão",MOTOCICLO
119764,"TAMPA PINHÃO PHOENIX GOLD 50","TAMPA PINHÃO PHOENIX GOLD 50","TAMPA PINHÃO PHOENIX GOLD 50",IRON,"Transmissão",MOTOCICLO
119762,"TAMPA PINHÃO YS 150 FAZER YBR 125I 150 FACTOR","TAMPA PINHÃO YS 150 FAZER YBR 125I 150 FACTOR","TAMPA PINHÃO YS 150 FAZER YBR 125I 150 FACTOR",IRON,"Transmissão",MOTOCICLO
119765,"TAMPA PINHÃO YBR 125 00/13 FACTOR","TAMPA PINHÃO YBR 125 00/13 FACTOR","TAMPA PINHÃO YBR 125 00/13 FACTOR",IRON,"Transmissão",MOTOCICLO
119784,"TAMPA PINHÃO XTZ 150 CROSSER","TAMPA PINHÃO XTZ 150 CROSSER","TAMPA PINHÃO XTZ 150 CROSSER",IRON,"Transmissão",MOTOCICLO
120055,"TAMPA PINHÃO XTZ 125","TAMPA PINHÃO XTZ 125","TAMPA PINHÃO XTZ 125",IRON,"Transmissão",MOTOCICLO
119785,"TAMPA PINHÃO XRE 300 09/14","TAMPA PINHÃO XRE 300 09/14","TAMPA PINHÃO XRE 300 09/14",IRON,"Transmissão",MOTOCICLO
119786,"TAMPA PINHÃO XR 250 06/08","TAMPA PINHÃO XR 250 06/08","TAMPA PINHÃO XR 250 06/08",IRON,"Transmissão",MOTOCICLO
119788,"TAMPA PINHÃO NXR 160","TAMPA PINHÃO NXR 160","TAMPA PINHÃO NXR 160",IRON,"Transmissão",MOTOCICLO
119790,"TAMPA PINHÃO NXR 150 06/14","TAMPA PINHÃO NXR 150 06/14","TAMPA PINHÃO NXR 150 06/14",IRON,"Transmissão",MOTOCICLO
14081,"TAMPA PINHÃO NXR 150 03/05 CRF 230","TAMPA PINHÃO NXR 150 03/05 CRF 230","TAMPA PINHÃO NXR 150 03/05 CRF 230",IRON,"Transmissão",MOTOCICLO
201062,"91","91","91",IRON,"Geral",MOTOCICLO
120550,"CARCAÇA / BUJÃO / TAMPA / ESCAPE / ROTELE","CARCAÇA / BUJÃO / TAMPA / ESCAPE / ROTELE","CARCAÇA / BUJÃO / TAMPA / ESCAPE / ROTELE",IRON,"Carenagem/Motor",MOTOCICLO
121911,"CARCAÇA MOTOR JET 50 ESQ","CARCAÇA MOTOR JET 50 ESQ","CARCAÇA MOTOR JET 50 ESQ",IRON,"Carenagem/Motor",MOTOCICLO
200093,"CARCAÇA MOTOR JET 50 DIR","CARCAÇA MOTOR JET 50 DIR","CARCAÇA MOTOR JET 50 DIR",IRON,"Carenagem/Motor",MOTOCICLO
119782,"CARCAÇA MOTOR PHOENIX 50 ESQ CINZA","CARCAÇA MOTOR PHOENIX 50 ESQ CINZA","CARCAÇA MOTOR PHOENIX 50 ESQ CINZA",IRON,"Carenagem/Motor",MOTOCICLO
11555,"CARCAÇA MOTOR PHOENIX GOLD 50 DIR CINZA","CARCAÇA MOTOR PHOENIX GOLD 50 DIR CINZA","CARCAÇA MOTOR PHOENIX GOLD 50 DIR CINZA",IRON,"Carenagem/Motor",MOTOCICLO
119814,"CARCAÇA MOTOR PHOENIX MAIS 50 DIR CINZA SHINERAY","CARCAÇA MOTOR PHOENIX MAIS 50 DIR CINZA SHINERAY","CARCAÇA MOTOR PHOENIX MAIS 50 DIR CINZA SHINERAY",IRON,"Carenagem/Motor",MOTOCICLO
200097,"BUJÃO TAMPA VALVULA BIZ POP 100 SHINERAY 50 C/ANEL","BUJÃO TAMPA VALVULA BIZ POP 100 SHINERAY 50 C/ANEL","BUJÃO TAMPA VALVULA BIZ POP 100 SHINERAY 50 C/ANEL",IRON,"Anéis/Motor",MOTOCICLO
200096,"BUJÃO TAMPA VÁLVULA YBR XTZ 125","BUJÃO TAMPA VÁLVULA YBR XTZ 125","BUJÃO TAMPA VÁLVULA YBR XTZ 125",IRON,"Motor/Válvulas",MOTOCICLO
200127,"BUJÃO TAMPA VÁLVULA JET 50","BUJÃO TAMPA VÁLVULA JET 50","BUJÃO TAMPA VÁLVULA JET 50",IRON,"Motor/Válvulas",MOTOCICLO
123201,"TAMPA GERADOR CBX/NX/XR 200 GRANDE","TAMPA GERADOR CBX/NX/XR 200 GRANDE","TAMPA GERADOR CBX/NX/XR 200 GRANDE",IRON,"Geral",MOTOCICLO
122443,"TAMPA GERADOR JET 50/50X/125X","TAMPA GERADOR JET 50/50X/125X","TAMPA GERADOR JET 50/50X/125X",IRON,"Geral",MOTOCICLO
201104,"TAMPA GERADOR CG/NXR/BIZ/POP 125/150/160 110I PEQ","TAMPA GERADOR CG/NXR/BIZ/POP 125/150/160 110I PEQ","TAMPA GERADOR CG/NXR/BIZ/POP 125/150/160 110I PEQ",IRON,"Geral",MOTOCICLO
201103,"TAMPA GERADOR CG 125 00/08","TAMPA GERADOR CG 125 00/08","TAMPA GERADOR CG 125 00/08",IRON,"Geral",MOTOCICLO
45581,"TAMPA GERADOR CG/XRE CB 125/150 160/190/250 GRANDE","TAMPA GERADOR CG/XRE CB 125/150 160/190/250 GRANDE","TAMPA GERADOR CG/XRE CB 125/150 160/190/250 GRANDE",IRON,"Geral",MOTOCICLO
122463,"TAMPA CABEÇOTE BIZ/DREAM POP 100 ESQ.","TAMPA CABEÇOTE BIZ/DREAM POP 100 ESQ.","TAMPA CABEÇOTE BIZ/DREAM POP 100 ESQ.",IRON,"Geral",MOTOCICLO
18300,"TAMPA CARTER YES INTRUDER 125","TAMPA CARTER YES INTRUDER 125","TAMPA CARTER YES INTRUDER 125",IRON,"Geral",MOTOCICLO
4782,"ESCAPE JET 50 50 X / 125 X C/PROTETOR PRETO","ESCAPE JET 50 50 X / 125 X C/PROTETOR PRETO","ESCAPE JET 50 50 X / 125 X C/PROTETOR PRETO",IRON,"Geral",MOTOCICLO
122477,"ROLETE CONTRA PESO PCX 150 16/17 6 PCS","ROLETE CONTRA PESO PCX 150 16/17 6 PCS","ROLETE CONTRA PESO PCX 150 16/17 6 PCS",IRON,"Motor",MOTOCICLO
119783,"ROLETE CONTRA PESO LEAD 110 6 PCS","ROLETE CONTRA PESO LEAD 110 6 PCS","ROLETE CONTRA PESO LEAD 110 6 PCS",IRON,"Motor",MOTOCICLO
122467,"ROLETE CONTRA PESO AN 125I BURGMAN 11/14 6 PCS","ROLETE CONTRA PESO AN 125I BURGMAN 11/14 6 PCS","ROLETE CONTRA PESO AN 125I BURGMAN 11/14 6 PCS",IRON,"Motor",MOTOCICLO
45582,"BUJÃO FILTRO ÓLEO CG 125 C/ ANEL VEDAÇÃO","BUJÃO FILTRO ÓLEO CG 125 C/ ANEL VEDAÇÃO","BUJÃO FILTRO ÓLEO CG 125 C/ ANEL VEDAÇÃO",IRON,"Filtros",MOTOCICLO
27833,"ROLETE CONTRA PESO PCX 150 ATÉ 15 6 PCS","ROLETE CONTRA PESO PCX 150 ATÉ 15 6 PCS","ROLETE CONTRA PESO PCX 150 ATÉ 15 6 PCS",IRON,"Motor",MOTOCICLO
24027,"ROLETE CONTRA PESO AN 125 BURGMAN 06/10 6 PCS","ROLETE CONTRA PESO AN 125 BURGMAN 06/10 6 PCS","ROLETE CONTRA PESO AN 125 BURGMAN 06/10 6 PCS",IRON,"Motor",MOTOCICLO
119053,"ROLETE CONTRA PESO N-MAX 160 6 PCS","ROLETE CONTRA PESO N-MAX 160 6 PCS","ROLETE CONTRA PESO N-MAX 160 6 PCS",IRON,"Motor",MOTOCICLO
9800,"92","92","92",IRON,"Geral",MOTOCICLO
200108,"RETENTOR","RETENTOR","RETENTOR",IRON,"Retentores",MOTOCICLO
200107,"RETENTOR VAL YS 250 FAZER XTZ 250 / XT TDM 225","RETENTOR VAL YS 250 FAZER XTZ 250 / XT TDM 225","RETENTOR VAL YS 250 FAZER XTZ 250 / XT TDM 225",IRON,"Retentores",MOTOCICLO
121325,"RETENTOR VAL. BIZ CG 100/125 02/08/150","RETENTOR VAL. BIZ CG 100/125 02/08/150","RETENTOR VAL. BIZ CG 100/125 02/08/150",IRON,"Retentores",MOTOCICLO
10011,"RETENTOR VAL. CG 125 82/01","RETENTOR VAL. CG 125 82/01","RETENTOR VAL. CG 125 82/01",IRON,"Retentores",MOTOCICLO
200091,"RETENTOR VAL YS 150 FAZER XTZ 150 / YBR 125I 150 / CB 500","RETENTOR VAL YS 150 FAZER XTZ 150 / YBR 125I 150 / CB 500","RETENTOR VAL YS 150 FAZER XTZ 150 / YBR 125I 150 / CB 500",IRON,"Retentores",MOTOCICLO
120552,"RETENTOR PINHÃO BIZ 125","RETENTOR PINHÃO BIZ 125","RETENTOR PINHÃO BIZ 125",IRON,"Retentores",MOTOCICLO
14466,"RETENTOR RODA TRAS BIZ 100/125/110I","RETENTOR RODA TRAS BIZ 100/125/110I","RETENTOR RODA TRAS BIZ 100/125/110I",IRON,"Retentores",MOTOCICLO
4181,"RETENTOR PINHÃO CBX XR/CB XRE 250/300","RETENTOR PINHÃO CBX XR/CB XRE 250/300","RETENTOR PINHÃO CBX XR/CB XRE 250/300",IRON,"Retentores",MOTOCICLO
122480,"RETENTOR PINHÃO CG 125/150","RETENTOR PINHÃO CG 125/150","RETENTOR PINHÃO CG 125/150",IRON,"Retentores",MOTOCICLO
122479,"RETENTOR EMBREAGEM CG 125","RETENTOR EMBREAGEM CG 125","RETENTOR EMBREAGEM CG 125",IRON,"Retentores",MOTOCICLO
119787,"RETENTOR GARFO CG/XLR NXR 150 D VED","RETENTOR GARFO CG/XLR NXR 150 D VED","RETENTOR GARFO CG/XLR NXR 150 D VED",IRON,"Retentores",MOTOCICLO
120056,"RETENTOR PINHÃO BIZ/DREAM/POP 100/ SHINERAY 50","RETENTOR PINHÃO BIZ/DREAM/POP 100/ SHINERAY 50","RETENTOR PINHÃO BIZ/DREAM/POP 100/ SHINERAY 50",IRON,"Retentores",MOTOCICLO
122445,"RETENTOR PINHÃO YBR/XTZ 125/DT 200","RETENTOR PINHÃO YBR/XTZ 125/DT 200","RETENTOR PINHÃO YBR/XTZ 125/DT 200",IRON,"Retentores",MOTOCICLO
122446,"RETENTOR PINHÃO YS 250 FAZER XTZ 250 LANDER","RETENTOR PINHÃO YS 250 FAZER XTZ 250 LANDER","RETENTOR PINHÃO YS 250 FAZER XTZ 250 LANDER",IRON,"Retentores",MOTOCICLO
122478,"RETENTOR RODA DIANT. CG/BIZ 100/125/150","RETENTOR RODA DIANT. CG/BIZ 100/125/150","RETENTOR RODA DIANT. CG/BIZ 100/125/150",IRON,"Retentores",MOTOCICLO
185352,"RETENTOR GARFO XTZ 150 CROSSER XV 250","RETENTOR GARFO XTZ 150 CROSSER XV 250","RETENTOR GARFO XTZ 150 CROSSER XV 250",IRON,"Retentores",MOTOCICLO
5275,"RETENTOR GARFO NX 400 XTZ 250 LANDER/XR XRE 250/300/CB 600","RETENTOR GARFO NX 400 XTZ 250 LANDER/XR XRE 250/300/CB 600","RETENTOR GARFO NX 400 XTZ 250 LANDER/XR XRE 250/300/CB 600",IRON,"Retentores",MOTOCICLO
185353,"RETENTOR PINHÃO YES INTRUDER KATANA 125","RETENTOR PINHÃO YES INTRUDER KATANA 125","RETENTOR PINHÃO YES INTRUDER KATANA 125",IRON,"Retentores",MOTOCICLO
196600,"RETENTOR EMBREAGEM YES/KATANA 125","RETENTOR EMBREAGEM YES/KATANA 125","RETENTOR EMBREAGEM YES/KATANA 125",IRON,"Retentores",MOTOCICLO
185357,"RETENTOR COROA SHINERAY XY 50-Q","RETENTOR COROA SHINERAY XY 50-Q","RETENTOR COROA SHINERAY XY 50-Q",IRON,"Retentores",MOTOCICLO
185349,"RETENTOR PINHÃO CB 250F CRF 250F","RETENTOR PINHÃO CB 250F CRF 250F","RETENTOR PINHÃO CB 250F CRF 250F",IRON,"Retentores",MOTOCICLO
196823,"RETENTOR GARFO CB 300 CBX 250/YS 250 FAZER 06/11 KIT D VED","RETENTOR GARFO CB 300 CBX 250/YS 250 FAZER 06/11 KIT D VED","RETENTOR GARFO CB 300 CBX 250/YS 250 FAZER 06/11 KIT D VED",IRON,"Retentores",MOTOCICLO
196824,"RETENTOR EMBREAGEM YBR XTZ/CBX/XR NX 250/400","RETENTOR EMBREAGEM YBR XTZ/CBX/XR NX 250/400","RETENTOR EMBREAGEM YBR XTZ/CBX/XR NX 250/400",IRON,"Retentores",MOTOCICLO
185360,"RETENTOR GARFO BIZ 125 11 DREAM 100 CRYPTON 105 D VED","RETENTOR GARFO BIZ 125 11 DREAM 100 CRYPTON 105 D VED","RETENTOR GARFO BIZ 125 11 DREAM 100 CRYPTON 105 D VED",IRON,"Retentores",MOTOCICLO
185359,"RETENTOR GARFO XR 200 NX 350 KIT","RETENTOR GARFO XR 200 NX 350 KIT","RETENTOR GARFO XR 200 NX 350 KIT",IRON,"Retentores",MOTOCICLO
196805,"RETENTOR EMBREAGEM CG/NXR 150","RETENTOR EMBREAGEM CG/NXR 150","RETENTOR EMBREAGEM CG/NXR 150",IRON,"Retentores",MOTOCICLO
196806,"RETENTOR GARFO XTZ 125/NX 150/XLX 250","RETENTOR GARFO XTZ 125/NX 150/XLX 250","RETENTOR GARFO XTZ 125/NX 150/XLX 250",IRON,"Retentores",MOTOCICLO
185322,"RETENTOR PINHÃO CRYPTON 115","RETENTOR PINHÃO CRYPTON 115","RETENTOR PINHÃO CRYPTON 115",IRON,"Retentores",MOTOCICLO
196514,"RETENTOR PARTIDA CG BIZ 125/150","RETENTOR PARTIDA CG BIZ 125/150","RETENTOR PARTIDA CG BIZ 125/150",IRON,"Retentores",MOTOCICLO
45610,"RETENTOR MARCHA YS 250 FAZER XTZ 250 LANDER","RETENTOR MARCHA YS 250 FAZER XTZ 250 LANDER","RETENTOR MARCHA YS 250 FAZER XTZ 250 LANDER",IRON,"Retentores",MOTOCICLO
196357,"RETENTOR GARFO CG 125 BIZ 100 D VED","RETENTOR GARFO CG 125 BIZ 100 D VED","RETENTOR GARFO CG 125 BIZ 100 D VED",IRON,"Retentores",MOTOCICLO
179296,"RETENTOR MARCHA CG CBX/NX 125 150/200","RETENTOR MARCHA CG CBX/NX 125 150/200","RETENTOR MARCHA CG CBX/NX 125 150/200",IRON,"Retentores",MOTOCICLO
41661,"93","93","93",IRON,"Geral",MOTOCICLO
45601,"RETENTOR","RETENTOR","RETENTOR",IRON,"Retentores",MOTOCICLO
176233,"RETENTOR GARFO YBR/YES RD 125/135 YS 150 FAZER D VED","RETENTOR GARFO YBR/YES RD 125/135 YS 150 FAZER D VED","RETENTOR GARFO YBR/YES RD 125/135 YS 150 FAZER D VED",IRON,"Retentores",MOTOCICLO
8474,"RETENTOR MARCHA BIZ DREAM POP 100/125","RETENTOR MARCHA BIZ DREAM POP 100/125","RETENTOR MARCHA BIZ DREAM POP 100/125",IRON,"Retentores",MOTOCICLO
176277,"RETENTOR MARCHA CG NXR 150 06/09","RETENTOR MARCHA CG NXR 150 06/09","RETENTOR MARCHA CG NXR 150 06/09",IRON,"Retentores",MOTOCICLO
176278,"RETENTOR GARFO CBX 250 CB 500/XR 200 DUPLA VED.","RETENTOR GARFO CBX 250 CB 500/XR 200 DUPLA VED.","RETENTOR GARFO CBX 250 CB 500/XR 200 DUPLA VED.",IRON,"Retentores",MOTOCICLO
187874,"RETENTOR MARCHA YES KATANA 125","RETENTOR MARCHA YES KATANA 125","RETENTOR MARCHA YES KATANA 125",IRON,"Retentores",MOTOCICLO
176276,"RETENTOR MESA CG 125","RETENTOR MESA CG 125","RETENTOR MESA CG 125",IRON,"Retentores",MOTOCICLO
176275,"RETENTOR PARTIDA BIZ DREAM POP 100/110","RETENTOR PARTIDA BIZ DREAM POP 100/110","RETENTOR PARTIDA BIZ DREAM POP 100/110",IRON,"Retentores",MOTOCICLO
201668,"RETENTOR RODA TRAS CBX 250 XLR 125/NX/XR 200","RETENTOR RODA TRAS CBX 250 XLR 125/NX/XR 200","RETENTOR RODA TRAS CBX 250 XLR 125/NX/XR 200",IRON,"Retentores",MOTOCICLO
202228,"RETENTOR MARCHA YBR XTZ/DT/RD RDZ 125/135/180","RETENTOR MARCHA YBR XTZ/DT/RD RDZ 125/135/180","RETENTOR MARCHA YBR XTZ/DT/RD RDZ 125/135/180",IRON,"Retentores",MOTOCICLO
185434,"RETENTOR PARTIDA YBR XTZ 125/DT 200","RETENTOR PARTIDA YBR XTZ 125/DT 200","RETENTOR PARTIDA YBR XTZ 125/DT 200",IRON,"Retentores",MOTOCICLO
187415,"RETENTOR RODA TRAS. CG 125","RETENTOR RODA TRAS. CG 125","RETENTOR RODA TRAS. CG 125",IRON,"Retentores",MOTOCICLO
187416,"RETENTOR PINHAO YBR YS 150 FAZER XTZ 150 CROSSER","RETENTOR PINHAO YBR YS 150 FAZER XTZ 150 CROSSER","RETENTOR PINHAO YBR YS 150 FAZER XTZ 150 CROSSER",IRON,"Retentores",MOTOCICLO
187868,"RETENTOR DIFERENCIAL TRAS. DIR. QUADRICICLO FOURTRAX 420","RETENTOR DIFERENCIAL TRAS. DIR. QUADRICICLO FOURTRAX 420","RETENTOR DIFERENCIAL TRAS. DIR. QUADRICICLO FOURTRAX 420",IRON,"Retentores",MOTOCICLO
201722,"RETENTOR MOTOR PARTIDA CG BIZ 150/125","RETENTOR MOTOR PARTIDA CG BIZ 150/125","RETENTOR MOTOR PARTIDA CG BIZ 150/125",IRON,"Retentores",MOTOCICLO
201680,"KIT RETENTOR MESA CG 125 82/99 BORRACHA","KIT RETENTOR MESA CG 125 82/99 BORRACHA","KIT RETENTOR MESA CG 125 82/99 BORRACHA",IRON,"Retentores",MOTOCICLO
201677,"RETENTOR DIFERENAL TRAS. LAT QUADRICICLO FOURTRAX 420","RETENTOR DIFERENAL TRAS. LAT QUADRICICLO FOURTRAX 420","RETENTOR DIFERENAL TRAS. LAT QUADRICICLO FOURTRAX 420",IRON,"Retentores",MOTOCICLO
201734,"RETENTOR GARFO YS 250 FAZER 12/17 GSD 500 D VED","RETENTOR GARFO YS 250 FAZER 12/17 GSD 500 D VED","RETENTOR GARFO YS 250 FAZER 12/17 GSD 500 D VED",IRON,"Retentores",MOTOCICLO
201720,"RETENTOR ESPELHO FR TRAS. QUADRICICLO FOURTRAX 420 HONDA","RETENTOR ESPELHO FR TRAS. QUADRICICLO FOURTRAX 420 HONDA","RETENTOR ESPELHO FR TRAS. QUADRICICLO FOURTRAX 420 HONDA",IRON,"Retentores",MOTOCICLO
201739,"RETENTOR MARCHA BIZ POP 110I","RETENTOR MARCHA BIZ POP 110I","RETENTOR MARCHA BIZ POP 110I",IRON,"Retentores",MOTOCICLO
201741,"RETENTOR GARFO YS 250 FAZER 18 XTZ 250 LANDER 20 KIT D VED","RETENTOR GARFO YS 250 FAZER 18 XTZ 250 LANDER 20 KIT D VED","RETENTOR GARFO YS 250 FAZER 18 XTZ 250 LANDER 20 KIT D VED",IRON,"Retentores",MOTOCICLO
187864,"RETENTOR RODA TRAS NXR 125/150","RETENTOR RODA TRAS NXR 125/150","RETENTOR RODA TRAS NXR 125/150",IRON,"Retentores",MOTOCICLO
187855,"RETENTOR RODA DIANT. INT. QUADRICICLO FOURTRAX 420 08/13 HON","RETENTOR RODA DIANT. INT. QUADRICICLO FOURTRAX 420 08/13 HONDA","RETENTOR RODA DIANT. INT. QUADRICICLO FOURTRAX 420 08/13 HONDA",IRON,"Retentores",MOTOCICLO
187849,"RETENTOR GAR YBR YES/125/YS KIT D. VE","RETENTOR GAR YBR YES/125/YS KIT D. VE","RETENTOR GAR YBR YES/125/YS KIT D. VE",IRON,"Retentores",MOTOCICLO
187847,"RETENTOR DIFERENCIAL DIANT. LAT QUADRICICLO FOURTRAX 420","RETENTOR DIFERENCIAL DIANT. LAT QUADRICICLO FOURTRAX 420","RETENTOR DIFERENCIAL DIANT. LAT QUADRICICLO FOURTRAX 420",IRON,"Retentores",MOTOCICLO
187859,"GUARDA PÓ BENG XTZ 125","GUARDA PÓ BENG XTZ 125","GUARDA PÓ BENG XTZ 125",IRON,"Retentores/Proteção",MOTOCICLO
187857,"RETENTOR GAR XRE/XR XTZ 250 KIT","RETENTOR GAR XRE/XR XTZ 250 KIT","RETENTOR GAR XRE/XR XTZ 250 KIT",IRON,"Retentores",MOTOCICLO
187853,"GUARDA PÓ COLUNA DIRECAO NXR 125/150/160 XR 200 / 250 INF","GUARDA PÓ COLUNA DIRECAO NXR 125/150/160 XR 200 / 250 INF","GUARDA PÓ COLUNA DIRECAO NXR 125/150/160 XR 200 / 250 INF",IRON,"Retentores/Proteção",MOTOCICLO
187862,"RETENTOR TAMPA TAMBOR FR. QUADRICICLO FOURTRAX 420 14 HONDA","RETENTOR TAMPA TAMBOR FR. QUADRICICLO FOURTRAX 420 14 HONDA","RETENTOR TAMPA TAMBOR FR. QUADRICICLO FOURTRAX 420 14 HONDA",IRON,"Retentores",MOTOCICLO
187872,"BUCHA T CABECOTE CG 150/CBX XR 250","BUCHA T CABECOTE CG 150/CBX XR 250","BUCHA T CABECOTE CG 150/CBX XR 250",IRON,"Borrachas/Buchas",MOTOCICLO
187866,"GUARDA PÓ BALANÇA CG FAN 125/150/160 09/22","GUARDA PÓ BALANÇA CG FAN 125/150/160 09/22","GUARDA PÓ BALANÇA CG FAN 125/150/160 09/22",IRON,"Retentores/Proteção",MOTOCICLO
187870,"GUARDA PÓ COLUNA DIREÇÃO CG 125/150 14/160","GUARDA PÓ COLUNA DIREÇÃO CG 125/150 14/160","GUARDA PÓ COLUNA DIREÇÃO CG 125/150 14/160",IRON,"Retentores/Proteção",MOTOCICLO
25077,"GUARDA PÓ BENGALA BIZ 125/110 11/18","GUARDA PÓ BENGALA BIZ 125/110 11/18","GUARDA PÓ BENGALA BIZ 125/110 11/18",IRON,"Retentores/Proteção",MOTOCICLO
201701,"94","94","94",IRON,"Geral",MOTOCICLO
201708,"RETENTOR","RETENTOR","RETENTOR",IRON,"Retentores",MOTOCICLO
201704,"GUARDA PÓ BENGALA CG/NXR CBX 150/200","GUARDA PÓ BENGALA CG/NXR CBX 150/200","GUARDA PÓ BENGALA CG/NXR CBX 150/200",IRON,"Retentores/Proteção",MOTOCICLO
201746,"GUARDA PÓ BENGALA YBR YES/KATANA 125","GUARDA PÓ BENGALA YBR YES/KATANA 125","GUARDA PÓ BENGALA YBR YES/KATANA 125",IRON,"Retentores/Proteção",MOTOCICLO
201732,"RETENTOR GAR INTRUDER FOSTI 125","RETENTOR GAR INTRUDER FOSTI 125","RETENTOR GAR INTRUDER FOSTI 125",IRON,"Retentores",MOTOCICLO
201730,"RETENTOR RODA D EXT QUADRI 13 HONDA","RETENTOR RODA D EXT QUADRI 13 HONDA","RETENTOR RODA D EXT QUADRI 13 HONDA",IRON,"Retentores",MOTOCICLO
201744,"RETENTOR DIFERENCIAL TRAS ESQ QUADRICICLO FOURTRAX 420 08-13","RETENTOR DIFERENCIAL TRAS ESQ QUADRICICLO FOURTRAX 420 08-13","RETENTOR DIFERENCIAL TRAS ESQ QUADRICICLO FOURTRAX 420 08-13",IRON,"Retentores",MOTOCICLO
201682,"RETENTOR VIR/YBR/XTZ 125 DIR","RETENTOR VIR/YBR/XTZ 125 DIR","RETENTOR VIR/YBR/XTZ 125 DIR",IRON,"Retentores",MOTOCICLO
201737,"95","95","95",IRON,"Geral",MOTOCICLO
201697,"ANEL / VARETA","ANEL / VARETA","ANEL / VARETA",IRON,"Anéis/Motor",MOTOCICLO
201716,"ANEL ESCAPE BIZ 100/125","ANEL ESCAPE BIZ 100/125","ANEL ESCAPE BIZ 100/125",IRON,"Anéis/Motor",MOTOCICLO
201726,"ANEL ESCAPE CG 125/150","ANEL ESCAPE CG 125/150","ANEL ESCAPE CG 125/150",IRON,"Anéis/Motor",MOTOCICLO
201749,"ANEL T GERADOR GRANDE 30MM","ANEL T GERADOR GRANDE 30MM","ANEL T GERADOR GRANDE 30MM",IRON,"Anéis/Motor",MOTOCICLO
201712,"ANEL T VALVULA YBR / XTZ 125","ANEL T VALVULA YBR / XTZ 125","ANEL T VALVULA YBR / XTZ 125",IRON,"Anéis/Motor",MOTOCICLO
201724,"ANEL COLETOR ADMISSAO CG 125/FAN 83/08","ANEL COLETOR ADMISSAO CG 125/FAN 83/08","ANEL COLETOR ADMISSAO CG 125/FAN 83/08",IRON,"Anéis/Motor",MOTOCICLO
183058,"ANEL VARETA OLEO CG 125-150","ANEL VARETA OLEO CG 125-150","ANEL VARETA OLEO CG 125-150",IRON,"Anéis/Motor",MOTOCICLO
183060,"ANEL PARAFUSO BENGALA CG 150","ANEL PARAFUSO BENGALA CG 150","ANEL PARAFUSO BENGALA CG 150",IRON,"Anéis/Motor",MOTOCICLO
196354,"ANEL T VÁLVULA BIZ 125","ANEL T VÁLVULA BIZ 125","ANEL T VÁLVULA BIZ 125",IRON,"Anéis/Motor",MOTOCICLO
187851,"ANEL EIXO BRAÇO OSCILANTE CG 125","ANEL EIXO BRAÇO OSCILANTE CG 125","ANEL EIXO BRAÇO OSCILANTE CG 125",IRON,"Anéis/Motor",MOTOCICLO
23793,"ANEL BUJÃO ÓLEO CG 125","ANEL BUJÃO ÓLEO CG 125","ANEL BUJÃO ÓLEO CG 125",IRON,"Anéis/Motor",MOTOCICLO
23781,"ANEL EIXO ÁRVORE COMANDO CG 125","ANEL EIXO ÁRVORE COMANDO CG 125","ANEL EIXO ÁRVORE COMANDO CG 125",IRON,"Anéis/Motor",MOTOCICLO
23779,"ANEL EIXO BRAÇO OSCILANTE CG 125","ANEL EIXO BRAÇO OSCILANTE CG 125","ANEL EIXO BRAÇO OSCILANTE CG 125",IRON,"Anéis/Motor",MOTOCICLO
23741,"ANEL MESA MAGNETO BIZ 100 ES","ANEL MESA MAGNETO BIZ 100 ES","ANEL MESA MAGNETO BIZ 100 ES",IRON,"Anéis/Motor",MOTOCICLO
24535,"ANEL PINO EMPUXO CG 125 83/99","ANEL PINO EMPUXO CG 125 83/99","ANEL PINO EMPUXO CG 125 83/99",IRON,"Anéis/Motor",MOTOCICLO
23752,"ANEL T OHC XL ML/CBX/NXR/NX XR 125/150/200","ANEL T OHC XL ML/CBX/NXR/NX XR 125/150/200","ANEL T OHC XL ML/CBX/NXR/NX XR 125/150/200",IRON,"Anéis/Motor",MOTOCICLO
23766,"ANEL T VÁLVULA BIZ/DREAM POP 100 JONNY HYPE 50","ANEL T VÁLVULA BIZ/DREAM POP 100 JONNY HYPE 50","ANEL T VÁLVULA BIZ/DREAM POP 100 JONNY HYPE 50",IRON,"Anéis/Motor",MOTOCICLO
23749,"ANEIS SEG. CG 125 92/01 075","ANEIS SEG. CG 125 92/01 075","ANEIS SEG. CG 125 92/01 075",IRON,"Geral",MOTOCICLO
23742,"VARETA ÓLEO CBX XR 250 CB XRE 300","VARETA ÓLEO CBX XR 250 CB XRE 300","VARETA ÓLEO CBX XR 250 CB XRE 300",IRON,"Geral",MOTOCICLO
23772,"VARETA ÓLEO CG 160","VARETA ÓLEO CG 160","VARETA ÓLEO CG 160",IRON,"Geral",MOTOCICLO
23763,"VARETA ÓLEO SHINERAY XY 50-Q","VARETA ÓLEO SHINERAY XY 50-Q","VARETA ÓLEO SHINERAY XY 50-Q",IRON,"Geral",MOTOCICLO
23774,"VARETA ÓLEO YBR XTZ 125","VARETA ÓLEO YBR XTZ 125","VARETA ÓLEO YBR XTZ 125",IRON,"Geral",MOTOCICLO
23739,"VARETA ÓLEO BIZ 100 13/15 POP / BIZ 110I","VARETA ÓLEO BIZ 100 13/15 POP / BIZ 110I","VARETA ÓLEO BIZ 100 13/15 POP / BIZ 110I",IRON,"Geral",MOTOCICLO
23764,"VARETA ÓLEO PCX 150 14/18","VARETA ÓLEO PCX 150 14/18","VARETA ÓLEO PCX 150 14/18",IRON,"Geral",MOTOCICLO
23748,"VARETA ÓLEO CG 125 00/08","VARETA ÓLEO CG 125 00/08","VARETA ÓLEO CG 125 00/08",IRON,"Geral",MOTOCICLO
23759,"VARETA ÓLEO CG 150","VARETA ÓLEO CG 150","VARETA ÓLEO CG 150",IRON,"Geral",MOTOCICLO
23760,"VARETA ÓLEO PHEONIX GOLD 50 GOLD","VARETA ÓLEO PHEONIX GOLD 50 GOLD","VARETA ÓLEO PHEONIX GOLD 50 GOLD",IRON,"Geral",MOTOCICLO
23794,"VARETA ÓLEO BIZ/DREAM POP 100","VARETA ÓLEO BIZ/DREAM POP 100","VARETA ÓLEO BIZ/DREAM POP 100",IRON,"Geral",MOTOCICLO
23743,"96","96","96",IRON,"Geral",MOTOCICLO
23784,"CARENAGEM","CARENAGEM","CARENAGEM",IRON,"Carenagem",MOTOCICLO
23798,"172","172","172",IRON,"Geral",MOTOCICLO
23756,"CARENAGEM F JET 50 PRETO FOSCO","CARENAGEM F JET 50 PRETO FOSCO","CARENAGEM F JET 50 PRETO FOSCO",IRON,"Carenagem",MOTOCICLO
23790,"CARENAGEM F JET 50/50 X 125 X VERMELHA","CARENAGEM F JET 50/50 X 125 X VERMELHA","CARENAGEM F JET 50/50 X 125 X VERMELHA",IRON,"Carenagem",MOTOCICLO
23771,"CARENAGEM F JET 50 PRATA","CARENAGEM F JET 50 PRATA","CARENAGEM F JET 50 PRATA",IRON,"Carenagem",MOTOCICLO
23773,"CARENAGEM FAROL PHOENIX 50 PRETA","CARENAGEM FAROL PHOENIX 50 PRETA","CARENAGEM FAROL PHOENIX 50 PRETA",IRON,"Carenagem",MOTOCICLO
24534,"CARENAGEM F JET 50 VERDE","CARENAGEM F JET 50 VERDE","CARENAGEM F JET 50 VERDE",IRON,"Carenagem",MOTOCICLO
23768,"CARENAGEM F PHOENIX GOLD 50 VERMELHA","CARENAGEM F PHOENIX GOLD 50 VERMELHA","CARENAGEM F PHOENIX GOLD 50 VERMELHA",IRON,"Carenagem",MOTOCICLO
23761,"CARENAGEM F PHOENIX 50 AZUL","CARENAGEM F PHOENIX 50 AZUL","CARENAGEM F PHOENIX 50 AZUL",IRON,"Carenagem",MOTOCICLO
23762,"CARENAGEM F PHOENIX 50 PRATA","CARENAGEM F PHOENIX 50 PRATA","CARENAGEM F PHOENIX 50 PRATA",IRON,"Carenagem",MOTOCICLO
23745,"170","170","170",IRON,"Geral",MOTOCICLO
23799,"CARENAGEM F JET 50/50 X 125 X PRETA","CARENAGEM F JET 50/50 X 125 X PRETA","CARENAGEM F JET 50/50 X 125 X PRETA",IRON,"Carenagem",MOTOCICLO
23792,"CARENAGEM F JET 50/50 X 125 X BRANCA","CARENAGEM F JET 50/50 X 125 X BRANCA","CARENAGEM F JET 50/50 X 125 X BRANCA",IRON,"Carenagem",MOTOCICLO
23755,"CARENAGEM JET 50 BRANCA","CARENAGEM JET 50 BRANCA","CARENAGEM JET 50 BRANCA",IRON,"Carenagem",MOTOCICLO
23795,"CARENAGEM JET 50 PRETA","CARENAGEM JET 50 PRETA","CARENAGEM JET 50 PRETA",IRON,"Carenagem",MOTOCICLO
13125,"CARENAGEM JET 50 X 125X PRATA","CARENAGEM JET 50 X 125X PRATA","CARENAGEM JET 50 X 125X PRATA",IRON,"Carenagem",MOTOCICLO
23770,"CARENAGEM JET 50 X 125X PRETA","CARENAGEM JET 50 X 125X PRETA","CARENAGEM JET 50 X 125X PRETA",IRON,"Carenagem",MOTOCICLO
23754,"CARENAGEM JET 50 X 125X VERMELHA","CARENAGEM JET 50 X 125X VERMELHA","CARENAGEM JET 50 X 125X VERMELHA",IRON,"Carenagem",MOTOCICLO
23767,"CARENAGEM JET 50 X/125X BRANCA","CARENAGEM JET 50 X/125X BRANCA","CARENAGEM JET 50 X/125X BRANCA",IRON,"Carenagem",MOTOCICLO
23783,"CARENAGEM JET 50 PRETO FOSCO","CARENAGEM JET 50 PRETO FOSCO","CARENAGEM JET 50 PRETO FOSCO",IRON,"Carenagem",MOTOCICLO
23758,"CARENAGEM JET 50 PRATA","CARENAGEM JET 50 PRATA","CARENAGEM JET 50 PRATA",IRON,"Carenagem",MOTOCICLO
120156,"CARENAGEM JET 50 VERDE","CARENAGEM JET 50 VERDE","CARENAGEM JET 50 VERDE",IRON,"Carenagem",MOTOCICLO
23782,"CARENAGEM JET 50 VERMELHA","CARENAGEM JET 50 VERMELHA","CARENAGEM JET 50 VERMELHA",IRON,"Carenagem",MOTOCICLO
23746,"CARENAGEM LAT. PHOENIX GOLD 50 EXT. ESQ. PRATA","CARENAGEM LAT. PHOENIX GOLD 50 EXT. ESQ. PRATA","CARENAGEM LAT. PHOENIX GOLD 50 EXT. ESQ. PRATA",IRON,"Carenagem",MOTOCICLO
23780,"CARENAGEM LAT. PHOENIX GOLD 50 EXT ESQ VERMELHO","CARENAGEM LAT. PHOENIX GOLD 50 EXT ESQ VERMELHO","CARENAGEM LAT. PHOENIX GOLD 50 EXT ESQ VERMELHO",IRON,"Carenagem",MOTOCICLO
23747,"CARENAGEM LAT PHOENIX GOLD 50 EXT DIR VERMELHO","CARENAGEM LAT PHOENIX GOLD 50 EXT DIR VERMELHO","CARENAGEM LAT PHOENIX GOLD 50 EXT DIR VERMELHO",IRON,"Carenagem",MOTOCICLO
23789,"CARENAGEM LAT PHOENIX GOLD 50 EXT ESQ PRETA","CARENAGEM LAT PHOENIX GOLD 50 EXT ESQ PRETA","CARENAGEM LAT PHOENIX GOLD 50 EXT ESQ PRETA",IRON,"Carenagem",MOTOCICLO
23788,"CARENAGEM LAT. PHOENIX GOLD 50 EXT. DIR. AZUL","CARENAGEM LAT. PHOENIX GOLD 50 EXT. DIR. AZUL","CARENAGEM LAT. PHOENIX GOLD 50 EXT. DIR. AZUL",IRON,"Carenagem",MOTOCICLO
189206,"CARENAGEM LAT. PHOENIX GOLD 50 EXT. DIR. PRATA","CARENAGEM LAT. PHOENIX GOLD 50 EXT. DIR. PRATA","CARENAGEM LAT. PHOENIX GOLD 50 EXT. DIR. PRATA",IRON,"Carenagem",MOTOCICLO
189200,"CARENAGEM LAT. PHOENIX GOLD 50 EXT. DIR. PRETA","CARENAGEM LAT. PHOENIX GOLD 50 EXT. DIR. PRETA","CARENAGEM LAT. PHOENIX GOLD 50 EXT. DIR. PRETA",IRON,"Carenagem",MOTOCICLO
189180,"CARENAGEM LAT. PHOENIX GOLD 50 EXT. ESQ. AZUL","CARENAGEM LAT. PHOENIX GOLD 50 EXT. ESQ. AZUL","CARENAGEM LAT. PHOENIX GOLD 50 EXT. ESQ. AZUL",IRON,"Carenagem",MOTOCICLO
189202,"CARENAGEM LAT PHOENIX GOLD 50 INT. ESQ. AZUL","CARENAGEM LAT PHOENIX GOLD 50 INT. ESQ. AZUL","CARENAGEM LAT PHOENIX GOLD 50 INT. ESQ. AZUL",IRON,"Carenagem",MOTOCICLO
23791,"CARENAGEM LAT PHOENIX GOLD 50 INT ESQ VERM","CARENAGEM LAT PHOENIX GOLD 50 INT ESQ VERM","CARENAGEM LAT PHOENIX GOLD 50 INT ESQ VERM",IRON,"Carenagem",MOTOCICLO
189190,"CARENAGEM LAT. PHOENIX GOLD 50 INT. DIR. AZUL","CARENAGEM LAT. PHOENIX GOLD 50 INT. DIR. AZUL","CARENAGEM LAT. PHOENIX GOLD 50 INT. DIR. AZUL",IRON,"Carenagem",MOTOCICLO
189208,"CARENAGEM LAT PHOENIX GOLD 50 INT ESQ PRETA","CARENAGEM LAT PHOENIX GOLD 50 INT ESQ PRETA","CARENAGEM LAT PHOENIX GOLD 50 INT ESQ PRETA",IRON,"Carenagem",MOTOCICLO
189174,"97","97","97",IRON,"Geral",MOTOCICLO
189173,"CARENAGEM","CARENAGEM","CARENAGEM",IRON,"Carenagem",MOTOCICLO
23787,"CARENAGEM LAT PHOENIX GOLD 50 INT. DIR. PRATA","CARENAGEM LAT PHOENIX GOLD 50 INT. DIR. PRATA","CARENAGEM LAT PHOENIX GOLD 50 INT. DIR. PRATA",IRON,"Carenagem",MOTOCICLO
189171,"CARENAGEM LAT PHOENIX GOLD 50 INT. DIR. VERMELHA","CARENAGEM LAT PHOENIX GOLD 50 INT. DIR. VERMELHA","CARENAGEM LAT PHOENIX GOLD 50 INT. DIR. VERMELHA",IRON,"Carenagem",MOTOCICLO
189212,"CARENAGEM LATERAL PHOENIX GOLD 50 INTERNA DIREITA PRETA","CARENAGEM LATERAL PHOENIX GOLD 50 INTERNA DIREITA PRETA","CARENAGEM LATERAL PHOENIX GOLD 50 INTERNA DIREITA PRETA",IRON,"Carenagem",MOTOCICLO
189189,"CARENAGEM LAT. PHOENIX GOLD 50 INT. ESQ. PRATA","CARENAGEM LAT. PHOENIX GOLD 50 INT. ESQ. PRATA","CARENAGEM LAT. PHOENIX GOLD 50 INT. ESQ. PRATA",IRON,"Carenagem",MOTOCICLO
23786,"PARALAMA DIAN.T JET 50 PRATA","PARALAMA DIAN.T JET 50 PRATA","PARALAMA DIAN.T JET 50 PRATA",IRON,"Carenagem",MOTOCICLO
119900,"PARALAMA DIANT. PHOENIX GOLD 50 PRATA","PARALAMA DIANT. PHOENIX GOLD 50 PRATA","PARALAMA DIANT. PHOENIX GOLD 50 PRATA",IRON,"Carenagem",MOTOCICLO
200700,"PARALAMA DIANT. PHOENIX GOLD 50 PRETO","PARALAMA DIANT. PHOENIX GOLD 50 PRETO","PARALAMA DIANT. PHOENIX GOLD 50 PRETO",IRON,"Carenagem",MOTOCICLO
200688,"PARALAMA DIANT. PHOENIX GOLD 50 VERMELHO","PARALAMA DIANT. PHOENIX GOLD 50 VERMELHO","PARALAMA DIANT. PHOENIX GOLD 50 VERMELHO",IRON,"Carenagem",MOTOCICLO
23735,"164","164","164",IRON,"Geral",MOTOCICLO
23737,"PARALAMA DIANT. JET 50/50 X 125 X BRANCO","PARALAMA DIANT. JET 50/50 X 125 X BRANCO","PARALAMA DIANT. JET 50/50 X 125 X BRANCO",IRON,"Carenagem",MOTOCICLO
23777,"PARALAMA DIANTEIRO JET 50 PRETO FOSCO","PARALAMA DIANTEIRO JET 50 PRETO FOSCO","PARALAMA DIANTEIRO JET 50 PRETO FOSCO",IRON,"Carenagem",MOTOCICLO
189178,"PARALAMA DIANT. JET 50/50X/125X VERMELHO","PARALAMA DIANT. JET 50/50X/125X VERMELHO","PARALAMA DIANT. JET 50/50X/125X VERMELHO",IRON,"Carenagem",MOTOCICLO
23776,"PARALAMA DIANTEIRO JET 50 VERDE","PARALAMA DIANTEIRO JET 50 VERDE","PARALAMA DIANTEIRO JET 50 VERDE",IRON,"Carenagem",MOTOCICLO
23744,"27","27","27",IRON,"Geral",MOTOCICLO
189188,"PARALAMA DIANTEIRO JET 50/50 X 125 X PRETO","PARALAMA DIANTEIRO JET 50/50 X 125 X PRETO","PARALAMA DIANTEIRO JET 50/50 X 125 X PRETO",IRON,"Carenagem",MOTOCICLO
23778,"PARALAMA DIANT. PHOENIX GOLD 50 AZUL","PARALAMA DIANT. PHOENIX GOLD 50 AZUL","PARALAMA DIANT. PHOENIX GOLD 50 AZUL",IRON,"Carenagem",MOTOCICLO
23785,"RABETA JET 50 DIR. BRANCA","RABETA JET 50 DIR. BRANCA","RABETA JET 50 DIR. BRANCA",IRON,"Carenagem",MOTOCICLO
23765,"RABETA JET 50 ESQ. BRANCA","RABETA JET 50 ESQ. BRANCA","RABETA JET 50 ESQ. BRANCA",IRON,"Carenagem",MOTOCICLO
200711,"RABETA JET 50 X DIR VERMELHA","RABETA JET 50 X DIR VERMELHA","RABETA JET 50 X DIR VERMELHA",IRON,"Carenagem",MOTOCICLO
23750,"RABETA JET 50 X DIR PRETA","RABETA JET 50 X DIR PRETA","RABETA JET 50 X DIR PRETA",IRON,"Carenagem",MOTOCICLO
200717,"RABETA JET 50 X DIR BRANCA","RABETA JET 50 X DIR BRANCA","RABETA JET 50 X DIR BRANCA",IRON,"Carenagem",MOTOCICLO
200693,"RABETA JET 50 S DIR BRANCA","RABETA JET 50 S DIR BRANCA","RABETA JET 50 S DIR BRANCA",IRON,"Carenagem",MOTOCICLO
200697,"RABETA JET 50 X ESQ VERMELHA","RABETA JET 50 X ESQ VERMELHA","RABETA JET 50 X ESQ VERMELHA",IRON,"Carenagem",MOTOCICLO
200708,"RABETA JET 50 X ESQ PRETA","RABETA JET 50 X ESQ PRETA","RABETA JET 50 X ESQ PRETA",IRON,"Carenagem",MOTOCICLO
200721,"RABETA JET 50 X ESQ BRANCA","RABETA JET 50 X ESQ BRANCA","RABETA JET 50 X ESQ BRANCA",IRON,"Carenagem",MOTOCICLO
189183,"RABETA JET 50 S ESQ BRANCA","RABETA JET 50 S ESQ BRANCA","RABETA JET 50 S ESQ BRANCA",IRON,"Carenagem",MOTOCICLO
23736,"165","165","165",IRON,"Geral",MOTOCICLO
189186,"RABETA JET 50 ESQ. PRETA","RABETA JET 50 ESQ. PRETA","RABETA JET 50 ESQ. PRETA",IRON,"Carenagem",MOTOCICLO
23751,"RABETA JET 50 DIR PRETA","RABETA JET 50 DIR PRETA","RABETA JET 50 DIR PRETA",IRON,"Carenagem",MOTOCICLO
23753,"RABETA JET 50 DIR. PRETO FOSCO","RABETA JET 50 DIR. PRETO FOSCO","RABETA JET 50 DIR. PRETO FOSCO",IRON,"Carenagem",MOTOCICLO
23769,"RABETA JET 50 ESQ. PRETO FOSCO","RABETA JET 50 ESQ. PRETO FOSCO","RABETA JET 50 ESQ. PRETO FOSCO",IRON,"Carenagem",MOTOCICLO
23796,"RABETA JET 50 DIR. PRATA","RABETA JET 50 DIR. PRATA","RABETA JET 50 DIR. PRATA",IRON,"Carenagem",MOTOCICLO
23775,"98","98","98",IRON,"Geral",MOTOCICLO
23738,"CARENAGEM 166 RABETA JET 50 DIR. VERMELHA","CARENAGEM 166 RABETA JET 50 DIR. VERMELHA","CARENAGEM 166 RABETA JET 50 DIR. VERMELHA",IRON,"Carenagem",MOTOCICLO
40382,"RABETA JET 50 ESQ. VERMELHA","RABETA JET 50 ESQ. VERMELHA","RABETA JET 50 ESQ. VERMELHA",IRON,"Carenagem",MOTOCICLO
40381,"RABETA PHOENIX GOLD 50 ESQ. PRATA","RABETA PHOENIX GOLD 50 ESQ. PRATA","RABETA PHOENIX GOLD 50 ESQ. PRATA",IRON,"Carenagem",MOTOCICLO
202161,"RABETA PHOENIX GOLD 50 DIR. PRATA","RABETA PHOENIX GOLD 50 DIR. PRATA","RABETA PHOENIX GOLD 50 DIR. PRATA",IRON,"Carenagem",MOTOCICLO
40390,"RABETA PHOENIX GOLD 50 ESQ PRETA","RABETA PHOENIX GOLD 50 ESQ PRETA","RABETA PHOENIX GOLD 50 ESQ PRETA",IRON,"Carenagem",MOTOCICLO
40389,"RABETA PHOENIX GOLD 50 DIREITA PRETA","RABETA PHOENIX GOLD 50 DIREITA PRETA","RABETA PHOENIX GOLD 50 DIREITA PRETA",IRON,"Carenagem",MOTOCICLO
40388,"RABETA PHOENIX GOLD 50 DIR. AZUL","RABETA PHOENIX GOLD 50 DIR. AZUL","RABETA PHOENIX GOLD 50 DIR. AZUL",IRON,"Carenagem",MOTOCICLO
40387,"RABETA PHOENIX GOLD 50 ESQ. AZUL","RABETA PHOENIX GOLD 50 ESQ. AZUL","RABETA PHOENIX GOLD 50 ESQ. AZUL",IRON,"Carenagem",MOTOCICLO
202159,"TAMPA LAT. PHOENIX 50 DIR. PRATA","TAMPA LAT. PHOENIX 50 DIR. PRATA","TAMPA LAT. PHOENIX 50 DIR. PRATA",IRON,"Geral",MOTOCICLO
40385,"TAMPA LAT PHOENIX GOLD 50 DIR VERMELHO","TAMPA LAT PHOENIX GOLD 50 DIR VERMELHO","TAMPA LAT PHOENIX GOLD 50 DIR VERMELHO",IRON,"Geral",MOTOCICLO
202160,"TAMPA LAT. PHOENIX 50 DIR. AZUL","TAMPA LAT. PHOENIX 50 DIR. AZUL","TAMPA LAT. PHOENIX 50 DIR. AZUL",IRON,"Geral",MOTOCICLO
40383,"TAMPA LAT. PHOENIX 50 DIR. PRETA","TAMPA LAT. PHOENIX 50 DIR. PRETA","TAMPA LAT. PHOENIX 50 DIR. PRETA",IRON,"Geral",MOTOCICLO
45403,"TAMPA GARFO PHOENIX 50 DIR. AZUL","TAMPA GARFO PHOENIX 50 DIR. AZUL","TAMPA GARFO PHOENIX 50 DIR. AZUL",IRON,"Suspensão",MOTOCICLO
176473,"TAMPA GARFO PHOENIX 50 DIR. PRATA","TAMPA GARFO PHOENIX 50 DIR. PRATA","TAMPA GARFO PHOENIX 50 DIR. PRATA",IRON,"Suspensão",MOTOCICLO
201958,"TAMPA GARFO PHOENIX 50 DIR. PRETA","TAMPA GARFO PHOENIX 50 DIR. PRETA","TAMPA GARFO PHOENIX 50 DIR. PRETA",IRON,"Suspensão",MOTOCICLO
201955,"RABETA PHOENIX GOLD 50 DIREITA VERMELHA","RABETA PHOENIX GOLD 50 DIREITA VERMELHA","RABETA PHOENIX GOLD 50 DIREITA VERMELHA",IRON,"Carenagem",MOTOCICLO
13615,"TAMPA GARFO PHOENIX 50 ESQ. AZUL","TAMPA GARFO PHOENIX 50 ESQ. AZUL","TAMPA GARFO PHOENIX 50 ESQ. AZUL",IRON,"Suspensão",MOTOCICLO
45400,"TAMPA GARFO PHOENIX 50 ESQ. PRATA","TAMPA GARFO PHOENIX 50 ESQ. PRATA","TAMPA GARFO PHOENIX 50 ESQ. PRATA",IRON,"Suspensão",MOTOCICLO
201959,"TAMPA GARFO PHOENIX 50 ESQ. PRETA","TAMPA GARFO PHOENIX 50 ESQ. PRETA","TAMPA GARFO PHOENIX 50 ESQ. PRETA",IRON,"Suspensão",MOTOCICLO
201956,"TAMPA GARFO PHOENIX 50 ESQ. VERMELHA","TAMPA GARFO PHOENIX 50 ESQ. VERMELHA","TAMPA GARFO PHOENIX 50 ESQ. VERMELHA",IRON,"Suspensão",MOTOCICLO
24199,"CARENAGEM PHOENIX GOLD 50 AZUL","CARENAGEM PHOENIX GOLD 50 AZUL","CARENAGEM PHOENIX GOLD 50 AZUL",IRON,"Carenagem",MOTOCICLO
176474,"CARENAGEM PHOENIX GOLD 50 PRETA","CARENAGEM PHOENIX GOLD 50 PRETA","CARENAGEM PHOENIX GOLD 50 PRETA",IRON,"Carenagem",MOTOCICLO
201953,"CARENAGEM PHOENIX GOLD 50 PRATA","CARENAGEM PHOENIX GOLD 50 PRATA","CARENAGEM PHOENIX GOLD 50 PRATA",IRON,"Carenagem",MOTOCICLO
201943,"CARENAGEM PHOENIX GOLD 50 VERMELHA","CARENAGEM PHOENIX GOLD 50 VERMELHA","CARENAGEM PHOENIX GOLD 50 VERMELHA",IRON,"Carenagem",MOTOCICLO
45402,"RABETA CENTRAL PHOENIX GOLD 50 AZUL","RABETA CENTRAL PHOENIX GOLD 50 AZUL","RABETA CENTRAL PHOENIX GOLD 50 AZUL",IRON,"Carenagem",MOTOCICLO
45401,"RABETA CENTRAL PHOENIX GOLD 50 PRATA","RABETA CENTRAL PHOENIX GOLD 50 PRATA","RABETA CENTRAL PHOENIX GOLD 50 PRATA",IRON,"Carenagem",MOTOCICLO
201965,"RABETA CENTRAL JET 50 50 X/125 X","RABETA CENTRAL JET 50 50 X/125 X","RABETA CENTRAL JET 50 50 X/125 X",IRON,"Carenagem",MOTOCICLO
188279,"CARENAGEM CENTRAL SUP JET 50","CARENAGEM CENTRAL SUP JET 50","CARENAGEM CENTRAL SUP JET 50",IRON,"Carenagem",MOTOCICLO
45404,"CARENAGEM CENTRAL SUP JET 50 X/125 X","CARENAGEM CENTRAL SUP JET 50 X/125 X","CARENAGEM CENTRAL SUP JET 50 X/125 X",IRON,"Carenagem",MOTOCICLO
45407,"BOLHA CARENAGEM JET 50X/125X","BOLHA CARENAGEM JET 50X/125X","BOLHA CARENAGEM JET 50X/125X",IRON,"Carenagem",MOTOCICLO
45405,"TAMPA GARFO PHOENIX 50 DIR. VERMELHA","TAMPA GARFO PHOENIX 50 DIR. VERMELHA","TAMPA GARFO PHOENIX 50 DIR. VERMELHA",IRON,"Suspensão",MOTOCICLO
45408,"ACABAMENTO CARENAGEM FRONTAL JET 50 X-125 X","ACABAMENTO CARENAGEM FRONTAL JET 50 X-125 X","ACABAMENTO CARENAGEM FRONTAL JET 50 X-125 X",IRON,"Carenagem",MOTOCICLO
201954,"99","99","99",IRON,"Geral",MOTOCICLO
45406,"CARENAGEM","CARENAGEM","CARENAGEM",IRON,"Carenagem",MOTOCICLO
45409,"CARENAGEM CENTRAL SUP. PHOENIX GOLD 50","CARENAGEM CENTRAL SUP. PHOENIX GOLD 50","CARENAGEM CENTRAL SUP. PHOENIX GOLD 50",IRON,"Carenagem",MOTOCICLO
196248,"CARENAGEM CENTRAL INF SHINERAY XY 50 ES PRETA","CARENAGEM CENTRAL INF SHINERAY XY 50 ES PRETA","CARENAGEM CENTRAL INF SHINERAY XY 50 ES PRETA",IRON,"Carenagem",MOTOCICLO
123229,"CARENAGEM JET 50 X/125 X INTERNA DIR","CARENAGEM JET 50 X/125 X INTERNA DIR","CARENAGEM JET 50 X/125 X INTERNA DIR",IRON,"Carenagem",MOTOCICLO
123200,"CARENAGEM JET 50 X 125 X INTERNA ESQ","CARENAGEM JET 50 X 125 X INTERNA ESQ","CARENAGEM JET 50 X 125 X INTERNA ESQ",IRON,"Carenagem",MOTOCICLO
17680,"275","275","275",IRON,"Geral",MOTOCICLO
119065,"272","272","272",IRON,"Geral",MOTOCICLO
23403,"CARENAGEM JET 50 INTERNA DIR.","CARENAGEM JET 50 INTERNA DIR.","CARENAGEM JET 50 INTERNA DIR.",IRON,"Carenagem",MOTOCICLO
194057,"TAMPA GUIDÃO JET 50X/125X","TAMPA GUIDÃO JET 50X/125X","TAMPA GUIDÃO JET 50X/125X",IRON,"Chassi/Guidão",MOTOCICLO
180370,"211","211","211",IRON,"Geral",MOTOCICLO
199705,"218","218","218",IRON,"Geral",MOTOCICLO
179706,"TAMPA GUIDÃO PHOENIX GOLD 50","TAMPA GUIDÃO PHOENIX GOLD 50","TAMPA GUIDÃO PHOENIX GOLD 50",IRON,"Chassi/Guidão",MOTOCICLO
350259,"TAMPA LATERAL JET 50 DIREITA","TAMPA LATERAL JET 50 DIREITA","TAMPA LATERAL JET 50 DIREITA",IRON,"Geral",MOTOCICLO
350262,"TAMPA LAT. JET 50 ESQ.","TAMPA LAT. JET 50 ESQ.","TAMPA LAT. JET 50 ESQ.",IRON,"Geral",MOTOCICLO
350263,"TAMPA CENTRAL JET 50/50 X/125 X","TAMPA CENTRAL JET 50/50 X/125 X","TAMPA CENTRAL JET 50/50 X/125 X",IRON,"Elétrica/Central",MOTOCICLO
350265,"CARENAGEM JET 50 INTERNA ESQ","CARENAGEM JET 50 INTERNA ESQ","CARENAGEM JET 50 INTERNA ESQ",IRON,"Carenagem",MOTOCICLO
350267,"TAMPA GUIDÃO JET 50","TAMPA GUIDÃO JET 50","TAMPA GUIDÃO JET 50",IRON,"Chassi/Guidão",MOTOCICLO
350268,"168","168","168",IRON,"Geral",MOTOCICLO
350269,"COMPLEMENTO CARENAGEM FRONTAL JET 50 X 125 X DIR","COMPLEMENTO CARENAGEM FRONTAL JET 50 X 125 X DIR","COMPLEMENTO CARENAGEM FRONTAL JET 50 X 125 X DIR",IRON,"Carenagem",MOTOCICLO
350270,"COMPLEMENTO CARENAGEM FRONTAL JET 50 X 125 X ESQ","COMPLEMENTO CARENAGEM FRONTAL JET 50 X 125 X ESQ","COMPLEMENTO CARENAGEM FRONTAL JET 50 X 125 X ESQ",IRON,"Carenagem",MOTOCICLO
350272,"ACABAMENTO COLUNA DE DIREÇÃO JET 50","ACABAMENTO COLUNA DE DIREÇÃO JET 50","ACABAMENTO COLUNA DE DIREÇÃO JET 50",IRON,"Geral",MOTOCICLO
350273,"CAIXA INTERNA PORTA OBJETOS PHOENIX GOLD 50","CAIXA INTERNA PORTA OBJETOS PHOENIX GOLD 50","CAIXA INTERNA PORTA OBJETOS PHOENIX GOLD 50",IRON,"Geral",MOTOCICLO
350274,"CAIXA INTERNA CAPACETE JET 50","CAIXA INTERNA CAPACETE JET 50","CAIXA INTERNA CAPACETE JET 50",IRON,"Geral",MOTOCICLO
350276,"CAIXA DE FERRAMENTAS PHOENIX/JONNY HYPE 50/110","CAIXA DE FERRAMENTAS PHOENIX/JONNY HYPE 50/110","CAIXA DE FERRAMENTAS PHOENIX/JONNY HYPE 50/110",IRON,"Geral",MOTOCICLO
350277,"CAPA TANQUE JET 50/50 X 125 X","CAPA TANQUE JET 50/50 X 125 X","CAPA TANQUE JET 50/50 X 125 X",IRON,"Geral",MOTOCICLO
350280,"SUPORTE BATERIA JET 50/50X/125X","SUPORTE BATERIA JET 50/50X/125X","SUPORTE BATERIA JET 50/50X/125X",IRON,"Chassi/Suportes",MOTOCICLO
350281,"CAIXA BATERIA PHOENIX GOLD 50","CAIXA BATERIA PHOENIX GOLD 50","CAIXA BATERIA PHOENIX GOLD 50",IRON,"Geral",MOTOCICLO
350282,"CARCAÇA FILTRO AR JET 50/50 X/125 X COMPLETO","CARCAÇA FILTRO AR JET 50/50 X/125 X COMPLETO","CARCAÇA FILTRO AR JET 50/50 X/125 X COMPLETO",IRON,"Carenagem/Motor",MOTOCICLO
350283,"CARCAÇA FILTRO AR PHOENIX GOLD 50/ JONNY/HYPE 50 COMPLETO","CARCAÇA FILTRO AR PHOENIX GOLD 50/ JONNY/HYPE 50 COMPLETO","CARCAÇA FILTRO AR PHOENIX GOLD 50/ JONNY/HYPE 50 COMPLETO",IRON,"Carenagem/Motor",MOTOCICLO
350284,"CARCAÇA ACELERADOR JET 50/50 X 125 X","CARCAÇA ACELERADOR JET 50/50 X 125 X","CARCAÇA ACELERADOR JET 50/50 X 125 X",IRON,"Carenagem/Motor",MOTOCICLO
350285,"414","414","414",IRON,"Geral",MOTOCICLO
350286,"ABA PARALAMA DIANTEIRO JET 50/50 X 125 X","ABA PARALAMA DIANTEIRO JET 50/50 X 125 X","ABA PARALAMA DIANTEIRO JET 50/50 X 125 X",IRON,"Carenagem",MOTOCICLO
350287,"PARALAMA TRAS PHOENIX GOLD 50 HYPE 50","PARALAMA TRAS PHOENIX GOLD 50 HYPE 50","PARALAMA TRAS PHOENIX GOLD 50 HYPE 50",IRON,"Carenagem",MOTOCICLO
350288,"PARALAMA TRAS. PHOENIX/HYPE 50 INTERNO","PARALAMA TRAS. PHOENIX/HYPE 50 INTERNO","PARALAMA TRAS. PHOENIX/HYPE 50 INTERNO",IRON,"Carenagem",MOTOCICLO
350289,"PARALAMA TRASEIRO JET 50/50 X 125 X","PARALAMA TRASEIRO JET 50/50 X 125 X","PARALAMA TRASEIRO JET 50/50 X 125 X",IRON,"Carenagem",MOTOCICLO
350290,"ACABAMENTO CARENAGEM INT JET 50 X 125X ESQ","ACABAMENTO CARENAGEM INT JET 50 X 125X ESQ","ACABAMENTO CARENAGEM INT JET 50 X 125X ESQ",IRON,"Carenagem",MOTOCICLO
350260,"ACABAMENTO CARENAGEM INT JET 50 X 125X DIR","ACABAMENTO CARENAGEM INT JET 50 X 125X DIR","ACABAMENTO CARENAGEM INT JET 50 X 125X DIR",IRON,"Carenagem",MOTOCICLO
350261,"ACABAMENTO CAR INT JET 50 DIR","ACABAMENTO CAR INT JET 50 DIR","ACABAMENTO CAR INT JET 50 DIR",IRON,"Geral",MOTOCICLO
350264,"ACABAMENTO CAR INT JET 50 ESQ","ACABAMENTO CAR INT JET 50 ESQ","ACABAMENTO CAR INT JET 50 ESQ",IRON,"Geral",MOTOCICLO
350266,"100","100","100",IRON,"Geral",MOTOCICLO
350271,"ACABAMENTO / SUPORTE / BUCHA / PINO / ARO FAROL","ACABAMENTO / SUPORTE / BUCHA / PINO / ARO FAROL","ACABAMENTO / SUPORTE / BUCHA / PINO / ARO FAROL",IRON,"Chassi/Suportes",MOTOCICLO
350275,"EMBLEMA FRONTAL JET 50 X/125 X","EMBLEMA FRONTAL JET 50 X/125 X","EMBLEMA FRONTAL JET 50 X/125 X",IRON,"Geral",MOTOCICLO
350278,"GRADE VENTILAÇÃO RABETA JET 50/50 X 125 X DIR","GRADE VENTILAÇÃO RABETA JET 50/50 X 125 X DIR","GRADE VENTILAÇÃO RABETA JET 50/50 X 125 X DIR",IRON,"Carenagem",MOTOCICLO
350249,"GRADE VENTILAÇÃO RABETA JET 50/50 X 125 X ESQ","GRADE VENTILAÇÃO RABETA JET 50/50 X 125 X ESQ","GRADE VENTILAÇÃO RABETA JET 50/50 X 125 X ESQ",IRON,"Carenagem",MOTOCICLO
350252,"PROTETOR ESCAPE T JET 50","PROTETOR ESCAPE T JET 50","PROTETOR ESCAPE T JET 50",IRON,"Geral",MOTOCICLO
350254,"SUPORTE CARE. D. JET 50 ESQ","SUPORTE CARE. D. JET 50 ESQ","SUPORTE CARE. D. JET 50 ESQ",IRON,"Chassi/Suportes",MOTOCICLO
350255,"SUPORTE CARE. D. JET 50 DIR","SUPORTE CARE. D. JET 50 DIR","SUPORTE CARE. D. JET 50 DIR",IRON,"Chassi/Suportes",MOTOCICLO
350256,"SUPORTE CARE. INT. PHOENIX 50","SUPORTE CARE. INT. PHOENIX 50","SUPORTE CARE. INT. PHOENIX 50",IRON,"Chassi/Suportes",MOTOCICLO
350257,"SUPORTE DIANT. RABETA PHOENIX 50","SUPORTE DIANT. RABETA PHOENIX 50","SUPORTE DIANT. RABETA PHOENIX 50",IRON,"Chassi/Suportes",MOTOCICLO
350258,"SUPORTE TAMPA LAT. JET 50 DIR.","SUPORTE TAMPA LAT. JET 50 DIR.","SUPORTE TAMPA LAT. JET 50 DIR.",IRON,"Chassi/Suportes",MOTOCICLO
123230,"SUPORTE TAMPA LAT JET 50 ESQ","SUPORTE TAMPA LAT JET 50 ESQ","SUPORTE TAMPA LAT JET 50 ESQ",IRON,"Chassi/Suportes",MOTOCICLO
350244,"PRESILHA SUPORTE BATERIA JET 50","PRESILHA SUPORTE BATERIA JET 50","PRESILHA SUPORTE BATERIA JET 50",IRON,"Chassi/Suportes",MOTOCICLO
350245,"SUPORTE PARALAMA DIANT. CG 150 14 / 160","SUPORTE PARALAMA DIANT. CG 150 14 / 160","SUPORTE PARALAMA DIANT. CG 150 14 / 160",IRON,"Chassi/Suportes",MOTOCICLO
350247,"SUPORTE PARALAMA DIANT CG 125 00/13","SUPORTE PARALAMA DIANT CG 125 00/13","SUPORTE PARALAMA DIANT CG 125 00/13",IRON,"Chassi/Suportes",MOTOCICLO
350248,"SUPORTE PARALAMA DIANT. CG 150 09/13","SUPORTE PARALAMA DIANT. CG 150 09/13","SUPORTE PARALAMA DIANT. CG 150 09/13",IRON,"Chassi/Suportes",MOTOCICLO
123231,"SUPORTE PARALAMA DIANT CG 150 14/160","SUPORTE PARALAMA DIANT CG 150 14/160","SUPORTE PARALAMA DIANT CG 150 14/160",IRON,"Chassi/Suportes",MOTOCICLO
350243,"SUPORTE RABETA CG 125 90/99","SUPORTE RABETA CG 125 90/99","SUPORTE RABETA CG 125 90/99",IRON,"Chassi/Suportes",MOTOCICLO
350246,"SUPORTE PARALAMA DIANT CG 150 04/08","SUPORTE PARALAMA DIANT CG 150 04/08","SUPORTE PARALAMA DIANT CG 150 04/08",IRON,"Chassi/Suportes",MOTOCICLO
350250,"SUPORTE PARALAMA DIANT YBR125 09/15 /YS150 YBR125I / 150","SUPORTE PARALAMA DIANT YBR125 09/15 /YS150 YBR125I / 150","SUPORTE PARALAMA DIANT YBR125 09/15 /YS150 YBR125I / 150",IRON,"Chassi/Suportes",MOTOCICLO
350251,"SUPORTE PISCA NXR 150 09/14 NXR 125 13/14 TRAS DIR","SUPORTE PISCA NXR 150 09/14 NXR 125 13/14 TRAS DIR","SUPORTE PISCA NXR 150 09/14 NXR 125 13/14 TRAS DIR",IRON,"Chassi/Suportes",MOTOCICLO
350253,"SUPORTE PISCA NXR 150 09/14 NXR 125 13/14 TRAS ESQ","SUPORTE PISCA NXR 150 09/14 NXR 125 13/14 TRAS ESQ","SUPORTE PISCA NXR 150 09/14 NXR 125 13/14 TRAS ESQ",IRON,"Chassi/Suportes",MOTOCICLO
194690,"SUPORTE PISCA NXR 150 14 TRAS ESQ","SUPORTE PISCA NXR 150 14 TRAS ESQ","SUPORTE PISCA NXR 150 14 TRAS ESQ",IRON,"Chassi/Suportes",MOTOCICLO
173293,"SUPORTE PISCA NXR 150 14 TRAS DIR","SUPORTE PISCA NXR 150 14 TRAS DIR","SUPORTE PISCA NXR 150 14 TRAS DIR",IRON,"Chassi/Suportes",MOTOCICLO
178748,"BUCHA CARENAGEM PERNA BIZ 100 99/05 DIR","BUCHA CARENAGEM PERNA BIZ 100 99/05 DIR","BUCHA CARENAGEM PERNA BIZ 100 99/05 DIR",IRON,"Borrachas/Buchas",MOTOCICLO
24484,"BUCHA CARENAGEM PERNA BIZ 100 99/05 ESQ","BUCHA CARENAGEM PERNA BIZ 100 99/05 ESQ","BUCHA CARENAGEM PERNA BIZ 100 99/05 ESQ",IRON,"Borrachas/Buchas",MOTOCICLO
2010,"PINO TRAVA TAMPA LAT BIZ 100 13 CG 125/150 14 DIR","PINO TRAVA TAMPA LAT BIZ 100 13 CG 125/150 14 DIR","PINO TRAVA TAMPA LAT BIZ 100 13 CG 125/150 14 DIR",IRON,"Ignição/Travas",MOTOCICLO
178749,"ARO FAROL YBR 125 09 FACTOR PRETO","ARO FAROL YBR 125 09 FACTOR PRETO","ARO FAROL YBR 125 09 FACTOR PRETO",IRON,"Rodas e Pneus",MOTOCICLO
24482,"SUP. PLACA JET 50/50 X 125 X IRON","SUP. PLACA JET 50/50 X 125 X IRON","SUP. PLACA JET 50/50 X 125 X IRON",IRON,"Embreagem/Partida",MOTOCICLO
178751,"101","101","101",IRON,"Geral",MOTOCICLO
178750,"TELA / FILTRO","TELA / FILTRO","TELA / FILTRO",IRON,"Filtros",MOTOCICLO
178747,"TELA FILTRO AR CG 125 83/99","TELA FILTRO AR CG 125 83/99","TELA FILTRO AR CG 125 83/99",IRON,"Filtros",MOTOCICLO
24486,"FILTRO GASOLINA UNIVERSAL","FILTRO GASOLINA UNIVERSAL","FILTRO GASOLINA UNIVERSAL",IRON,"Filtros",MOTOCICLO
24483,"FILTRO ÓLEO CG 125","FILTRO ÓLEO CG 125","FILTRO ÓLEO CG 125",IRON,"Filtros",MOTOCICLO
178746,"FILTRO ÓLEO PHOENIX GOLD 50 JET 50","FILTRO ÓLEO PHOENIX GOLD 50 JET 50","FILTRO ÓLEO PHOENIX GOLD 50 JET 50",IRON,"Filtros",MOTOCICLO
194684,"FILTRO ÓLEO YBR XTZ 125","FILTRO ÓLEO YBR XTZ 125","FILTRO ÓLEO YBR XTZ 125",IRON,"Filtros",MOTOCICLO
17778,"FILTRO ÓLEO CG NXR 150","FILTRO ÓLEO CG NXR 150","FILTRO ÓLEO CG NXR 150",IRON,"Filtros",MOTOCICLO
194683,"FILTRO ÓLEO YS 150 FAZER/XTZ 150 CROOSER","FILTRO ÓLEO YS 150 FAZER/XTZ 150 CROOSER","FILTRO ÓLEO YS 150 FAZER/XTZ 150 CROOSER",IRON,"Filtros",MOTOCICLO
194700,"FILTRO ÓLEO YS 250 FAZER XTZ 250 LANDER","FILTRO ÓLEO YS 250 FAZER XTZ 250 LANDER","FILTRO ÓLEO YS 250 FAZER XTZ 250 LANDER",IRON,"Filtros",MOTOCICLO
26027,"FILTRO ÓLEO CB 400/450","FILTRO ÓLEO CB 400/450","FILTRO ÓLEO CB 400/450",IRON,"Filtros",MOTOCICLO
194695,"FILTRO ÓLEO BURGMAN/YES CRUISER GF/KATANA 125","FILTRO ÓLEO BURGMAN/YES CRUISER GF/KATANA 125","FILTRO ÓLEO BURGMAN/YES CRUISER GF/KATANA 125",IRON,"Filtros",MOTOCICLO
194682,"FILTRO ÓLEO CBX XR/XLX/CB/XRE NX 250/300/350/400","FILTRO ÓLEO CBX XR/XLX/CB/XRE NX 250/300/350/400","FILTRO ÓLEO CBX XR/XLX/CB/XRE NX 250/300/350/400",IRON,"Filtros",MOTOCICLO
23850,"FILTRO ÓLEO KAWASAKI NINJA 250","FILTRO ÓLEO KAWASAKI NINJA 250","FILTRO ÓLEO KAWASAKI NINJA 250",IRON,"Filtros",MOTOCICLO
26028,"FILTRO ÓLEO CB 500/VT 600 CB/CBR 600F/1000","FILTRO ÓLEO CB 500/VT 600 CB/CBR 600F/1000","FILTRO ÓLEO CB 500/VT 600 CB/CBR 600F/1000",IRON,"Filtros",MOTOCICLO
173294,"FILTRO OLEO XT 600/660 XV 250","FILTRO OLEO XT 600/660 XV 250","FILTRO OLEO XT 600/660 XV 250",IRON,"Filtros",MOTOCICLO
173295,"FILTRO AR QUADRICICLO FOURTRAX TRX 420 08/13 HONDA","FILTRO AR QUADRICICLO FOURTRAX TRX 420 08/13 HONDA","FILTRO AR QUADRICICLO FOURTRAX TRX 420 08/13 HONDA",IRON,"Filtros",MOTOCICLO
24485,"FILTRO AR QUADRICICLO FOURTRAX TRX 420 14 HONDA","FILTRO AR QUADRICICLO FOURTRAX TRX 420 14 HONDA","FILTRO AR QUADRICICLO FOURTRAX TRX 420 14 HONDA",IRON,"Filtros",MOTOCICLO
194698,"FILTRO AR YS 250 FAZER XTZ 250 TENERE 250 16/17","FILTRO AR YS 250 FAZER XTZ 250 TENERE 250 16/17","FILTRO AR YS 250 FAZER XTZ 250 TENERE 250 16/17",IRON,"Filtros",MOTOCICLO
194699,"FILTRO AR CG 125/150 160 14","FILTRO AR CG 125/150 160 14","FILTRO AR CG 125/150 160 14",IRON,"Filtros",MOTOCICLO
194692,"FILTRO AR BURGMAN 125 07/11","FILTRO AR BURGMAN 125 07/11","FILTRO AR BURGMAN 125 07/11",IRON,"Filtros",MOTOCICLO
194715,"FILTRO AR BURGMAN 125 12","FILTRO AR BURGMAN 125 12","FILTRO AR BURGMAN 125 12",IRON,"Filtros",MOTOCICLO
13902,"FILTRO AR CB 250F","FILTRO AR CB 250F","FILTRO AR CB 250F",IRON,"Filtros",MOTOCICLO
2769,"FILTRO AR XJ6","FILTRO AR XJ6","FILTRO AR XJ6",IRON,"Filtros",MOTOCICLO
173303,"FILTRO AR N-MAX 160","FILTRO AR N-MAX 160","FILTRO AR N-MAX 160",IRON,"Filtros",MOTOCICLO
173296,"FILTRO AR PCX 150 19...","FILTRO AR PCX 150 19...","FILTRO AR PCX 150 19...",IRON,"Filtros",MOTOCICLO
173297,"FILTRO AR BIZ 100 13/15","FILTRO AR BIZ 100 13/15","FILTRO AR BIZ 100 13/15",IRON,"Filtros",MOTOCICLO
173308,"FILTRO AR BIZ 125 06/10","FILTRO AR BIZ 125 06/10","FILTRO AR BIZ 125 06/10",IRON,"Filtros",MOTOCICLO
14901,"FILTRO AR CB 300R","FILTRO AR CB 300R","FILTRO AR CB 300R",IRON,"Filtros",MOTOCICLO
118948,"FILTRO AR CBX 250","FILTRO AR CBX 250","FILTRO AR CBX 250",IRON,"Filtros",MOTOCICLO
16841,"FILTRO AR CRYPTON 115","FILTRO AR CRYPTON 115","FILTRO AR CRYPTON 115",IRON,"Filtros",MOTOCICLO
173301,"FILTRO AR LEAD 110","FILTRO AR LEAD 110","FILTRO AR LEAD 110",IRON,"Filtros",MOTOCICLO
173298,"FILTRO AR NEO AT 115 07/12","FILTRO AR NEO AT 115 07/12","FILTRO AR NEO AT 115 07/12",IRON,"Filtros",MOTOCICLO
122470,"FILTRO AR PCX 150 14/18","FILTRO AR PCX 150 14/18","FILTRO AR PCX 150 14/18",IRON,"Filtros",MOTOCICLO
173306,"102","102","102",IRON,"Geral",MOTOCICLO
121015,"FILTRO / GRADE","FILTRO / GRADE","FILTRO / GRADE",IRON,"Filtros",MOTOCICLO
173365,"FILTRO AR XRE 300","FILTRO AR XRE 300","FILTRO AR XRE 300",IRON,"Filtros",MOTOCICLO
173366,"FILTRO AR XTZ 125","FILTRO AR XTZ 125","FILTRO AR XTZ 125",IRON,"Filtros",MOTOCICLO
173304,"FILTRO AR YS 150 FAZER XTZ 150 CROSSER","FILTRO AR YS 150 FAZER XTZ 150 CROSSER","FILTRO AR YS 150 FAZER XTZ 150 CROSSER",IRON,"Filtros",MOTOCICLO
173300,"FILTRO AR YS 250 FAZER XTZ 250 TENERE 250 05/15","FILTRO AR YS 250 FAZER XTZ 250 TENERE 250 05/15","FILTRO AR YS 250 FAZER XTZ 250 TENERE 250 05/15",IRON,"Filtros",MOTOCICLO
173309,"FILTRO AR YBR 125 00/08 ESPUMA","FILTRO AR YBR 125 00/08 ESPUMA","FILTRO AR YBR 125 00/08 ESPUMA",IRON,"Filtros",MOTOCICLO
173310,"FILTRO AR CG 150 04/08","FILTRO AR CG 150 04/08","FILTRO AR CG 150 04/08",IRON,"Filtros",MOTOCICLO
173305,"FILTRO AR NXR/XRE 125 150/160/190 POP100 CG/125/150 09/13","FILTRO AR NXR/XRE 125 150/160/190 POP100 CG/125/150 09/13","FILTRO AR NXR/XRE 125 150/160/190 POP100 CG/125/150 09/13",IRON,"Filtros",MOTOCICLO
5291,"FILTRO AR CRF 250F 19...","FILTRO AR CRF 250F 19...","FILTRO AR CRF 250F 19...",IRON,"Filtros",MOTOCICLO
28720,"FILTRO AR CRYPTON 105","FILTRO AR CRYPTON 105","FILTRO AR CRYPTON 105",IRON,"Filtros",MOTOCICLO
173299,"FILTRO AR XT 660Z","FILTRO AR XT 660Z","FILTRO AR XT 660Z",IRON,"Filtros",MOTOCICLO
173367,"FILTRO AR NEO 125 17","FILTRO AR NEO 125 17","FILTRO AR NEO 125 17",IRON,"Filtros",MOTOCICLO
194702,"FILTRO AR NEO AT 115 04/06","FILTRO AR NEO AT 115 04/06","FILTRO AR NEO AT 115 04/06",IRON,"Filtros",MOTOCICLO
194701,"FILTRO AR MT 03","FILTRO AR MT 03","FILTRO AR MT 03",IRON,"Filtros",MOTOCICLO
194703,"FILTRO AR CG 125 00/08","FILTRO AR CG 125 00/08","FILTRO AR CG 125 00/08",IRON,"Filtros",MOTOCICLO
194707,"FILTRO AR BIZ 125 11/23","FILTRO AR BIZ 125 11/23","FILTRO AR BIZ 125 11/23",IRON,"Filtros",MOTOCICLO
194705,"FILTRO AR MT 09","FILTRO AR MT 09","FILTRO AR MT 09",IRON,"Filtros",MOTOCICLO
194710,"FILTRO AR YS 250 FZ 18","FILTRO AR YS 250 FZ 18","FILTRO AR YS 250 FZ 18",IRON,"Filtros",MOTOCICLO
197572,"FILTRO AR NX 400","FILTRO AR NX 400","FILTRO AR NX 400",IRON,"Filtros",MOTOCICLO
194714,"FILTRO AR MT 07","FILTRO AR MT 07","FILTRO AR MT 07",IRON,"Filtros",MOTOCICLO
194712,"FILTRO AR BIZ/DREAM 100 SPORT 28 35MM","FILTRO AR BIZ/DREAM 100 SPORT 28 35MM","FILTRO AR BIZ/DREAM 100 SPORT 28 35MM",IRON,"Filtros",MOTOCICLO
173307,"FILTRO AR CG 150/DT180 NX150/200 SPORT 42MM","FILTRO AR CG 150/DT180 NX150/200 SPORT 42MM","FILTRO AR CG 150/DT180 NX150/200 SPORT 42MM",IRON,"Filtros",MOTOCICLO
122457,"GRADE FILTRO AR CG 125 83/99","GRADE FILTRO AR CG 125 83/99","GRADE FILTRO AR CG 125 83/99",IRON,"Filtros",MOTOCICLO
13513,"103","103","103",IRON,"Geral",MOTOCICLO
123212,"FILTRO AR XR 250","FILTRO AR XR 250","FILTRO AR XR 250",IRON,"Filtros",MOTOCICLO
173290,"PAINEL","PAINEL","PAINEL",IRON,"Elétrica/Painel",MOTOCICLO
46653,"PAINEL HUNTER 90","PAINEL HUNTER 90","PAINEL HUNTER 90",IRON,"Elétrica/Painel",MOTOCICLO
194674,"PAINEL BIZ 100 99/01","PAINEL BIZ 100 99/01","PAINEL BIZ 100 99/01",IRON,"Elétrica/Painel",MOTOCICLO
194675,"PAINEL BIZ 125 06/08","PAINEL BIZ 125 06/08","PAINEL BIZ 125 06/08",IRON,"Elétrica/Painel",MOTOCICLO
194680,"PAINEL CB 600 HORNET 11/12","PAINEL CB 600 HORNET 11/12","PAINEL CB 600 HORNET 11/12",IRON,"Elétrica/Painel",MOTOCICLO
194679,"PAINEL BIZ 125 09/10 KS/ES","PAINEL BIZ 125 09/10 KS/ES","PAINEL BIZ 125 09/10 KS/ES",IRON,"Elétrica/Painel",MOTOCICLO
173289,"PAINEL BIZ 125 11/17","PAINEL BIZ 125 11/17","PAINEL BIZ 125 11/17",IRON,"Elétrica/Painel",MOTOCICLO
1309,"PAINEL CB 500","PAINEL CB 500","PAINEL CB 500",IRON,"Elétrica/Painel",MOTOCICLO
7070,"PAINEL CB 600 HORNET 06/08","PAINEL CB 600 HORNET 06/08","PAINEL CB 600 HORNET 06/08",IRON,"Elétrica/Painel",MOTOCICLO
3879,"PAINEL CB 600 HORNET 09/10","PAINEL CB 600 HORNET 09/10","PAINEL CB 600 HORNET 09/10",IRON,"Elétrica/Painel",MOTOCICLO
7140,"PAINEL CBX 200","PAINEL CBX 200","PAINEL CBX 200",IRON,"Elétrica/Painel",MOTOCICLO
9020,"PAINEL CBX 250 06/08","PAINEL CBX 250 06/08","PAINEL CBX 250 06/08",IRON,"Elétrica/Painel",MOTOCICLO
26025,"PAINEL CG 125 00/04","PAINEL CG 125 00/04","PAINEL CG 125 00/04",IRON,"Elétrica/Painel",MOTOCICLO
173291,"PAINEL AN 125 BURGMAN","PAINEL AN 125 BURGMAN","PAINEL AN 125 BURGMAN",IRON,"Elétrica/Painel",MOTOCICLO
173292,"PAINEL BIZ 125 06/08 MAIS","PAINEL BIZ 125 06/08 MAIS","PAINEL BIZ 125 06/08 MAIS",IRON,"Elétrica/Painel",MOTOCICLO
121917,"PAINEL CB 300R","PAINEL CB 300R","PAINEL CB 300R",IRON,"Elétrica/Painel",MOTOCICLO
45598,"PAINEL CG 150 09/10 ESD AZUL","PAINEL CG 150 09/10 ESD AZUL","PAINEL CG 150 09/10 ESD AZUL",IRON,"Elétrica/Painel",MOTOCICLO
194676,"PAINEL GSX 650 BANDIT 09","PAINEL GSX 650 BANDIT 09","PAINEL GSX 650 BANDIT 09",IRON,"Elétrica/Painel",MOTOCICLO
4164,"PAINEL NXR 150 06/08","PAINEL NXR 150 06/08","PAINEL NXR 150 06/08",IRON,"Elétrica/Painel",MOTOCICLO
24662,"PAINEL CG 150 09/10 ESD MIX VERDE","PAINEL CG 150 09/10 ESD MIX VERDE","PAINEL CG 150 09/10 ESD MIX VERDE",IRON,"Elétrica/Painel",MOTOCICLO
188002,"PAINEL CRYPTON 105 00/09","PAINEL CRYPTON 105 00/09","PAINEL CRYPTON 105 00/09",IRON,"Elétrica/Painel",MOTOCICLO
196304,"PAINEL SHINERAY XY 50-Q","PAINEL SHINERAY XY 50-Q","PAINEL SHINERAY XY 50-Q",IRON,"Elétrica/Painel",MOTOCICLO
45615,"PAINEL XT 225","PAINEL XT 225","PAINEL XT 225",IRON,"Elétrica/Painel",MOTOCICLO
185326,"PAINEL XTZ 125 09","PAINEL XTZ 125 09","PAINEL XTZ 125 09",IRON,"Elétrica/Painel",MOTOCICLO
185327,"PAINEL YS 250 FAZER 09/10","PAINEL YS 250 FAZER 09/10","PAINEL YS 250 FAZER 09/10",IRON,"Elétrica/Painel",MOTOCICLO
185325,"PAINEL CG 125 05/08","PAINEL CG 125 05/08","PAINEL CG 125 05/08",IRON,"Elétrica/Painel",MOTOCICLO
188006,"PAINEL BIZ 125 11/17 EX","PAINEL BIZ 125 11/17 EX","PAINEL BIZ 125 11/17 EX",IRON,"Elétrica/Painel",MOTOCICLO
188000,"PAINEL CG 125 09/10","PAINEL CG 125 09/10","PAINEL CG 125 09/10",IRON,"Elétrica/Painel",MOTOCICLO
184428,"PAINEL CG 150 09 KS/ES AZUL","PAINEL CG 150 09 KS/ES AZUL","PAINEL CG 150 09 KS/ES AZUL",IRON,"Elétrica/Painel",MOTOCICLO
17918,"PAINEL CG 150 09 KS/ES MIX VERDE","PAINEL CG 150 09 KS/ES MIX VERDE","PAINEL CG 150 09 KS/ES MIX VERDE",IRON,"Elétrica/Painel",MOTOCICLO
12705,"PAINEL CG 150 11/13 KS/ES FLEX","PAINEL CG 150 11/13 KS/ES FLEX","PAINEL CG 150 11/13 KS/ES FLEX",IRON,"Elétrica/Painel",MOTOCICLO
184426,"PAINEL CRYPTON 115 10/11","PAINEL CRYPTON 115 10/11","PAINEL CRYPTON 115 10/11",IRON,"Elétrica/Painel",MOTOCICLO
188004,"PAINEL HUNTER 125","PAINEL HUNTER 125","PAINEL HUNTER 125",IRON,"Elétrica/Painel",MOTOCICLO
184430,"104","104","104",IRON,"Geral",MOTOCICLO
196603,"PAINEL","PAINEL","PAINEL",IRON,"Elétrica/Painel",MOTOCICLO
196612,"PAINEL NX 150/200/350","PAINEL NX 150/200/350","PAINEL NX 150/200/350",IRON,"Elétrica/Painel",MOTOCICLO
196609,"PAINEL INTRUDER 125 02/15","PAINEL INTRUDER 125 02/15","PAINEL INTRUDER 125 02/15",IRON,"Elétrica/Painel",MOTOCICLO
196606,"PAINEL JET 50/50 X 125 X","PAINEL JET 50/50 X 125 X","PAINEL JET 50/50 X 125 X",IRON,"Elétrica/Painel",MOTOCICLO
185096,"PAINEL MAX 125 08","PAINEL MAX 125 08","PAINEL MAX 125 08",IRON,"Elétrica/Painel",MOTOCICLO
185098,"PAINEL NXR 125/150 02/05","PAINEL NXR 125/150 02/05","PAINEL NXR 125/150 02/05",IRON,"Elétrica/Painel",MOTOCICLO
188337,"PAINEL NXR 150 09","PAINEL NXR 150 09","PAINEL NXR 150 09",IRON,"Elétrica/Painel",MOTOCICLO
193062,"PAINEL PHOENIX GOLD 50","PAINEL PHOENIX GOLD 50","PAINEL PHOENIX GOLD 50",IRON,"Elétrica/Painel",MOTOCICLO
197043,"PAINEL POP 100 07/12","PAINEL POP 100 07/12","PAINEL POP 100 07/12",IRON,"Elétrica/Painel",MOTOCICLO
201419,"PAINEL XRE 300","PAINEL XRE 300","PAINEL XRE 300",IRON,"Elétrica/Painel",MOTOCICLO
6143,"PAINEL BIZ 100 02/05","PAINEL BIZ 100 02/05","PAINEL BIZ 100 02/05",IRON,"Elétrica/Painel",MOTOCICLO
7609,"PAINEL XTZ 250 LANDER 09","PAINEL XTZ 250 LANDER 09","PAINEL XTZ 250 LANDER 09",IRON,"Elétrica/Painel",MOTOCICLO
4127,"PAINEL YBR 125 00/05 EK/ED","PAINEL YBR 125 00/05 EK/ED","PAINEL YBR 125 00/05 EK/ED",IRON,"Elétrica/Painel",MOTOCICLO
4772,"PAINEL YBR 125 06/08 C/ODOMETRO","PAINEL YBR 125 06/08 C/ODOMETRO","PAINEL YBR 125 06/08 C/ODOMETRO",IRON,"Elétrica/Painel",MOTOCICLO
16861,"PAINEL CG 150 FAN 14","PAINEL CG 150 FAN 14","PAINEL CG 150 FAN 14",IRON,"Elétrica/Painel",MOTOCICLO
13563,"PAINEL CG 160","PAINEL CG 160","PAINEL CG 160",IRON,"Elétrica/Painel",MOTOCICLO
16052,"PAINEL NXR 150 11 FLEX","PAINEL NXR 150 11 FLEX","PAINEL NXR 150 11 FLEX",IRON,"Elétrica/Painel",MOTOCICLO
17618,"PAINEL XTZ 125 03/05","PAINEL XTZ 125 03/05","PAINEL XTZ 125 03/05",IRON,"Elétrica/Painel",MOTOCICLO
4322,"PAINEL NX 400","PAINEL NX 400","PAINEL NX 400",IRON,"Elétrica/Painel",MOTOCICLO
193059,"PAINEL XTZ 125 06/08","PAINEL XTZ 125 06/08","PAINEL XTZ 125 06/08",IRON,"Elétrica/Painel",MOTOCICLO
12073,"PAINEL CG 150 11/13 ESD/EX MIX AZUL","PAINEL CG 150 11/13 ESD/EX MIX AZUL","PAINEL CG 150 11/13 ESD/EX MIX AZUL",IRON,"Elétrica/Painel",MOTOCICLO
13671,"PAINEL CG 150 14","PAINEL CG 150 14","PAINEL CG 150 14",IRON,"Elétrica/Painel",MOTOCICLO
16862,"PAINEL XTZ X-125","PAINEL XTZ X-125","PAINEL XTZ X-125",IRON,"Elétrica/Painel",MOTOCICLO
187048,"PAINEL YBR 125 14 K/E/ED","PAINEL YBR 125 14 K/E/ED","PAINEL YBR 125 14 K/E/ED",IRON,"Elétrica/Painel",MOTOCICLO
24579,"PAINEL AN 125I BURGMAN 14","PAINEL AN 125I BURGMAN 14","PAINEL AN 125I BURGMAN 14",IRON,"Elétrica/Painel",MOTOCICLO
193060,"PAINEL YBR 125 09/10 FACTOR","PAINEL YBR 125 09/10 FACTOR","PAINEL YBR 125 09/10 FACTOR",IRON,"Elétrica/Painel",MOTOCICLO
120561,"PAINEL NXR 160 FLEX ONE","PAINEL NXR 160 FLEX ONE","PAINEL NXR 160 FLEX ONE",IRON,"Elétrica/Painel",MOTOCICLO
46569,"PAINEL NXR 150 14","PAINEL NXR 150 14","PAINEL NXR 150 14",IRON,"Elétrica/Painel",MOTOCICLO
121326,"PAINEL POP 110I","PAINEL POP 110I","PAINEL POP 110I",IRON,"Elétrica/Painel",MOTOCICLO
188342,"PAINEL YES 125","PAINEL YES 125","PAINEL YES 125",IRON,"Elétrica/Painel",MOTOCICLO
193057,"PAINEL XTZ 150 CROSSER 15/16","PAINEL XTZ 150 CROSSER 15/16","PAINEL XTZ 150 CROSSER 15/16",IRON,"Elétrica/Painel",MOTOCICLO
3598,"PAINEL YS 150 FAZER 14/15","PAINEL YS 150 FAZER 14/15","PAINEL YS 150 FAZER 14/15",IRON,"Elétrica/Painel",MOTOCICLO
121327,"105","105","105",IRON,"Geral",MOTOCICLO
201167,"PAINEL / VELOCIMETRO","PAINEL / VELOCIMETRO","PAINEL / VELOCIMETRO",IRON,"Elétrica/Painel",MOTOCICLO
9502,"PAINEL BIZ 100 13/15 ES","PAINEL BIZ 100 13/15 ES","PAINEL BIZ 100 13/15 ES",IRON,"Elétrica/Painel",MOTOCICLO
41244,"PAINEL CBR 250R","PAINEL CBR 250R","PAINEL CBR 250R",IRON,"Elétrica/Painel",MOTOCICLO
23460,"PAINEL CG 125 83/99","PAINEL CG 125 83/99","PAINEL CG 125 83/99",IRON,"Elétrica/Painel",MOTOCICLO
197058,"PAINEL CG 125 FAN 14/15","PAINEL CG 125 FAN 14/15","PAINEL CG 125 FAN 14/15",IRON,"Elétrica/Painel",MOTOCICLO
197059,"PAINEL POP 100 13/15","PAINEL POP 100 13/15","PAINEL POP 100 13/15",IRON,"Elétrica/Painel",MOTOCICLO
45605,"PAINEL WEB 100","PAINEL WEB 100","PAINEL WEB 100",IRON,"Elétrica/Painel",MOTOCICLO
45606,"PAINEL CG 150 04/08 ESD","PAINEL CG 150 04/08 ESD","PAINEL CG 150 04/08 ESD",IRON,"Elétrica/Painel",MOTOCICLO
197057,"PAINEL DAFRA SPEED 150","PAINEL DAFRA SPEED 150","PAINEL DAFRA SPEED 150",IRON,"Elétrica/Painel",MOTOCICLO
197060,"PAINEL XLR 125 XR 200","PAINEL XLR 125 XR 200","PAINEL XLR 125 XR 200",IRON,"Elétrica/Painel",MOTOCICLO
121337,"PAINEL XR 250","PAINEL XR 250","PAINEL XR 250",IRON,"Elétrica/Painel",MOTOCICLO
121328,"PAINEL CB 250F 19/20 ABS","PAINEL CB 250F 19/20 ABS","PAINEL CB 250F 19/20 ABS",IRON,"Elétrica/Painel",MOTOCICLO
7278,"PAINEL YS 250 FAZER 11/12","PAINEL YS 250 FAZER 11/12","PAINEL YS 250 FAZER 11/12",IRON,"Elétrica/Painel",MOTOCICLO
185931,"PAINEL CG 160 18/21","PAINEL CG 160 18/21","PAINEL CG 160 18/21",IRON,"Elétrica/Painel",MOTOCICLO
28555,"PAINEL CG 160 START 16/21","PAINEL CG 160 START 16/21","PAINEL CG 160 START 16/21",IRON,"Elétrica/Painel",MOTOCICLO
13468,"PAINEL NXR 160 18/21","PAINEL NXR 160 18/21","PAINEL NXR 160 18/21",IRON,"Elétrica/Painel",MOTOCICLO
43070,"PAINEL CB 250F 16/18","PAINEL CB 250F 16/18","PAINEL CB 250F 16/18",IRON,"Elétrica/Painel",MOTOCICLO
38663,"PAINEL BIZ 100 13/15 KS","PAINEL BIZ 100 13/15 KS","PAINEL BIZ 100 13/15 KS",IRON,"Elétrica/Painel",MOTOCICLO
38664,"PAINEL FZ 16","PAINEL FZ 16","PAINEL FZ 16",IRON,"Elétrica/Painel",MOTOCICLO
2065,"PAINEL CG 160 22","PAINEL CG 160 22","PAINEL CG 160 22",IRON,"Elétrica/Painel",MOTOCICLO
17669,"PAINEL CG 160 FAN 16/17","PAINEL CG 160 FAN 16/17","PAINEL CG 160 FAN 16/17",IRON,"Elétrica/Painel",MOTOCICLO
28554,"PAINEL BIZ 125 09/10 +","PAINEL BIZ 125 09/10 +","PAINEL BIZ 125 09/10 +",IRON,"Elétrica/Painel",MOTOCICLO
121521,"PAINEL NXR 150 10 FLEX MIX","PAINEL NXR 150 10 FLEX MIX","PAINEL NXR 150 10 FLEX MIX",IRON,"Elétrica/Painel",MOTOCICLO
38662,"PAINEL CG 150 SPORT","PAINEL CG 150 SPORT","PAINEL CG 150 SPORT",IRON,"Elétrica/Painel",MOTOCICLO
2077,"PAINEL NEO AT 115 07","PAINEL NEO AT 115 07","PAINEL NEO AT 115 07",IRON,"Elétrica/Painel",MOTOCICLO
13441,"PAINEL COMP TITAN 150 AZUL 11/13","PAINEL COMP TITAN 150 AZUL 11/13","PAINEL COMP TITAN 150 AZUL 11/13",IRON,"Elétrica/Painel",MOTOCICLO
121520,"PAINEL CG TITAN 150 ESD MIX 09 VERDE","PAINEL CG TITAN 150 ESD MIX 09 VERDE","PAINEL CG TITAN 150 ESD MIX 09 VERDE",IRON,"Elétrica/Painel",MOTOCICLO
2075,"PAINEL CG TITAN 150 KS ES MIX 10/13 VERDE","PAINEL CG TITAN 150 KS ES MIX 10/13 VERDE","PAINEL CG TITAN 150 KS ES MIX 10/13 VERDE",IRON,"Elétrica/Painel",MOTOCICLO
43069,"PAINEL CG 150 04/08 KS FAN 150 10-13","PAINEL CG 150 04/08 KS FAN 150 10-13","PAINEL CG 150 04/08 KS FAN 150 10-13",IRON,"Elétrica/Painel",MOTOCICLO
185405,"VELOCÍMETRO CG 125 09","VELOCÍMETRO CG 125 09","VELOCÍMETRO CG 125 09",IRON,"Geral",MOTOCICLO
42489,"VELOCÍMETRO YBR 125 14 FACTOR","VELOCÍMETRO YBR 125 14 FACTOR","VELOCÍMETRO YBR 125 14 FACTOR",IRON,"Geral",MOTOCICLO
201261,"PAINEL LEAD 110","PAINEL LEAD 110","PAINEL LEAD 110",IRON,"Elétrica/Painel",MOTOCICLO
119781,"VELOCÍMETRO CG 125 83/99","VELOCÍMETRO CG 125 83/99","VELOCÍMETRO CG 125 83/99",IRON,"Geral",MOTOCICLO
17968,"106","106","106",IRON,"Geral",MOTOCICLO
176322,"VELOCIMETRO / ENGRE. VEL / GUIA CABO","VELOCIMETRO / ENGRE. VEL / GUIA CABO","VELOCIMETRO / ENGRE. VEL / GUIA CABO",IRON,"Elétrica/Painel",MOTOCICLO
25520,"VELOCÍMETRO NXR 150 06/08","VELOCÍMETRO NXR 150 06/08","VELOCÍMETRO NXR 150 06/08",IRON,"Geral",MOTOCICLO
188248,"VELOCÍMETRO YBR 125 06/08 EK","VELOCÍMETRO YBR 125 06/08 EK","VELOCÍMETRO YBR 125 06/08 EK",IRON,"Geral",MOTOCICLO
8207,"VELOCÍMETRO CG 150 04/08 ESD","VELOCÍMETRO CG 150 04/08 ESD","VELOCÍMETRO CG 150 04/08 ESD",IRON,"Geral",MOTOCICLO
39784,"VELOCÍMETRO CG 150 09 ESD","VELOCÍMETRO CG 150 09 ESD","VELOCÍMETRO CG 150 09 ESD",IRON,"Geral",MOTOCICLO
182417,"VELOCÍMETRO YBR 125 00/05","VELOCÍMETRO YBR 125 00/05","VELOCÍMETRO YBR 125 00/05",IRON,"Geral",MOTOCICLO
176321,"VELOCÍMETRO CG 150 09 KS/ES","VELOCÍMETRO CG 150 09 KS/ES","VELOCÍMETRO CG 150 09 KS/ES",IRON,"Geral",MOTOCICLO
120811,"VELOCÍMETRO YBR 125 09/13 FACTOR","VELOCÍMETRO YBR 125 09/13 FACTOR","VELOCÍMETRO YBR 125 09/13 FACTOR",IRON,"Geral",MOTOCICLO
176324,"VELOCÍMETRO CG 125 00/08","VELOCÍMETRO CG 125 00/08","VELOCÍMETRO CG 125 00/08",IRON,"Geral",MOTOCICLO
23383,"ENGRE. VEL. YBR 125 ED COMPLETO","ENGRE. VEL. YBR 125 ED COMPLETO","ENGRE. VEL. YBR 125 ED COMPLETO",IRON,"Geral",MOTOCICLO
23382,"ENGRE. VEL. CBX 250 COMPLETO","ENGRE. VEL. CBX 250 COMPLETO","ENGRE. VEL. CBX 250 COMPLETO",IRON,"Geral",MOTOCICLO
119909,"ENGRE. VEL. AN 125 BURGMAN 05/10 COMP.","ENGRE. VEL. AN 125 BURGMAN 05/10 COMP.","ENGRE. VEL. AN 125 BURGMAN 05/10 COMP.",IRON,"Geral",MOTOCICLO
201975,"ENGRE VEL PHOENIX+ 50 WEB 100 COMP.","ENGRE VEL PHOENIX+ 50 WEB 100 COMP.","ENGRE VEL PHOENIX+ 50 WEB 100 COMP.",IRON,"Geral",MOTOCICLO
176422,"ENGRE. VEL. JET 50 KIT","ENGRE. VEL. JET 50 KIT","ENGRE. VEL. JET 50 KIT",IRON,"Geral",MOTOCICLO
176427,"ENGRE. VEL. NXR 150 ESD 03/09 COMPLETO","ENGRE. VEL. NXR 150 ESD 03/09 COMPLETO","ENGRE. VEL. NXR 150 ESD 03/09 COMPLETO",IRON,"Geral",MOTOCICLO
176425,"ENGRE VEL AN 125I BURGMAN 11... COMPLETO","ENGRE VEL AN 125I BURGMAN 11... COMPLETO","ENGRE VEL AN 125I BURGMAN 11... COMPLETO",IRON,"Geral",MOTOCICLO
188267,"ENGRE VEL CRYPTON 115 10/16 ED NEO AT 115/125 COMPLETO","ENGRE VEL CRYPTON 115 10/16 ED NEO AT 115/125 COMPLETO","ENGRE VEL CRYPTON 115 10/16 ED NEO AT 115/125 COMPLETO",IRON,"Geral",MOTOCICLO
176424,"ENGRE. VEL. XR 250/NX 400 COMPLETO","ENGRE. VEL. XR 250/NX 400 COMPLETO","ENGRE. VEL. XR 250/NX 400 COMPLETO",IRON,"Geral",MOTOCICLO
176428,"ENGRE. VEL. YES 125 COMP.","ENGRE. VEL. YES 125 COMP.","ENGRE. VEL. YES 125 COMP.",IRON,"Geral",MOTOCICLO
176431,"ENGRE. VEL. XTZ 125 XT 225/600 COMP","ENGRE. VEL. XTZ 125 XT 225/600 COMP","ENGRE. VEL. XTZ 125 XT 225/600 COMP",IRON,"Geral",MOTOCICLO
201982,"ENGRE. VEL. YBR 125 09/13 ED COMP","ENGRE. VEL. YBR 125 09/13 ED COMP","ENGRE. VEL. YBR 125 09/13 ED COMP",IRON,"Geral",MOTOCICLO
10377,"ENGRE. VEL. CG 125 ES CBX 200 KIT","ENGRE. VEL. CG 125 ES CBX 200 KIT","ENGRE. VEL. CG 125 ES CBX 200 KIT",IRON,"Geral",MOTOCICLO
201989,"ENGRE. VEL. CG 150 ESD 04/08 COMPLETA","ENGRE. VEL. CG 150 ESD 04/08 COMPLETA","ENGRE. VEL. CG 150 ESD 04/08 COMPLETA",IRON,"Geral",MOTOCICLO
201983,"ENGRE. VEL. XRE 300 C/SENSOR","ENGRE. VEL. XRE 300 C/SENSOR","ENGRE. VEL. XRE 300 C/SENSOR",IRON,"Elétrica/Sensores",MOTOCICLO
201985,"ENGRE. VEL. CB 300R C/ SENSOR","ENGRE. VEL. CB 300R C/ SENSOR","ENGRE. VEL. CB 300R C/ SENSOR",IRON,"Elétrica/Sensores",MOTOCICLO
201987,"ENGRE. VEL. CG 125 83/99 KIT","ENGRE. VEL. CG 125 83/99 KIT","ENGRE. VEL. CG 125 83/99 KIT",IRON,"Geral",MOTOCICLO
201992,"ENGRE. VEL. CG 150 KS/ES KIT FERRO","ENGRE. VEL. CG 150 KS/ES KIT FERRO","ENGRE. VEL. CG 150 KS/ES KIT FERRO",IRON,"Geral",MOTOCICLO
201988,"ENGRE. VEL. CG 125 KS BIZ 100 KIT FERRO","ENGRE. VEL. CG 125 KS BIZ 100 KIT FERRO","ENGRE. VEL. CG 125 KS BIZ 100 KIT FERRO",IRON,"Geral",MOTOCICLO
201990,"ENGRE VEL. PHOENIX GOLD 50 SHINERAY XY 50-Q","ENGRE VEL. PHOENIX GOLD 50 SHINERAY XY 50-Q","ENGRE VEL. PHOENIX GOLD 50 SHINERAY XY 50-Q",IRON,"Geral",MOTOCICLO
201993,"ENGRE. VEL. NXR/XLR/XLS 125 COMPLETO","ENGRE. VEL. NXR/XLR/XLS 125 COMPLETO","ENGRE. VEL. NXR/XLR/XLS 125 COMPLETO",IRON,"Geral",MOTOCICLO
201994,"ENGRE. VEL. YBR 125 EK KIT FERRO","ENGRE. VEL. YBR 125 EK KIT FERRO","ENGRE. VEL. YBR 125 EK KIT FERRO",IRON,"Geral",MOTOCICLO
201996,"GUIA CABO VELOCIMETRO NXR 125/150/160","GUIA CABO VELOCIMETRO NXR 125/150/160","GUIA CABO VELOCIMETRO NXR 125/150/160",IRON,"Elétrica/Painel",MOTOCICLO
176426,"107","107","107",IRON,"Geral",MOTOCICLO
201984,"ENGRE. VEL. BIZ 125/POP 100/FAN 150 KIT","ENGRE. VEL. BIZ 125/POP 100/FAN 150 KIT","ENGRE. VEL. BIZ 125/POP 100/FAN 150 KIT",IRON,"Geral",MOTOCICLO
201991,"MANETE","MANETE","MANETE",IRON,"Manetes/Manicotos",MOTOCICLO
119779,"MANETE YBR 125 09 EMBREAGEM CROMADO","MANETE YBR 125 09 EMBREAGEM CROMADO","MANETE YBR 125 09 EMBREAGEM CROMADO",IRON,"Manetes/Manicotos",MOTOCICLO
176430,"MANETE EMBREAGEM PHOENIX GOLD 50","MANETE EMBREAGEM PHOENIX GOLD 50","MANETE EMBREAGEM PHOENIX GOLD 50",IRON,"Manetes/Manicotos",MOTOCICLO
176429,"MANETE FR PHOENIX 50","MANETE FR PHOENIX 50","MANETE FR PHOENIX 50",IRON,"Manetes/Manicotos",MOTOCICLO
176423,"MANETE FREIO YBR 125 T MINI PRETO","MANETE FREIO YBR 125 T MINI PRETO","MANETE FREIO YBR 125 T MINI PRETO",IRON,"Manetes/Manicotos",MOTOCICLO
176432,"MANETE JET 50 FREIO DISCO PRETO SHINERAY","MANETE JET 50 FREIO DISCO PRETO SHINERAY","MANETE JET 50 FREIO DISCO PRETO SHINERAY",IRON,"Manetes/Manicotos",MOTOCICLO
121899,"MANETE YES 125 FREIO DISCO","MANETE YES 125 FREIO DISCO","MANETE YES 125 FREIO DISCO",IRON,"Manetes/Manicotos",MOTOCICLO
201997,"MANETE CG 160 START FREIO TAMBOR CROMADO","MANETE CG 160 START FREIO TAMBOR CROMADO","MANETE CG 160 START FREIO TAMBOR CROMADO",IRON,"Manetes/Manicotos",MOTOCICLO
201901,"MANETE BIZ 125 06/17 FREIO TAMBOR PRETO","MANETE BIZ 125 06/17 FREIO TAMBOR PRETO","MANETE BIZ 125 06/17 FREIO TAMBOR PRETO",IRON,"Manetes/Manicotos",MOTOCICLO
201896,"MANETE YBR 125 FREIO TAMBOR PRETO","MANETE YBR 125 FREIO TAMBOR PRETO","MANETE YBR 125 FREIO TAMBOR PRETO",IRON,"Manetes/Manicotos",MOTOCICLO
201898,"MANETE YBR 125 EMB PT","MANETE YBR 125 EMB PT","MANETE YBR 125 EMB PT",IRON,"Manetes/Manicotos",MOTOCICLO
201897,"MANETE YS 250 FZ/XTZ 250 EMB POL","MANETE YS 250 FZ/XTZ 250 EMB POL","MANETE YS 250 FZ/XTZ 250 EMB POL",IRON,"Manetes/Manicotos",MOTOCICLO
201900,"MANETE NXR 150/160 XRE EMB PT","MANETE NXR 150/160 XRE EMB PT","MANETE NXR 150/160 XRE EMB PT",IRON,"Manetes/Manicotos",MOTOCICLO
201913,"MANETE YES/INTRUDER 125 EMB PT","MANETE YES/INTRUDER 125 EMB PT","MANETE YES/INTRUDER 125 EMB PT",IRON,"Manetes/Manicotos",MOTOCICLO
119773,"MANETE CG 125/150/160 EMB CR MINI","MANETE CG 125/150/160 EMB CR MINI","MANETE CG 125/150/160 EMB CR MINI",IRON,"Manetes/Manicotos",MOTOCICLO
119054,"MANETE NXR/XLR 125 EMB CR MINI","MANETE NXR/XLR 125 EMB CR MINI","MANETE NXR/XLR 125 EMB CR MINI",IRON,"Manetes/Manicotos",MOTOCICLO
176319,"MANETE NXR 150/160 XRE EMB CR","MANETE NXR 150/160 XRE EMB CR","MANETE NXR 150/160 XRE EMB CR",IRON,"Manetes/Manicotos",MOTOCICLO
176317,"MANETE NEO AT 115 FR DIANT PT","MANETE NEO AT 115 FR DIANT PT","MANETE NEO AT 115 FR DIANT PT",IRON,"Manetes/Manicotos",MOTOCICLO
176320,"MANETE CRF 230/250 EMB POL","MANETE CRF 230/250 EMB POL","MANETE CRF 230/250 EMB POL",IRON,"Manetes/Manicotos",MOTOCICLO
176316,"MANETE NEO AT 115 FR TRAS PT","MANETE NEO AT 115 FR TRAS PT","MANETE NEO AT 115 FR TRAS PT",IRON,"Manetes/Manicotos",MOTOCICLO
176315,"MANETE BIZ 100 99/05 FR T PT","MANETE BIZ 100 99/05 FR T PT","MANETE BIZ 100 99/05 FR T PT",IRON,"Manetes/Manicotos",MOTOCICLO
176318,"MANETE YBR 125 FR T PT","MANETE YBR 125 FR T PT","MANETE YBR 125 FR T PT",IRON,"Manetes/Manicotos",MOTOCICLO
201234,"MANETE CG 125/150/160 FR T PT","MANETE CG 125/150/160 FR T PT","MANETE CG 125/150/160 FR T PT",IRON,"Manetes/Manicotos",MOTOCICLO
26369,"MANETE NXR 125/150 FR T PT","MANETE NXR 125/150 FR T PT","MANETE NXR 125/150 FR T PT",IRON,"Manetes/Manicotos",MOTOCICLO
201905,"MANETE NXR 125/150 FR T CR","MANETE NXR 125/150 FR T CR","MANETE NXR 125/150 FR T CR",IRON,"Manetes/Manicotos",MOTOCICLO
201903,"MANETE CRYPTON 115 10/11 FR D","MANETE CRYPTON 115 10/11 FR D","MANETE CRYPTON 115 10/11 FR D",IRON,"Manetes/Manicotos",MOTOCICLO
122447,"MANETE NXR 150/160 FR D PT MINI","MANETE NXR 150/160 FR D PT MINI","MANETE NXR 150/160 FR D PT MINI",IRON,"Manetes/Manicotos",MOTOCICLO
122448,"MANETE NXR 150/160 FR D CR","MANETE NXR 150/160 FR D CR","MANETE NXR 150/160 FR D CR",IRON,"Manetes/Manicotos",MOTOCICLO
201914,"MANETE BIZ 125 D FR","MANETE BIZ 125 D FR","MANETE BIZ 125 D FR",IRON,"Manetes/Manicotos",MOTOCICLO
122462,"MANETE CG 150 CBX/CB 300 FR D PT","MANETE CG 150 CBX/CB 300 FR D PT","MANETE CG 150 CBX/CB 300 FR D PT",IRON,"Manetes/Manicotos",MOTOCICLO
26581,"MANETE CG 150 CBX/CB 300 FR D CR","MANETE CG 150 CBX/CB 300 FR D CR","MANETE CG 150 CBX/CB 300 FR D CR",IRON,"Manetes/Manicotos",MOTOCICLO
24685,"MANETE YBR 125 FR D PT","MANETE YBR 125 FR D PT","MANETE YBR 125 FR D PT",IRON,"Manetes/Manicotos",MOTOCICLO
179238,"MANETE CG 125/150/160 FR T CR","MANETE CG 125/150/160 FR T CR","MANETE CG 125/150/160 FR T CR",IRON,"Manetes/Manicotos",MOTOCICLO
26975,"MANETE / MANICOTO","MANETE / MANICOTO","MANETE / MANICOTO",IRON,"Manetes/Manicotos",MOTOCICLO
119622,"MANETE YES 125 FR D PT","MANETE YES 125 FR D PT","MANETE YES 125 FR D PT",IRON,"Manetes/Manicotos",MOTOCICLO
196980,"MANETE CBX 200/250/CB 300 EMB PT","MANETE CBX 200/250/CB 300 EMB PT","MANETE CBX 200/250/CB 300 EMB PT",IRON,"Manetes/Manicotos",MOTOCICLO
197561,"MANETE CBX 200/250/CB 300 EMB CR","MANETE CBX 200/250/CB 300 EMB CR","MANETE CBX 200/250/CB 300 EMB CR",IRON,"Manetes/Manicotos",MOTOCICLO
119514,"MANETE CG 125/150/160 EMB PT","MANETE CG 125/150/160 EMB PT","MANETE CG 125/150/160 EMB PT",IRON,"Manetes/Manicotos",MOTOCICLO
188262,"MANETE NXR/XLR 125 EMB PT","MANETE NXR/XLR 125 EMB PT","MANETE NXR/XLR 125 EMB PT",IRON,"Manetes/Manicotos",MOTOCICLO
188259,"MANETE CG 125 14 EMB POL.","MANETE CG 125 14 EMB POL.","MANETE CG 125 14 EMB POL.",IRON,"Manetes/Manicotos",MOTOCICLO
188253,"MANETE BIZ 125 FR T PT","MANETE BIZ 125 FR T PT","MANETE BIZ 125 FR T PT",IRON,"Manetes/Manicotos",MOTOCICLO
188264,"MANETE CG 125 14 FR T POL","MANETE CG 125 14 FR T POL","MANETE CG 125 14 FR T POL",IRON,"Manetes/Manicotos",MOTOCICLO
188255,"MANICOTO CG 150 09/14 ESQ PT","MANICOTO CG 150 09/14 ESQ PT","MANICOTO CG 150 09/14 ESQ PT",IRON,"Manetes/Manicotos",MOTOCICLO
176421,"MANICOTO NXR/XLR 125 XLX 250 ESQ PT","MANICOTO NXR/XLR 125 XLX 250 ESQ PT","MANICOTO NXR/XLR 125 XLX 250 ESQ PT",IRON,"Manetes/Manicotos",MOTOCICLO
183624,"MANICOTO NXR/XRE 150 160/190 ESQ PT","MANICOTO NXR/XRE 150 160/190 ESQ PT","MANICOTO NXR/XRE 150 160/190 ESQ PT",IRON,"Manetes/Manicotos",MOTOCICLO
176419,"MANICOTO YES 125 ED ESQ PT","MANICOTO YES 125 ED ESQ PT","MANICOTO YES 125 ED ESQ PT",IRON,"Manetes/Manicotos",MOTOCICLO
179855,"MANICOTO POP 100/110I ESQ","MANICOTO POP 100/110I ESQ","MANICOTO POP 100/110I ESQ",IRON,"Manetes/Manicotos",MOTOCICLO
120059,"MANICOTO AN 125 BURGMAN ESQ POL","MANICOTO AN 125 BURGMAN ESQ POL","MANICOTO AN 125 BURGMAN ESQ POL",IRON,"Manetes/Manicotos",MOTOCICLO
185393,"MANICOTO CRF 230","MANICOTO CRF 230","MANICOTO CRF 230",IRON,"Manetes/Manicotos",MOTOCICLO
121256,"MANICOTO PHOENIX GOLD 50 DIR","MANICOTO PHOENIX GOLD 50 DIR","MANICOTO PHOENIX GOLD 50 DIR",IRON,"Manetes/Manicotos",MOTOCICLO
202638,"MANICOTO CG 125/150 KS 00/14 DIR PT","MANICOTO CG 125/150 KS 00/14 DIR PT","MANICOTO CG 125/150 KS 00/14 DIR PT",IRON,"Manetes/Manicotos",MOTOCICLO
201995,"MANICOTO NXR 125/150 T DIR PT","MANICOTO NXR 125/150 T DIR PT","MANICOTO NXR 125/150 T DIR PT",IRON,"Manetes/Manicotos",MOTOCICLO
26367,"MANICOTO YBR 125 ESQ PT","MANICOTO YBR 125 ESQ PT","MANICOTO YBR 125 ESQ PT",IRON,"Manetes/Manicotos",MOTOCICLO
26366,"MANICOTO CG 125/150 ES/ESD ESQ PT","MANICOTO CG 125/150 ES/ESD ESQ PT","MANICOTO CG 125/150 ES/ESD ESQ PT",IRON,"Manetes/Manicotos",MOTOCICLO
187108,"MANICOTO CG 125 83/99 DIR PT","MANICOTO CG 125 83/99 DIR PT","MANICOTO CG 125 83/99 DIR PT",IRON,"Manetes/Manicotos",MOTOCICLO
201635,"MANICOTO CBX 200/250 CB 300 ESQ PT","MANICOTO CBX 200/250 CB 300 ESQ PT","MANICOTO CBX 200/250 CB 300 ESQ PT",IRON,"Manetes/Manicotos",MOTOCICLO
201632,"MANICOTO PHOENIX GOLD 50 ESQ","MANICOTO PHOENIX GOLD 50 ESQ","MANICOTO PHOENIX GOLD 50 ESQ",IRON,"Manetes/Manicotos",MOTOCICLO
201630,"MANICOTO YBR 125 DIR PT","MANICOTO YBR 125 DIR PT","MANICOTO YBR 125 DIR PT",IRON,"Manetes/Manicotos",MOTOCICLO
201637,"MANICOTO YS 250/XTZ 125 250 ESQ","MANICOTO YS 250/XTZ 125 250 ESQ","MANICOTO YS 250/XTZ 125 250 ESQ",IRON,"Manetes/Manicotos",MOTOCICLO
201625,"MANICOTO CG 125/150 KS 95/08 ESQ","MANICOTO CG 125/150 KS 95/08 ESQ","MANICOTO CG 125/150 KS 95/08 ESQ",IRON,"Manetes/Manicotos",MOTOCICLO
45611,"109","109","109",IRON,"Geral",MOTOCICLO
45612,"PEDAL","PEDAL","PEDAL",IRON,"Pedais",MOTOCICLO
120926,"PEDAL FREIO YS 250 FAZER 12/18","PEDAL FREIO YS 250 FAZER 12/18","PEDAL FREIO YS 250 FAZER 12/18",IRON,"Pedais",MOTOCICLO
120925,"PEDAL DE FREIO NXR 125/150","PEDAL DE FREIO NXR 125/150","PEDAL DE FREIO NXR 125/150",IRON,"Pedais",MOTOCICLO
187111,"PEDAL FREIO BIZ 125 2006","PEDAL FREIO BIZ 125 2006","PEDAL FREIO BIZ 125 2006",IRON,"Pedais",MOTOCICLO
187112,"PEDAL FREIO CG 125 82/99","PEDAL FREIO CG 125 82/99","PEDAL FREIO CG 125 82/99",IRON,"Pedais",MOTOCICLO
187113,"PEDAL FREIO BIZ 125 11/17","PEDAL FREIO BIZ 125 11/17","PEDAL FREIO BIZ 125 11/17",IRON,"Pedais",MOTOCICLO
187114,"PEDAL FREIO CG 125 00/08","PEDAL FREIO CG 125 00/08","PEDAL FREIO CG 125 00/08",IRON,"Pedais",MOTOCICLO
195468,"PEDAL FREIO YES 125","PEDAL FREIO YES 125","PEDAL FREIO YES 125",IRON,"Pedais",MOTOCICLO
195470,"PEDAL FREIO YS 150 FAZER","PEDAL FREIO YS 150 FAZER","PEDAL FREIO YS 150 FAZER",IRON,"Pedais",MOTOCICLO
195471,"PEDAL FREIO BIZ 100 13/15","PEDAL FREIO BIZ 100 13/15","PEDAL FREIO BIZ 100 13/15",IRON,"Pedais",MOTOCICLO
195472,"PEDAL FREIO BIZ 100 99/05","PEDAL FREIO BIZ 100 99/05","PEDAL FREIO BIZ 100 99/05",IRON,"Pedais",MOTOCICLO
196992,"PEDAL FREIO CG 125 09/13 150 04/13","PEDAL FREIO CG 125 09/13 150 04/13","PEDAL FREIO CG 125 09/13 150 04/13",IRON,"Pedais",MOTOCICLO
196993,"PEDAL FREIO CG 125 14/15","PEDAL FREIO CG 125 14/15","PEDAL FREIO CG 125 14/15",IRON,"Pedais",MOTOCICLO
196994,"PEDAL FREIO DAFRA SPEED 150","PEDAL FREIO DAFRA SPEED 150","PEDAL FREIO DAFRA SPEED 150",IRON,"Pedais",MOTOCICLO
196995,"PEDAL FREIO JET 50/125X","PEDAL FREIO JET 50/125X","PEDAL FREIO JET 50/125X",IRON,"Pedais",MOTOCICLO
200472,"PEDAL FREIO PHOENIX GOLD 50","PEDAL FREIO PHOENIX GOLD 50","PEDAL FREIO PHOENIX GOLD 50",IRON,"Pedais",MOTOCICLO
122450,"PEDAL FREIO PHOENIX MAIS 50","PEDAL FREIO PHOENIX MAIS 50","PEDAL FREIO PHOENIX MAIS 50",IRON,"Pedais",MOTOCICLO
16990,"PEDAL FREIO POP 100","PEDAL FREIO POP 100","PEDAL FREIO POP 100",IRON,"Pedais",MOTOCICLO
27464,"PEDAL FREIO POP 110I 16/19","PEDAL FREIO POP 110I 16/19","PEDAL FREIO POP 110I 16/19",IRON,"Pedais",MOTOCICLO
27462,"PEDAL FREIO SHINERAY XY 50-Q","PEDAL FREIO SHINERAY XY 50-Q","PEDAL FREIO SHINERAY XY 50-Q",IRON,"Pedais",MOTOCICLO
27463,"PEDAL FREIO XLR 125","PEDAL FREIO XLR 125","PEDAL FREIO XLR 125",IRON,"Pedais",MOTOCICLO
27465,"PEDAL FREIO YBR 125 09 FACTOR","PEDAL FREIO YBR 125 09 FACTOR","PEDAL FREIO YBR 125 09 FACTOR",IRON,"Pedais",MOTOCICLO
176830,"PEDAL FREIO XR 200","PEDAL FREIO XR 200","PEDAL FREIO XR 200",IRON,"Pedais",MOTOCICLO
185386,"PEDAL FREIO XTZ 125","PEDAL FREIO XTZ 125","PEDAL FREIO XTZ 125",IRON,"Pedais",MOTOCICLO
189355,"PEDAL FREIO YBR 125 00/08","PEDAL FREIO YBR 125 00/08","PEDAL FREIO YBR 125 00/08",IRON,"Pedais",MOTOCICLO
196642,"PEDAL FREIO XRE 300","PEDAL FREIO XRE 300","PEDAL FREIO XRE 300",IRON,"Pedais",MOTOCICLO
189357,"PEDAL FREIO XTZ 250 LANDER TENERE 250","PEDAL FREIO XTZ 250 LANDER TENERE 250","PEDAL FREIO XTZ 250 LANDER TENERE 250",IRON,"Pedais",MOTOCICLO
189359,"PEDAL FREIO YS 250 FAZER 06/11","PEDAL FREIO YS 250 FAZER 06/11","PEDAL FREIO YS 250 FAZER 06/11",IRON,"Pedais",MOTOCICLO
188232,"PEDAL MARCHA XTZ 150 CROSSER","PEDAL MARCHA XTZ 150 CROSSER","PEDAL MARCHA XTZ 150 CROSSER",IRON,"Pedais",MOTOCICLO
188234,"PEDAL MARCHA BIZ 100 00/05 ES","PEDAL MARCHA BIZ 100 00/05 ES","PEDAL MARCHA BIZ 100 00/05 ES",IRON,"Pedais",MOTOCICLO
182411,"PEDAL MARCHA BIZ 100 99/05 KS","PEDAL MARCHA BIZ 100 99/05 KS","PEDAL MARCHA BIZ 100 99/05 KS",IRON,"Pedais",MOTOCICLO
17741,"PEDAL MARCHA BIZ 125 06/08","PEDAL MARCHA BIZ 125 06/08","PEDAL MARCHA BIZ 125 06/08",IRON,"Pedais",MOTOCICLO
28358,"PEDAL MARCHA BIZ 125 09/10","PEDAL MARCHA BIZ 125 09/10","PEDAL MARCHA BIZ 125 09/10",IRON,"Pedais",MOTOCICLO
200823,"110","110","110",IRON,"Geral",MOTOCICLO
182401,"PEDAL / CAVALETE","PEDAL / CAVALETE","PEDAL / CAVALETE",IRON,"Pedais",MOTOCICLO
182403,"PEDAL MARCHA BIZ 125 11/17","PEDAL MARCHA BIZ 125 11/17","PEDAL MARCHA BIZ 125 11/17",IRON,"Pedais",MOTOCICLO
182407,"PEDAL MARCHA CBX 250","PEDAL MARCHA CBX 250","PEDAL MARCHA CBX 250",IRON,"Pedais",MOTOCICLO
182409,"PEDAL MARCHA CG 125 82/99","PEDAL MARCHA CG 125 82/99","PEDAL MARCHA CG 125 82/99",IRON,"Pedais",MOTOCICLO
182389,"PEDAL MARCHA CG 150 04/08","PEDAL MARCHA CG 150 04/08","PEDAL MARCHA CG 150 04/08",IRON,"Pedais",MOTOCICLO
122472,"PEDAL MARCHA CG 150 14/15","PEDAL MARCHA CG 150 14/15","PEDAL MARCHA CG 150 14/15",IRON,"Pedais",MOTOCICLO
14656,"PEDAL MARCHA CRF 230","PEDAL MARCHA CRF 230","PEDAL MARCHA CRF 230",IRON,"Pedais",MOTOCICLO
8297,"PEDAL MARCHA CRYPTON 115","PEDAL MARCHA CRYPTON 115","PEDAL MARCHA CRYPTON 115",IRON,"Pedais",MOTOCICLO
121393,"PEDAL MARCHA JET 50","PEDAL MARCHA JET 50","PEDAL MARCHA JET 50",IRON,"Pedais",MOTOCICLO
182393,"PEDAL MARCHA NXR 125/150","PEDAL MARCHA NXR 125/150","PEDAL MARCHA NXR 125/150",IRON,"Pedais",MOTOCICLO
182383,"PEDAL MARCHA PHOENIX 50","PEDAL MARCHA PHOENIX 50","PEDAL MARCHA PHOENIX 50",IRON,"Pedais",MOTOCICLO
182385,"PEDAL MARCHA POP 100 07/10","PEDAL MARCHA POP 100 07/10","PEDAL MARCHA POP 100 07/10",IRON,"Pedais",MOTOCICLO
185384,"PEDAL MARCHA POP 100 11/15","PEDAL MARCHA POP 100 11/15","PEDAL MARCHA POP 100 11/15",IRON,"Pedais",MOTOCICLO
182387,"PEDAL MARCHA XLR/NX/XR 150/200","PEDAL MARCHA XLR/NX/XR 150/200","PEDAL MARCHA XLR/NX/XR 150/200",IRON,"Pedais",MOTOCICLO
182397,"PEDAL MARCHA XR 200","PEDAL MARCHA XR 200","PEDAL MARCHA XR 200",IRON,"Pedais",MOTOCICLO
201509,"PEDAL MARCHA XR 250","PEDAL MARCHA XR 250","PEDAL MARCHA XR 250",IRON,"Pedais",MOTOCICLO
201515,"PEDAL MARCHA XRE 300","PEDAL MARCHA XRE 300","PEDAL MARCHA XRE 300",IRON,"Pedais",MOTOCICLO
201524,"PEDAL MARCHA YBR 125 00/08","PEDAL MARCHA YBR 125 00/08","PEDAL MARCHA YBR 125 00/08",IRON,"Pedais",MOTOCICLO
201536,"PEDAL MARCHA YBR 125 09 FACTOR","PEDAL MARCHA YBR 125 09 FACTOR","PEDAL MARCHA YBR 125 09 FACTOR",IRON,"Pedais",MOTOCICLO
201523,"PEDAL MARCHA YES 125","PEDAL MARCHA YES 125","PEDAL MARCHA YES 125",IRON,"Pedais",MOTOCICLO
201520,"PEDAL MARCHA YS 150 FAZER/YBR 125I FACTOR","PEDAL MARCHA YS 150 FAZER/YBR 125I FACTOR","PEDAL MARCHA YS 150 FAZER/YBR 125I FACTOR",IRON,"Pedais",MOTOCICLO
201569,"PEDAL MARCHA YS 250 FAZER 06/11","PEDAL MARCHA YS 250 FAZER 06/11","PEDAL MARCHA YS 250 FAZER 06/11",IRON,"Pedais",MOTOCICLO
201544,"PEDAL MARCHA CB 300R 10/15/250F","PEDAL MARCHA CB 300R 10/15/250F","PEDAL MARCHA CB 300R 10/15/250F",IRON,"Pedais",MOTOCICLO
201568,"PEDAL MARCHA CG 160","PEDAL MARCHA CG 160","PEDAL MARCHA CG 160",IRON,"Pedais",MOTOCICLO
201377,"PEDAL MARCHA DAFRA APACHE 150","PEDAL MARCHA DAFRA APACHE 150","PEDAL MARCHA DAFRA APACHE 150",IRON,"Pedais",MOTOCICLO
201539,"PEDAL MARCHA DAFRA KANSAS 150","PEDAL MARCHA DAFRA KANSAS 150","PEDAL MARCHA DAFRA KANSAS 150",IRON,"Pedais",MOTOCICLO
201570,"PEDAL MARCHA DAFRA SPEED 150","PEDAL MARCHA DAFRA SPEED 150","PEDAL MARCHA DAFRA SPEED 150",IRON,"Pedais",MOTOCICLO
182405,"PEDAL MARCHA POP 110I","PEDAL MARCHA POP 110I","PEDAL MARCHA POP 110I",IRON,"Pedais",MOTOCICLO
182381,"PEDAL MARCHA CG 125 00/08","PEDAL MARCHA CG 125 00/08","PEDAL MARCHA CG 125 00/08",IRON,"Pedais",MOTOCICLO
182391,"PEDAL MARCHA XTZ 250 LANDER","PEDAL MARCHA XTZ 250 LANDER","PEDAL MARCHA XTZ 250 LANDER",IRON,"Pedais",MOTOCICLO
201578,"PEDAL MARCHA YS 250 FAZER 12/17","PEDAL MARCHA YS 250 FAZER 12/17","PEDAL MARCHA YS 250 FAZER 12/17",IRON,"Pedais",MOTOCICLO
185385,"PEDAL MARCHA XTZ 125","PEDAL MARCHA XTZ 125","PEDAL MARCHA XTZ 125",IRON,"Pedais",MOTOCICLO
201573,"CAVALETE ENTRAL JET 50","CAVALETE ENTRAL JET 50","CAVALETE ENTRAL JET 50",IRON,"Chassi",MOTOCICLO
20151,"111","111","111",IRON,"Geral",MOTOCICLO
201370,"ESTRIBO / PEDAL","ESTRIBO / PEDAL","ESTRIBO / PEDAL",IRON,"Pedais",MOTOCICLO
45607,"ESTRIBO JET 50 COMPLETO","ESTRIBO JET 50 COMPLETO","ESTRIBO JET 50 COMPLETO",IRON,"Geral",MOTOCICLO
200831,"ESTRIBO PHOENIX 50","ESTRIBO PHOENIX 50","ESTRIBO PHOENIX 50",IRON,"Geral",MOTOCICLO
200833,"PEDAL PARTIDA DAFRA SPEED 150","PEDAL PARTIDA DAFRA SPEED 150","PEDAL PARTIDA DAFRA SPEED 150",IRON,"Pedais",MOTOCICLO
200829,"PEDAL PARTIDA XTZ 125","PEDAL PARTIDA XTZ 125","PEDAL PARTIDA XTZ 125",IRON,"Pedais",MOTOCICLO
200837,"PEDAL PARTIDA BIZ/POP 110I","PEDAL PARTIDA BIZ/POP 110I","PEDAL PARTIDA BIZ/POP 110I",IRON,"Pedais",MOTOCICLO
200839,"PEDAL PARTIDA DAFRA RIVA 150","PEDAL PARTIDA DAFRA RIVA 150","PEDAL PARTIDA DAFRA RIVA 150",IRON,"Pedais",MOTOCICLO
200841,"PEDAL PARTIDA DT / TDR 180","PEDAL PARTIDA DT / TDR 180","PEDAL PARTIDA DT / TDR 180",IRON,"Pedais",MOTOCICLO
200835,"PEDAL PARTIDA PARTIDA RD 125/135","PEDAL PARTIDA PARTIDA RD 125/135","PEDAL PARTIDA PARTIDA RD 125/135",IRON,"Pedais",MOTOCICLO
201389,"PEDAL PARTIDA BIZ 100 13/15","PEDAL PARTIDA BIZ 100 13/15","PEDAL PARTIDA BIZ 100 13/15",IRON,"Pedais",MOTOCICLO
201390,"PEDAL PARTIDA BIZ 125","PEDAL PARTIDA BIZ 125","PEDAL PARTIDA BIZ 125",IRON,"Pedais",MOTOCICLO
201375,"PEDAL PARTIDA BIZ/POP 100","PEDAL PARTIDA BIZ/POP 100","PEDAL PARTIDA BIZ/POP 100",IRON,"Pedais",MOTOCICLO
201387,"PEDAL PARTIDA CG 125 00/08","PEDAL PARTIDA CG 125 00/08","PEDAL PARTIDA CG 125 00/08",IRON,"Pedais",MOTOCICLO
185382,"PEDAL PARTIDA CG 125 82/99","PEDAL PARTIDA CG 125 82/99","PEDAL PARTIDA CG 125 82/99",IRON,"Pedais",MOTOCICLO
182379,"PEDAL PARTIDA CG 150 KS 04/08","PEDAL PARTIDA CG 150 KS 04/08","PEDAL PARTIDA CG 150 KS 04/08",IRON,"Pedais",MOTOCICLO
182377,"PEDAL PARTIDA CG 150 KS 09/11","PEDAL PARTIDA CG 150 KS 09/11","PEDAL PARTIDA CG 150 KS 09/11",IRON,"Pedais",MOTOCICLO
185383,"PEDAL PARTIDA CRYPTON 115","PEDAL PARTIDA CRYPTON 115","PEDAL PARTIDA CRYPTON 115",IRON,"Pedais",MOTOCICLO
185381,"PEDAL PARTIDA DAFRA KANSAS 150","PEDAL PARTIDA DAFRA KANSAS 150","PEDAL PARTIDA DAFRA KANSAS 150",IRON,"Pedais",MOTOCICLO
24134,"PEDAL PARTIDA JET 50","PEDAL PARTIDA JET 50","PEDAL PARTIDA JET 50",IRON,"Pedais",MOTOCICLO
182368,"PEDAL PARTIDA PHOENIX GOLD XY 50-Q","PEDAL PARTIDA PHOENIX GOLD XY 50-Q","PEDAL PARTIDA PHOENIX GOLD XY 50-Q",IRON,"Pedais",MOTOCICLO
182372,"PEDAL PARTIDA DAFRA APACHE 150","PEDAL PARTIDA DAFRA APACHE 150","PEDAL PARTIDA DAFRA APACHE 150",IRON,"Pedais",MOTOCICLO
176816,"PEDAL PARTIDA YBR 125 00/08","PEDAL PARTIDA YBR 125 00/08","PEDAL PARTIDA YBR 125 00/08",IRON,"Pedais",MOTOCICLO
27452,"PEDAL PARTIDA YBR 125 09/12 FACTOR","PEDAL PARTIDA YBR 125 09/12 FACTOR","PEDAL PARTIDA YBR 125 09/12 FACTOR",IRON,"Pedais",MOTOCICLO
176819,"112","112","112",IRON,"Geral",MOTOCICLO
176820,"ESTICADOR CORRENTE / CAPA","ESTICADOR CORRENTE / CAPA","ESTICADOR CORRENTE / CAPA",IRON,"Transmissão",MOTOCICLO
178081,"ESTICADOR COR YBR 125","ESTICADOR COR YBR 125","ESTICADOR COR YBR 125",IRON,"Transmissão",MOTOCICLO
176812,"ESTICADOR COR. CRYPTON 115","ESTICADOR COR. CRYPTON 115","ESTICADOR COR. CRYPTON 115",IRON,"Transmissão",MOTOCICLO
27451,"ESTICADOR COR CG 125","ESTICADOR COR CG 125","ESTICADOR COR CG 125",IRON,"Transmissão",MOTOCICLO
178064,"ESTICADOR COR JET 50","ESTICADOR COR JET 50","ESTICADOR COR JET 50",IRON,"Transmissão",MOTOCICLO
182374,"ESTICADOR COR YS 250 FAZER XTZ 250 LANDER TENERE 250","ESTICADOR COR YS 250 FAZER XTZ 250 LANDER TENERE 250","ESTICADOR COR YS 250 FAZER XTZ 250 LANDER TENERE 250",IRON,"Transmissão",MOTOCICLO
41371,"ESTICADOR COR YES INTRUDER 125","ESTICADOR COR YES INTRUDER 125","ESTICADOR COR YES INTRUDER 125",IRON,"Transmissão",MOTOCICLO
187405,"ESTICADOR COR CBX/XR 250 XRE 300/NX 400","ESTICADOR COR CBX/XR 250 XRE 300/NX 400","ESTICADOR COR CBX/XR 250 XRE 300/NX 400",IRON,"Transmissão",MOTOCICLO
188228,"ESTICADOR COR CB 300 CB 250F","ESTICADOR COR CB 300 CB 250F","ESTICADOR COR CB 300 CB 250F",IRON,"Transmissão",MOTOCICLO
189353,"ESTICADOR COR BIZ POP 100/125","ESTICADOR COR BIZ POP 100/125","ESTICADOR COR BIZ POP 100/125",IRON,"Transmissão",MOTOCICLO
27446,"ESTICADOR COR PHOENIX GOLD 50/HYPE XY 50-Q DIR.","ESTICADOR COR PHOENIX GOLD 50/HYPE XY 50-Q DIR.","ESTICADOR COR PHOENIX GOLD 50/HYPE XY 50-Q DIR.",IRON,"Transmissão",MOTOCICLO
27457,"ESTICADOR COR PHOENIX GOLD 50 HYPE XY 50-Q ESQ.","ESTICADOR COR PHOENIX GOLD 50 HYPE XY 50-Q ESQ.","ESTICADOR COR PHOENIX GOLD 50 HYPE XY 50-Q ESQ.",IRON,"Transmissão",MOTOCICLO
28357,"ESTICADOR COR YS 150 FAZER YBR 125I/150 FACTOR","ESTICADOR COR YS 150 FAZER YBR 125I/150 FACTOR","ESTICADOR COR YS 150 FAZER YBR 125I/150 FACTOR",IRON,"Transmissão",MOTOCICLO
176809,"ESTICADOR COR NXR/XLR CBX/NX XR 125/150/200","ESTICADOR COR NXR/XLR CBX/NX XR 125/150/200","ESTICADOR COR NXR/XLR CBX/NX XR 125/150/200",IRON,"Transmissão",MOTOCICLO
39457,"ESTICADOR CORRENTE CG 150/160 125 09","ESTICADOR CORRENTE CG 150/160 125 09","ESTICADOR CORRENTE CG 150/160 125 09",IRON,"Transmissão",MOTOCICLO
27450,"CAPA ESTICADOR COR NXR 125/150/160 XLR 125/CBX NX 125/150/20","CAPA ESTICADOR COR NXR 125/150/160 XLR 125/CBX NX 125/150/200","CAPA ESTICADOR COR NXR 125/150/160 XLR 125/CBX NX 125/150/200",IRON,"Transmissão",MOTOCICLO
45391,"CAPA ESTICADOR COR YS 250 FAZER XTZ 250 LANDER","CAPA ESTICADOR COR YS 250 FAZER XTZ 250 LANDER","CAPA ESTICADOR COR YS 250 FAZER XTZ 250 LANDER",IRON,"Transmissão",MOTOCICLO
176815,"CAPA ESTICADOR COR CB 300R","CAPA ESTICADOR COR CB 300R","CAPA ESTICADOR COR CB 300R",IRON,"Transmissão",MOTOCICLO
176811,"CAPA ESTICADOR COR CBX/XR 250 XRE 300/NX 400","CAPA ESTICADOR COR CBX/XR 250 XRE 300/NX 400","CAPA ESTICADOR COR CBX/XR 250 XRE 300/NX 400",IRON,"Transmissão",MOTOCICLO
27458,"ESTICADOR COR XTZ 125/150 CROSSER DIR","ESTICADOR COR XTZ 125/150 CROSSER DIR","ESTICADOR COR XTZ 125/150 CROSSER DIR",IRON,"Transmissão",MOTOCICLO
27456,"ESTICADOR COR XTZ 125/150 CROSSER ESQ","ESTICADOR COR XTZ 125/150 CROSSER ESQ","ESTICADOR COR XTZ 125/150 CROSSER ESQ",IRON,"Transmissão",MOTOCICLO
45393,"113","113","113",IRON,"Geral",MOTOCICLO
176818,"BLOCO ÓPTICO / FAROL / LANTERNA","BLOCO ÓPTICO / FAROL / LANTERNA","BLOCO ÓPTICO / FAROL / LANTERNA",IRON,"Iluminação",MOTOCICLO
176821,"BLOCO ÓPTICO XTZ 125 09/14","BLOCO ÓPTICO XTZ 125 09/14","BLOCO ÓPTICO XTZ 125 09/14",IRON,"Iluminação",MOTOCICLO
176827,"BLOCO ÓPTICO NXR 125/150 03/08 XLR 125/XR 200/250","BLOCO ÓPTICO NXR 125/150 03/08 XLR 125/XR 200/250","BLOCO ÓPTICO NXR 125/150 03/08 XLR 125/XR 200/250",IRON,"Iluminação",MOTOCICLO
25648,"BLOCO ÓPTICO POP 100","BLOCO ÓPTICO POP 100","BLOCO ÓPTICO POP 100",IRON,"Iluminação",MOTOCICLO
27454,"BLOCO ÓPTICO BIZ 100 99/05","BLOCO ÓPTICO BIZ 100 99/05","BLOCO ÓPTICO BIZ 100 99/05",IRON,"Iluminação",MOTOCICLO
27460,"BLOCO ÓPTICO BIZ 125 06/10","BLOCO ÓPTICO BIZ 125 06/10","BLOCO ÓPTICO BIZ 125 06/10",IRON,"Iluminação",MOTOCICLO
119799,"BLOCO ÓPTICO BIZ 125/100/110 11/17","BLOCO ÓPTICO BIZ 125/100/110 11/17","BLOCO ÓPTICO BIZ 125/100/110 11/17",IRON,"Iluminação",MOTOCICLO
176829,"BLOCO ÓPTICO CG 125 00/13","BLOCO ÓPTICO CG 125 00/13","BLOCO ÓPTICO CG 125 00/13",IRON,"Iluminação",MOTOCICLO
27461,"358","358","358",IRON,"Geral",MOTOCICLO
176817,"BLOCO ÓPTICO CG 125/150 160 14","BLOCO ÓPTICO CG 125/150 160 14","BLOCO ÓPTICO CG 125/150 160 14",IRON,"Iluminação",MOTOCICLO
27449,"BLOCO ÓPTICO CG 150 04/08","BLOCO ÓPTICO CG 150 04/08","BLOCO ÓPTICO CG 150 04/08",IRON,"Iluminação",MOTOCICLO
201384,"BLOCO ÓPTICO CG 150 09/10","BLOCO ÓPTICO CG 150 09/10","BLOCO ÓPTICO CG 150 09/10",IRON,"Iluminação",MOTOCICLO
201385,"BLOCO ÓPTICO CG 150 12/13","BLOCO ÓPTICO CG 150 12/13","BLOCO ÓPTICO CG 150 12/13",IRON,"Iluminação",MOTOCICLO
201381,"362","362","362",IRON,"Geral",MOTOCICLO
201367,"BLOCO ÓPTICO NXR 150 09/12","BLOCO ÓPTICO NXR 150 09/12","BLOCO ÓPTICO NXR 150 09/12",IRON,"Iluminação",MOTOCICLO
27459,"BLOCO ÓPTICO NXR 150/160 13/18","BLOCO ÓPTICO NXR 150/160 13/18","BLOCO ÓPTICO NXR 150/160 13/18",IRON,"Iluminação",MOTOCICLO
176828,"BLOCO ÓPTICO YES/GSR 125/150I","BLOCO ÓPTICO YES/GSR 125/150I","BLOCO ÓPTICO YES/GSR 125/150I",IRON,"Iluminação",MOTOCICLO
176824,"BLOCO ÓPTICO CBX 200","BLOCO ÓPTICO CBX 200","BLOCO ÓPTICO CBX 200",IRON,"Iluminação",MOTOCICLO
27455,"FAROL CG 125 00/13 COMPLETO","FAROL CG 125 00/13 COMPLETO","FAROL CG 125 00/13 COMPLETO",IRON,"Iluminação",MOTOCICLO
201372,"FAROL CG 125 83/99 COMPLETO","FAROL CG 125 83/99 COMPLETO","FAROL CG 125 83/99 COMPLETO",IRON,"Iluminação",MOTOCICLO
201382,"FAROL CG 150 04/08 COMPLETO.","FAROL CG 150 04/08 COMPLETO.","FAROL CG 150 04/08 COMPLETO.",IRON,"Iluminação",MOTOCICLO
45392,"BLOCO ÓPTICO CBX 250","BLOCO ÓPTICO CBX 250","BLOCO ÓPTICO CBX 250",IRON,"Iluminação",MOTOCICLO
178085,"BLOCO ÓPTICO PHOENIX MAIS 50","BLOCO ÓPTICO PHOENIX MAIS 50","BLOCO ÓPTICO PHOENIX MAIS 50",IRON,"Iluminação",MOTOCICLO
27448,"BLOCO ÓPTICO POP 110I","BLOCO ÓPTICO POP 110I","BLOCO ÓPTICO POP 110I",IRON,"Iluminação",MOTOCICLO
10592,"BLOCO ÓPTICO YS 150 FAZER 14","BLOCO ÓPTICO YS 150 FAZER 14","BLOCO ÓPTICO YS 150 FAZER 14",IRON,"Iluminação",MOTOCICLO
176822,"BLOCO ÓPTICO YES/GRS 125-150I","BLOCO ÓPTICO YES/GRS 125-150I","BLOCO ÓPTICO YES/GRS 125-150I",IRON,"Iluminação",MOTOCICLO
176823,"FAROL JET 50 50X/125X COMPLETO","FAROL JET 50 50X/125X COMPLETO","FAROL JET 50 50X/125X COMPLETO",IRON,"Iluminação",MOTOCICLO
201376,"FAROL YBR 125 06/08 YS 250 FAZER COMPLETO","FAROL YBR 125 06/08 YS 250 FAZER COMPLETO","FAROL YBR 125 06/08 YS 250 FAZER COMPLETO",IRON,"Iluminação",MOTOCICLO
201388,"FAROL JET 50/50X 125X COMP","FAROL JET 50/50X 125X COMP","FAROL JET 50/50X 125X COMP",IRON,"Iluminação",MOTOCICLO
201373,"LANTERNA CG 125/150 14/15/160","LANTERNA CG 125/150 14/15/160","LANTERNA CG 125/150 14/15/160",IRON,"Iluminação",MOTOCICLO
201386,"LANTERNA JET 50","LANTERNA JET 50","LANTERNA JET 50",IRON,"Iluminação",MOTOCICLO
18041,"LANTERNA QUADRICICLO FOURTRAX 420 14 HONDA","LANTERNA QUADRICICLO FOURTRAX 420 14 HONDA","LANTERNA QUADRICICLO FOURTRAX 420 14 HONDA",IRON,"Iluminação",MOTOCICLO
176825,"LANTERNA CG 125 90/99","LANTERNA CG 125 90/99","LANTERNA CG 125 90/99",IRON,"Iluminação",MOTOCICLO
201379,"LANTERNA PHOENIX GOLD 50 JONNY HYPE 50","LANTERNA PHOENIX GOLD 50 JONNY HYPE 50","LANTERNA PHOENIX GOLD 50 JONNY HYPE 50",IRON,"Iluminação",MOTOCICLO
201374,"114","114","114",IRON,"Geral",MOTOCICLO
200802,"BLOCO ÓPTICO YS 250 FAZER 16/17 FUME","BLOCO ÓPTICO YS 250 FAZER 16/17 FUME","BLOCO ÓPTICO YS 250 FAZER 16/17 FUME",IRON,"Iluminação",MOTOCICLO
200781,"LENTE / SINALEIRA / LÂMPADA / REFLETOR","LENTE / SINALEIRA / LÂMPADA / REFLETOR","LENTE / SINALEIRA / LÂMPADA / REFLETOR",IRON,"Iluminação",MOTOCICLO
200774,"LENTE STOP PHOENIX GOLD 50 JONNY HYPE 50","LENTE STOP PHOENIX GOLD 50 JONNY HYPE 50","LENTE STOP PHOENIX GOLD 50 JONNY HYPE 50",IRON,"Iluminação",MOTOCICLO
200778,"LENTE STOP JET 50/50X/125X","LENTE STOP JET 50/50X/125X","LENTE STOP JET 50/50X/125X",IRON,"Iluminação",MOTOCICLO
200776,"SINALEIRA JET 50X/125X DIANT DIR","SINALEIRA JET 50X/125X DIANT DIR","SINALEIRA JET 50X/125X DIANT DIR",IRON,"Iluminação",MOTOCICLO
182319,"SINALEIRA JET 50X/125X DIANT ESQ","SINALEIRA JET 50X/125X DIANT ESQ","SINALEIRA JET 50X/125X DIANT ESQ",IRON,"Iluminação",MOTOCICLO
27492,"SINALEIRA JET 50 TRAS. ESQ.","SINALEIRA JET 50 TRAS. ESQ.","SINALEIRA JET 50 TRAS. ESQ.",IRON,"Iluminação",MOTOCICLO
15201,"LUZ DECORATIVA JET 50X 125X DIANT. DIR.","LUZ DECORATIVA JET 50X 125X DIANT. DIR.","LUZ DECORATIVA JET 50X 125X DIANT. DIR.",IRON,"Geral",MOTOCICLO
27494,"LUZ DECORATIVA JET 50X 125X DIANT. ESQ.","LUZ DECORATIVA JET 50X 125X DIANT. ESQ.","LUZ DECORATIVA JET 50X 125X DIANT. ESQ.",IRON,"Geral",MOTOCICLO
27502,"SINALEIRA JET 50 DIANT. DIR.","SINALEIRA JET 50 DIANT. DIR.","SINALEIRA JET 50 DIANT. DIR.",IRON,"Iluminação",MOTOCICLO
27510,"SINALEIRA JET 50 DIANT. ESQ.","SINALEIRA JET 50 DIANT. ESQ.","SINALEIRA JET 50 DIANT. ESQ.",IRON,"Iluminação",MOTOCICLO
176799,"LÂMPADA BIODO H4 LED 8000K","LÂMPADA BIODO H4 LED 8000K","LÂMPADA BIODO H4 LED 8000K",IRON,"Iluminação",MOTOCICLO
27497,"LÂMPADA BIODO H4 60/55 12V","LÂMPADA BIODO H4 60/55 12V","LÂMPADA BIODO H4 60/55 12V",IRON,"Iluminação",MOTOCICLO
176806,"SINALEIRA JET 50 TRAS. DIR.","SINALEIRA JET 50 TRAS. DIR.","SINALEIRA JET 50 TRAS. DIR.",IRON,"Iluminação",MOTOCICLO
27499,"LÂMPADA BIODO H4 60/55 12V QUARTZO","LÂMPADA BIODO H4 60/55 12V QUARTZO","LÂMPADA BIODO H4 60/55 12V QUARTZO",IRON,"Iluminação",MOTOCICLO
176805,"LÂMPADA BIODO H4 35/35 12V QUARTZO YES 125","LÂMPADA BIODO H4 35/35 12V QUARTZO YES 125","LÂMPADA BIODO H4 35/35 12V QUARTZO YES 125",IRON,"Iluminação",MOTOCICLO
27487,"LÂMPADA BIODO H4 35/35 12V QUARTZO AZUL","LÂMPADA BIODO H4 35/35 12V QUARTZO AZUL","LÂMPADA BIODO H4 35/35 12V QUARTZO AZUL",IRON,"Iluminação",MOTOCICLO
41790,"LÂMPADA BIODO H4 BIZ NXR 12V 35/35 QUARTZO","LÂMPADA BIODO H4 BIZ NXR 12V 35/35 QUARTZO","LÂMPADA BIODO H4 BIZ NXR 12V 35/35 QUARTZO",IRON,"Iluminação",MOTOCICLO
27506,"LÂMPADA PINGO-D'ÁGUA AZUL 12V 3W","LÂMPADA PINGO-D'ÁGUA AZUL 12V 3W","LÂMPADA PINGO-D'ÁGUA AZUL 12V 3W",IRON,"Iluminação",MOTOCICLO
45377,"LÂMPADA BIODO H4 35/35 12V","LÂMPADA BIODO H4 35/35 12V","LÂMPADA BIODO H4 35/35 12V",IRON,"Iluminação",MOTOCICLO
185258,"LÂMPADA FAROL BIZ NXR 12V 30/30","LÂMPADA FAROL BIZ NXR 12V 30/30","LÂMPADA FAROL BIZ NXR 12V 30/30",IRON,"Iluminação",MOTOCICLO
182317,"LÂMPADA BIODO H4 35/35 12V QUARTZO","LÂMPADA BIODO H4 35/35 12V QUARTZO","LÂMPADA BIODO H4 35/35 12V QUARTZO",IRON,"Iluminação",MOTOCICLO
119005,"LÂMPADA PISCA PINGÃO 12V 15W CG 125 150/CBX 250","LÂMPADA PISCA PINGÃO 12V 15W CG 125 150/CBX 250","LÂMPADA PISCA PINGÃO 12V 15W CG 125 150/CBX 250",IRON,"Iluminação",MOTOCICLO
27512,"LÂMPADA FAROL BIZ/NXR 12V 35/35","LÂMPADA FAROL BIZ/NXR 12V 35/35","LÂMPADA FAROL BIZ/NXR 12V 35/35",IRON,"Iluminação",MOTOCICLO
27515,"LÂMPADA PISCA 67 12V 10W CG 125 82/99","LÂMPADA PISCA 67 12V 10W CG 125 82/99","LÂMPADA PISCA 67 12V 10W CG 125 82/99",IRON,"Iluminação",MOTOCICLO
27503,"LÂMPADA PISCA 67 12V 10W CG 150 14 LARANJA","LÂMPADA PISCA 67 12V 10W CG 150 14 LARANJA","LÂMPADA PISCA 67 12V 10W CG 150 14 LARANJA",IRON,"Iluminação",MOTOCICLO
27505,"LÂMPADA STOP 12V 21/5W VERMELHA","LÂMPADA STOP 12V 21/5W VERMELHA","LÂMPADA STOP 12V 21/5W VERMELHA",IRON,"Iluminação",MOTOCICLO
176802,"LÂMPADA PINGO-D'ÁGUA 12V 3WT10","LÂMPADA PINGO-D'ÁGUA 12V 3WT10","LÂMPADA PINGO-D'ÁGUA 12V 3WT10",IRON,"Iluminação",MOTOCICLO
182315,"LÂMPADA BIODO H4 BIZ NXR 12V 35/35 QUARTZO AZUL","LÂMPADA BIODO H4 BIZ NXR 12V 35/35 QUARTZO AZUL","LÂMPADA BIODO H4 BIZ NXR 12V 35/35 QUARTZO AZUL",IRON,"Iluminação",MOTOCICLO
182198,"LÂMPADA STOP 12V 5W CRISTAL","LÂMPADA STOP 12V 5W CRISTAL","LÂMPADA STOP 12V 5W CRISTAL",IRON,"Iluminação",MOTOCICLO
176794,"LÂMPADA ESMAG 12V 3WT5","LÂMPADA ESMAG 12V 3WT5","LÂMPADA ESMAG 12V 3WT5",IRON,"Iluminação",MOTOCICLO
176807,"LÂMPADA FAROL QUADRICICLO FOURTRAX 420 14/21 12V 35/35","LÂMPADA FAROL QUADRICICLO FOURTRAX 420 14/21 12V 35/35","LÂMPADA FAROL QUADRICICLO FOURTRAX 420 14/21 12V 35/35",IRON,"Iluminação",MOTOCICLO
176798,"REFLETOR RABETA PHOENIX HYPE 50","REFLETOR RABETA PHOENIX HYPE 50","REFLETOR RABETA PHOENIX HYPE 50",IRON,"Iluminação",MOTOCICLO
25158,"REFLETOR RABETA JET PHOENIX MAIS 50","REFLETOR RABETA JET PHOENIX MAIS 50","REFLETOR RABETA JET PHOENIX MAIS 50",IRON,"Iluminação",MOTOCICLO
176801,"115","115","115",IRON,"Geral",MOTOCICLO
27491,"BORRACHA / BUCHA / GUIA","BORRACHA / BUCHA / GUIA","BORRACHA / BUCHA / GUIA",IRON,"Borrachas/Buchas",MOTOCICLO
27508,"538","538","538",IRON,"Geral",MOTOCICLO
27495,"BUCHA COROA XRE 300 NX 400/400I 6 PCS","BUCHA COROA XRE 300 NX 400/400I 6 PCS","BUCHA COROA XRE 300 NX 400/400I 6 PCS",IRON,"Borrachas/Buchas",MOTOCICLO
27490,"BUCHA COROA XL 125 / CBX / NX XR 200 FERRO KIT 5PCS","BUCHA COROA XL 125 / CBX / NX XR 200 FERRO KIT 5PCS","BUCHA COROA XL 125 / CBX / NX XR 200 FERRO KIT 5PCS",IRON,"Borrachas/Buchas",MOTOCICLO
27507,"BUCHA COROA CG 150 04/13 BORRACHA 4PCS","BUCHA COROA CG 150 04/13 BORRACHA 4PCS","BUCHA COROA CG 150 04/13 BORRACHA 4PCS",IRON,"Borrachas/Buchas",MOTOCICLO
27514,"BUCHA COROA YBR 125 BORRACHA 4PCS","BUCHA COROA YBR 125 BORRACHA 4PCS","BUCHA COROA YBR 125 BORRACHA 4PCS",IRON,"Borrachas/Buchas",MOTOCICLO
27498,"BUCHA COROA CG 150 04/13 KIT 4 PCS","BUCHA COROA CG 150 04/13 KIT 4 PCS","BUCHA COROA CG 150 04/13 KIT 4 PCS",IRON,"Borrachas/Buchas",MOTOCICLO
27493,"BUCHA COROA CG 160 INTERLIGADO","BUCHA COROA CG 160 INTERLIGADO","BUCHA COROA CG 160 INTERLIGADO",IRON,"Borrachas/Buchas",MOTOCICLO
27485,"BUCHA COROA YES / INTRUDER KATANA 125 BORRACHA 4 PCS","BUCHA COROA YES / INTRUDER KATANA 125 BORRACHA 4 PCS","BUCHA COROA YES / INTRUDER KATANA 125 BORRACHA 4 PCS",IRON,"Borrachas/Buchas",MOTOCICLO
27486,"BUCHA COROA CB/CBX 300/250 4 PCS","BUCHA COROA CB/CBX 300/250 4 PCS","BUCHA COROA CB/CBX 300/250 4 PCS",IRON,"Borrachas/Buchas",MOTOCICLO
27500,"BUCHA COROA YBR 125 KIT 4 PCS","BUCHA COROA YBR 125 KIT 4 PCS","BUCHA COROA YBR 125 KIT 4 PCS",IRON,"Borrachas/Buchas",MOTOCICLO
27488,"BUCHA COROA YS 250 FAZER 6 PCS","BUCHA COROA YS 250 FAZER 6 PCS","BUCHA COROA YS 250 FAZER 6 PCS",IRON,"Borrachas/Buchas",MOTOCICLO
27489,"BUCHA COROA SHINERAY 50 INTERLIGADO","BUCHA COROA SHINERAY 50 INTERLIGADO","BUCHA COROA SHINERAY 50 INTERLIGADO",IRON,"Borrachas/Buchas",MOTOCICLO
27501,"BUCHA COROA CG 150 04/13 INTERLIGADO","BUCHA COROA CG 150 04/13 INTERLIGADO","BUCHA COROA CG 150 04/13 INTERLIGADO",IRON,"Borrachas/Buchas",MOTOCICLO
182322,"532","532","532",IRON,"Geral",MOTOCICLO
27511,"BUCHA COROA BIZ 100/125 KIT 4 PCS","BUCHA COROA BIZ 100/125 KIT 4 PCS","BUCHA COROA BIZ 100/125 KIT 4 PCS",IRON,"Borrachas/Buchas",MOTOCICLO
27496,"BUCHA COROA SHINERAY 50 BOR JG","BUCHA COROA SHINERAY 50 BOR JG","BUCHA COROA SHINERAY 50 BOR JG",IRON,"Borrachas/Buchas",MOTOCICLO
45604,"BUCHA COROA SHINERAY 50 KIT 4 PCS","BUCHA COROA SHINERAY 50 KIT 4 PCS","BUCHA COROA SHINERAY 50 KIT 4 PCS",IRON,"Borrachas/Buchas",MOTOCICLO
176804,"GUIA COR TRANS. YS 150 FAZER","GUIA COR TRANS. YS 150 FAZER","GUIA COR TRANS. YS 150 FAZER",IRON,"Geral",MOTOCICLO
182325,"GUIA COR TRANS. XR 200","GUIA COR TRANS. XR 200","GUIA COR TRANS. XR 200",IRON,"Geral",MOTOCICLO
27513,"GUIA COR TRANS. XTZ 125 03/08","GUIA COR TRANS. XTZ 125 03/08","GUIA COR TRANS. XTZ 125 03/08",IRON,"Geral",MOTOCICLO
27504,"GUIA COR TRANS. XTZ 250 LANDER TENERE 250","GUIA COR TRANS. XTZ 250 LANDER TENERE 250","GUIA COR TRANS. XTZ 250 LANDER TENERE 250",IRON,"Geral",MOTOCICLO
176797,"GUIA COR TRANS. YS 250 FAZER","GUIA COR TRANS. YS 250 FAZER","GUIA COR TRANS. YS 250 FAZER",IRON,"Geral",MOTOCICLO
27509,"GUIA COR TRANS CB 300","GUIA COR TRANS CB 300","GUIA COR TRANS CB 300",IRON,"Geral",MOTOCICLO
176793,"GUIA COR TRANS NXR 125 150/160 BORRACHA","GUIA COR TRANS NXR 125 150/160 BORRACHA","GUIA COR TRANS NXR 125 150/160 BORRACHA",IRON,"Borrachas/Buchas",MOTOCICLO
176795,"GUIA COR TRANS CG 125 09/13 BORRACHA","GUIA COR TRANS CG 125 09/13 BORRACHA","GUIA COR TRANS CG 125 09/13 BORRACHA",IRON,"Borrachas/Buchas",MOTOCICLO
176796,"GUIA COR TRANS. XTZ 150 CROSSER BORRACHA","GUIA COR TRANS. XTZ 150 CROSSER BORRACHA","GUIA COR TRANS. XTZ 150 CROSSER BORRACHA",IRON,"Borrachas/Buchas",MOTOCICLO
176800,"GUIA COR TRANS BIZ 125 11/17/100 13/15 POP 100/110I BORRACHA","GUIA COR TRANS BIZ 125 11/17/100 13/15 POP 100/110I BORRACHA","GUIA COR TRANS BIZ 125 11/17/100 13/15 POP 100/110I BORRACHA",IRON,"Borrachas/Buchas",MOTOCICLO
176803,"GUIA COR TRANS CBX 250 BORRACHA","GUIA COR TRANS CBX 250 BORRACHA","GUIA COR TRANS CBX 250 BORRACHA",IRON,"Borrachas/Buchas",MOTOCICLO
121797,"GUIA COR TRANS XTZ 125 09/16 BORRACHA","GUIA COR TRANS XTZ 125 09/16 BORRACHA","GUIA COR TRANS XTZ 125 09/16 BORRACHA",IRON,"Borrachas/Buchas",MOTOCICLO
2993,"GUIA COR TRANS CG 150 04/08 BORRACHA","GUIA COR TRANS CG 150 04/08 BORRACHA","GUIA COR TRANS CG 150 04/08 BORRACHA",IRON,"Borrachas/Buchas",MOTOCICLO
185314,"GUIA COR TRANS CRF 230 BORRACHA","GUIA COR TRANS CRF 230 BORRACHA","GUIA COR TRANS CRF 230 BORRACHA",IRON,"Borrachas/Buchas",MOTOCICLO
182345,"GUIA COR TRANS NX 400/400I BORRACHA","GUIA COR TRANS NX 400/400I BORRACHA","GUIA COR TRANS NX 400/400I BORRACHA",IRON,"Borrachas/Buchas",MOTOCICLO
182349,"GUIA COR TRANS YBR 125 00/08 BORRACHA","GUIA COR TRANS YBR 125 00/08 BORRACHA","GUIA COR TRANS YBR 125 00/08 BORRACHA",IRON,"Borrachas/Buchas",MOTOCICLO
182331,"GUIA COR TRANS CRF 230 DIANT","GUIA COR TRANS CRF 230 DIANT","GUIA COR TRANS CRF 230 DIANT",IRON,"Geral",MOTOCICLO
182343,"116","116","116",IRON,"Geral",MOTOCICLO
182353,"GUIA / BORRACHA / COXIM / SANFONA / COIFA","GUIA / BORRACHA / COXIM / SANFONA / COIFA","GUIA / BORRACHA / COXIM / SANFONA / COIFA",IRON,"Borrachas/Buchas",MOTOCICLO
182335,"GUIA COR TRANS CRF 230 TRAS","GUIA COR TRANS CRF 230 TRAS","GUIA COR TRANS CRF 230 TRAS",IRON,"Geral",MOTOCICLO
182329,"GUIA COR TRANS XR 250 XRE 300 DIANT","GUIA COR TRANS XR 250 XRE 300 DIANT","GUIA COR TRANS XR 250 XRE 300 DIANT",IRON,"Geral",MOTOCICLO
182337,"GUIA COR TRANS. XLR/NX 125/150","GUIA COR TRANS. XLR/NX 125/150","GUIA COR TRANS. XLR/NX 125/150",IRON,"Geral",MOTOCICLO
182347,"GUIA COR TRANS YBR 125 09/16 BORRACHA","GUIA COR TRANS YBR 125 09/16 BORRACHA","GUIA COR TRANS YBR 125 09/16 BORRACHA",IRON,"Borrachas/Buchas",MOTOCICLO
182339,"GUIA COR TRANS YES 125 BORRACHA","GUIA COR TRANS YES 125 BORRACHA","GUIA COR TRANS YES 125 BORRACHA",IRON,"Borrachas/Buchas",MOTOCICLO
182341,"GUIA COR TRANS. PHOENIX 50","GUIA COR TRANS. PHOENIX 50","GUIA COR TRANS. PHOENIX 50",IRON,"Geral",MOTOCICLO
182351,"GUIA COR TRANS. CG 150 09/15 BORRACHA","GUIA COR TRANS. CG 150 09/15 BORRACHA","GUIA COR TRANS. CG 150 09/15 BORRACHA",IRON,"Borrachas/Buchas",MOTOCICLO
182333,"GUIA COR TRANS. XR 250/XRE 300","GUIA COR TRANS. XR 250/XRE 300","GUIA COR TRANS. XR 250/XRE 300",IRON,"Geral",MOTOCICLO
185347,"GUIA COR TRANS. BIZ 100/125 99/10","GUIA COR TRANS. BIZ 100/125 99/10","GUIA COR TRANS. BIZ 100/125 99/10",IRON,"Geral",MOTOCICLO
185318,"GUIA COR TRANS. CG 125 00/08","GUIA COR TRANS. CG 125 00/08","GUIA COR TRANS. CG 125 00/08",IRON,"Geral",MOTOCICLO
182327,"GUIA COR TRANS. JET 50","GUIA COR TRANS. JET 50","GUIA COR TRANS. JET 50",IRON,"Geral",MOTOCICLO
185291,"BORRACHA BAGAG. XTZ 150 CROSSER","BORRACHA BAGAG. XTZ 150 CROSSER","BORRACHA BAGAG. XTZ 150 CROSSER",IRON,"Borrachas/Buchas",MOTOCICLO
202883,"COXIM PROTETOR ESC CG 125/150 RED","COXIM PROTETOR ESC CG 125/150 RED","COXIM PROTETOR ESC CG 125/150 RED",IRON,"Borrachas/Buchas",MOTOCICLO
176313,"BORRACHA SUPORTE PAINEL CG 125/150","BORRACHA SUPORTE PAINEL CG 125/150","BORRACHA SUPORTE PAINEL CG 125/150",IRON,"Borrachas/Buchas",MOTOCICLO
188368,"COXIM PARALAMA D CG 150","COXIM PARALAMA D CG 150","COXIM PARALAMA D CG 150",IRON,"Borrachas/Buchas",MOTOCICLO
188372,"COXIM SUP. PAINEL CG 150","COXIM SUP. PAINEL CG 150","COXIM SUP. PAINEL CG 150",IRON,"Borrachas/Buchas",MOTOCICLO
188370,"BORRACHA T LAT CG 125/150/160 RED","BORRACHA T LAT CG 125/150/160 RED","BORRACHA T LAT CG 125/150/160 RED",IRON,"Borrachas/Buchas",MOTOCICLO
188376,"BORRACHA ESTRIBO JET 50 PAR","BORRACHA ESTRIBO JET 50 PAR","BORRACHA ESTRIBO JET 50 PAR",IRON,"Borrachas/Buchas",MOTOCICLO
188392,"SANFONA NX/XR 200 24D PT","SANFONA NX/XR 200 24D PT","SANFONA NX/XR 200 24D PT",IRON,"Borrachas/Buchas",MOTOCICLO
188388,"SANFONA XLR NXR 125/150 18D PRETA","SANFONA XLR NXR 125/150 18D PRETA","SANFONA XLR NXR 125/150 18D PRETA",IRON,"Borrachas/Buchas",MOTOCICLO
188404,"SANFONA XR 250 NX 400 32D","SANFONA XR 250 NX 400 32D","SANFONA XR 250 NX 400 32D",IRON,"Borrachas/Buchas",MOTOCICLO
188397,"SANFONA CG 150 09 13D PRETA PAR","SANFONA CG 150 09 13D PRETA PAR","SANFONA CG 150 09 13D PRETA PAR",IRON,"Borrachas/Buchas",MOTOCICLO
188390,"SANFONA CG 125/150 11D PRETA","SANFONA CG 125/150 11D PRETA","SANFONA CG 125/150 11D PRETA",IRON,"Borrachas/Buchas",MOTOCICLO
188399,"SANFONA NXR 150 09 21D PRETA","SANFONA NXR 150 09 21D PRETA","SANFONA NXR 150 09 21D PRETA",IRON,"Borrachas/Buchas",MOTOCICLO
188380,"COIFA HOMOCINÉTICA QUADRIC. FOURTRAX 420 08/13","COIFA HOMOCINÉTICA QUADRIC. FOURTRAX 420 08/13","COIFA HOMOCINÉTICA QUADRIC. FOURTRAX 420 08/13",IRON,"Geral",MOTOCICLO
188395,"COXIM PROTETOR ESC NXR 150/160 REDONDO","COXIM PROTETOR ESC NXR 150/160 REDONDO","COXIM PROTETOR ESC NXR 150/160 REDONDO",IRON,"Borrachas/Buchas",MOTOCICLO
188378,"BORRACHA ESTRIBO JET PHOENIX GOLD 50 PAR","BORRACHA ESTRIBO JET PHOENIX GOLD 50 PAR","BORRACHA ESTRIBO JET PHOENIX GOLD 50 PAR",IRON,"Borrachas/Buchas",MOTOCICLO
188374,"BORRACHA ESTRIBO CG 125/150 PAR","BORRACHA ESTRIBO CG 125/150 PAR","BORRACHA ESTRIBO CG 125/150 PAR",IRON,"Borrachas/Buchas",MOTOCICLO
188386,"BORRACHA BANCO CG 125/150 09/15 POP 100 QUADRADA","BORRACHA BANCO CG 125/150 09/15 POP 100 QUADRADA","BORRACHA BANCO CG 125/150 09/15 POP 100 QUADRADA",IRON,"Borrachas/Buchas",MOTOCICLO
188406,"BORRACHA BANCO POP 100/110I QUADRADA","BORRACHA BANCO POP 100/110I QUADRADA","BORRACHA BANCO POP 100/110I QUADRADA",IRON,"Borrachas/Buchas",MOTOCICLO
188401,"BORRACHA ALÇA BANCO JET 50/50 X 125 X ESQ","BORRACHA ALÇA BANCO JET 50/50 X 125 X ESQ","BORRACHA ALÇA BANCO JET 50/50 X 125 X ESQ",IRON,"Borrachas/Buchas",MOTOCICLO
188365,"BORRACHA ALÇA BANCO JET 50/50 X 125 X DIR","BORRACHA ALÇA BANCO JET 50/50 X 125 X DIR","BORRACHA ALÇA BANCO JET 50/50 X 125 X DIR",IRON,"Borrachas/Buchas",MOTOCICLO
122473,"117","117","117",IRON,"Geral",MOTOCICLO
119804,"BORRACHA / BANCO / APARA BARRO / GUIA / PROTETOR","BORRACHA / BANCO / APARA BARRO / GUIA / PROTETOR","BORRACHA / BANCO / APARA BARRO / GUIA / PROTETOR",IRON,"Borrachas/Buchas",MOTOCICLO
188383,"BORRACHA T LAT YBR 125 QUADRADO","BORRACHA T LAT YBR 125 QUADRADO","BORRACHA T LAT YBR 125 QUADRADO",IRON,"Borrachas/Buchas",MOTOCICLO
200806,"BANCO JET 50 50 X/125 X","BANCO JET 50 50 X/125 X","BANCO JET 50 50 X/125 X",IRON,"Banco/Proteção",MOTOCICLO
200817,"CAPA TÉRMICA NYLON","CAPA TÉRMICA NYLON","CAPA TÉRMICA NYLON",IRON,"Geral",MOTOCICLO
200809,"BIZ 100/125/JET 50","BIZ 100/125/JET 50","BIZ 100/125/JET 50",IRON,"Geral",MOTOCICLO
200819,"CG 125/150/160","CG 125/150/160","CG 125/150/160",IRON,"Geral",MOTOCICLO
200815,"BANCO PHOENIX GOLD 50","BANCO PHOENIX GOLD 50","BANCO PHOENIX GOLD 50",IRON,"Banco/Proteção",MOTOCICLO
200813,"POP 110I","POP 110I","POP 110I",IRON,"Geral",MOTOCICLO
188408,"APARA BARRO GRANDE C/ SÍMBOLO HONDA","APARA BARRO GRANDE C/ SÍMBOLO HONDA","APARA BARRO GRANDE C/ SÍMBOLO HONDA",IRON,"Banco/Proteção",MOTOCICLO
8689,"APARA BARRO MEDIO C/ SÍMBOLO HONDA","APARA BARRO MEDIO C/ SÍMBOLO HONDA","APARA BARRO MEDIO C/ SÍMBOLO HONDA",IRON,"Banco/Proteção",MOTOCICLO
176314,"APARA BARRO GRANDE C/ SIMBOLO HONDA","APARA BARRO GRANDE C/ SIMBOLO HONDA","APARA BARRO GRANDE C/ SIMBOLO HONDA",IRON,"Banco/Proteção",MOTOCICLO
188236,"APARA BARRO NXR 125/150/160 GRANDE C/ SIMBOLO HONDA","APARA BARRO NXR 125/150/160 GRANDE C/ SIMBOLO HONDA","APARA BARRO NXR 125/150/160 GRANDE C/ SIMBOLO HONDA",IRON,"Banco/Proteção",MOTOCICLO
120478,"APARA BARRO GRANDE C/SIMBOLO","APARA BARRO GRANDE C/SIMBOLO","APARA BARRO GRANDE C/SIMBOLO",IRON,"Banco/Proteção",MOTOCICLO
27387,"GUIA COM. CBX XR 250/CB XRE 300","GUIA COM. CBX XR 250/CB XRE 300","GUIA COM. CBX XR 250/CB XRE 300",IRON,"Geral",MOTOCICLO
27391,"GUIA COM. CG/NXR 160 XRE 190","GUIA COM. CG/NXR 160 XRE 190","GUIA COM. CG/NXR 160 XRE 190",IRON,"Geral",MOTOCICLO
182283,"GUIA COM. YS 250 FAZER XTZ 250 LANDER","GUIA COM. YS 250 FAZER XTZ 250 LANDER","GUIA COM. YS 250 FAZER XTZ 250 LANDER",IRON,"Geral",MOTOCICLO
27407,"GUIA COM. YS 150 FAZER XTZ 150 CROSSER","GUIA COM. YS 150 FAZER XTZ 150 CROSSER","GUIA COM. YS 150 FAZER XTZ 150 CROSSER",IRON,"Geral",MOTOCICLO
121913,"TENSOR COM. CBX/NX XR 200","TENSOR COM. CBX/NX XR 200","TENSOR COM. CBX/NX XR 200",IRON,"Motor",MOTOCICLO
182287,"GUIA COM CBX/NX/XR CRF 200/230","GUIA COM CBX/NX/XR CRF 200/230","GUIA COM CBX/NX/XR CRF 200/230",IRON,"Geral",MOTOCICLO
27393,"GUIA COM. YBR/XTZ 125 06/08","GUIA COM. YBR/XTZ 125 06/08","GUIA COM. YBR/XTZ 125 06/08",IRON,"Geral",MOTOCICLO
27412,"GUIA COR PARTIDA JET 50/50 X 125 X DIR","GUIA COR PARTIDA JET 50/50 X 125 X DIR","GUIA COR PARTIDA JET 50/50 X 125 X DIR",IRON,"Partida",MOTOCICLO
27411,"GUIA COR PARTIDA JET 50/50 X 125 X ESQ","GUIA COR PARTIDA JET 50/50 X 125 X ESQ","GUIA COR PARTIDA JET 50/50 X 125 X ESQ",IRON,"Partida",MOTOCICLO
27413,"GUIA COM CG 150 04/14 NXR 150 06/14","GUIA COM CG 150 04/14 NXR 150 06/14","GUIA COM CG 150 04/14 NXR 150 06/14",IRON,"Geral",MOTOCICLO
44987,"PROTETOR COR NXR 125 150/160 PT","PROTETOR COR NXR 125 150/160 PT","PROTETOR COR NXR 125 150/160 PT",IRON,"Geral",MOTOCICLO
176457,"PROTETOR COR XLR 125 XRE 300 XR 250","PROTETOR COR XLR 125 XRE 300 XR 250","PROTETOR COR XLR 125 XRE 300 XR 250",IRON,"Geral",MOTOCICLO
185396,"PROTETOR GUIA CORRENTE TRANS CRF 230 TRAS","PROTETOR GUIA CORRENTE TRANS CRF 230 TRAS","PROTETOR GUIA CORRENTE TRANS CRF 230 TRAS",IRON,"Transmissão",MOTOCICLO
27402,"GUIA COM. BIZ 125","GUIA COM. BIZ 125","GUIA COM. BIZ 125",IRON,"Geral",MOTOCICLO
27409,"118","118","118",IRON,"Geral",MOTOCICLO
185403,"PUNHO / ROLDANA / PEDALEIRA / PESO GUIDÃO","PUNHO / ROLDANA / PEDALEIRA / PESO GUIDÃO","PUNHO / ROLDANA / PEDALEIRA / PESO GUIDÃO",IRON,"Guidão/Comandos",MOTOCICLO
185398,"PUNHO BIZ 125 2006 2014 MODELO ORIGINAL","PUNHO BIZ 125 2006 2014 MODELO ORIGINAL","PUNHO BIZ 125 2006 2014 MODELO ORIGINAL",IRON,"Guidão/Comandos",MOTOCICLO
185392,"PUNHO CG 125/150 PVC MOD ORIGINAL","PUNHO CG 125/150 PVC MOD ORIGINAL","PUNHO CG 125/150 PVC MOD ORIGINAL",IRON,"Guidão/Comandos",MOTOCICLO
185399,"PUNHO YBR 125 MOD ORIGINAL","PUNHO YBR 125 MOD ORIGINAL","PUNHO YBR 125 MOD ORIGINAL",IRON,"Guidão/Comandos",MOTOCICLO
185401,"ROLDANA ACEL CG 125/150 14","ROLDANA ACEL CG 125/150 14","ROLDANA ACEL CG 125/150 14",IRON,"Guidão/Comandos",MOTOCICLO
27388,"ROLDANA ACEL YS 150 YBR 125I/150","ROLDANA ACEL YS 150 YBR 125I/150","ROLDANA ACEL YS 150 YBR 125I/150",IRON,"Guidão/Comandos",MOTOCICLO
189137,"ROLDANA ACEL XTZ 125 03/15","ROLDANA ACEL XTZ 125 03/15","ROLDANA ACEL XTZ 125 03/15",IRON,"Guidão/Comandos",MOTOCICLO
185391,"ROLDANA ACEL NXR 160","ROLDANA ACEL NXR 160","ROLDANA ACEL NXR 160",IRON,"Guidão/Comandos",MOTOCICLO
182271,"ROLDANA ACEL CBX CB 300","ROLDANA ACEL CBX CB 300","ROLDANA ACEL CBX CB 300",IRON,"Guidão/Comandos",MOTOCICLO
182273,"PEDALEIRA JET 50 TRAS. ESQ.","PEDALEIRA JET 50 TRAS. ESQ.","PEDALEIRA JET 50 TRAS. ESQ.",IRON,"Pedais",MOTOCICLO
185957,"PEDALEIRA PHOENIX 50 TRAS. ESQ.","PEDALEIRA PHOENIX 50 TRAS. ESQ.","PEDALEIRA PHOENIX 50 TRAS. ESQ.",IRON,"Pedais",MOTOCICLO
185395,"PEDALEIRA PHOENIX 50 TRAS. DIR.","PEDALEIRA PHOENIX 50 TRAS. DIR.","PEDALEIRA PHOENIX 50 TRAS. DIR.",IRON,"Pedais",MOTOCICLO
27390,"PEDALEIRA JET 50 TRAS. DIR","PEDALEIRA JET 50 TRAS. DIR","PEDALEIRA JET 50 TRAS. DIR",IRON,"Pedais",MOTOCICLO
27383,"PEDALEIRA CG 160 CB 250F TRAS DIR","PEDALEIRA CG 160 CB 250F TRAS DIR","PEDALEIRA CG 160 CB 250F TRAS DIR",IRON,"Pedais",MOTOCICLO
27405,"PEDALEIRA CG 160 CB 250F TRAS ESQ","PEDALEIRA CG 160 CB 250F TRAS ESQ","PEDALEIRA CG 160 CB 250F TRAS ESQ",IRON,"Pedais",MOTOCICLO
201966,"PEDALEIRA CBX 200/250 CB 300 ESQ","PEDALEIRA CBX 200/250 CB 300 ESQ","PEDALEIRA CBX 200/250 CB 300 ESQ",IRON,"Pedais",MOTOCICLO
27408,"PEDALEIRA CBX 200/250 CB 300 DIR","PEDALEIRA CBX 200/250 CB 300 DIR","PEDALEIRA CBX 200/250 CB 300 DIR",IRON,"Pedais",MOTOCICLO
27404,"PESO GUIDÃO PCX 150 19/22 VERM. P/ PESO INT PAR","PESO GUIDÃO PCX 150 19/22 VERM. P/ PESO INT PAR","PESO GUIDÃO PCX 150 19/22 VERM. P/ PESO INT PAR",IRON,"Guidão/Comandos",MOTOCICLO
27381,"PESO GUIDÃO PCX 150 19/22 CROMADO P/ PESO INT PAR","PESO GUIDÃO PCX 150 19/22 CROMADO P/ PESO INT PAR","PESO GUIDÃO PCX 150 19/22 CROMADO P/ PESO INT PAR",IRON,"Guidão/Comandos",MOTOCICLO
185397,"PESO GUIDÃO PCX 150 19/22 AZUL P/ PESO INT PAR","PESO GUIDÃO PCX 150 19/22 AZUL P/ PESO INT PAR","PESO GUIDÃO PCX 150 19/22 AZUL P/ PESO INT PAR",IRON,"Guidão/Comandos",MOTOCICLO
27382,"PESO GUIDÃO PCX 150 19/22 PRETO P/ PESO INT PAR","PESO GUIDÃO PCX 150 19/22 PRETO P/ PESO INT PAR","PESO GUIDÃO PCX 150 19/22 PRETO P/ PESO INT PAR",IRON,"Guidão/Comandos",MOTOCICLO
27380,"PESO GUIDÃO PCX 150 19/22 AZUL C/ BUCHA PAR UNIVERSAL","PESO GUIDÃO PCX 150 19/22 AZUL C/ BUCHA PAR UNIVERSAL","PESO GUIDÃO PCX 150 19/22 AZUL C/ BUCHA PAR UNIVERSAL",IRON,"Guidão/Comandos",MOTOCICLO
27414,"PESO GUIDÃO PCX 150 19/22 PRETO C/ BUCHA PAR UNIVERSAL","PESO GUIDÃO PCX 150 19/22 PRETO C/ BUCHA PAR UNIVERSAL","PESO GUIDÃO PCX 150 19/22 PRETO C/ BUCHA PAR UNIVERSAL",IRON,"Guidão/Comandos",MOTOCICLO
27398,"PESO GUIDÃO PCX 150 19/22 VERM. C/ BUCHA PAR UNIVERSAL","PESO GUIDÃO PCX 150 19/22 VERM. C/ BUCHA PAR UNIVERSAL","PESO GUIDÃO PCX 150 19/22 VERM. C/ BUCHA PAR UNIVERSAL",IRON,"Guidão/Comandos",MOTOCICLO
27385,"DISCO EMBRE. YES/KANATA INTRUDER 125","DISCO EMBRE. YES/KANATA INTRUDER 125","DISCO EMBRE. YES/KANATA INTRUDER 125",IRON,"Freios",MOTOCICLO
27384,"PESO GUIDÃO PCX 150 19/22 DOURADO C/ BUCHA PAR UNIVERSAL","PESO GUIDÃO PCX 150 19/22 DOURADO C/ BUCHA PAR UNIVERSAL","PESO GUIDÃO PCX 150 19/22 DOURADO C/ BUCHA PAR UNIVERSAL",IRON,"Guidão/Comandos",MOTOCICLO
27394,"PESO GUIDÃO JET 50/50X/125X PRETO UNI","PESO GUIDÃO JET 50/50X/125X PRETO UNI","PESO GUIDÃO JET 50/50X/125X PRETO UNI",IRON,"Guidão/Comandos",MOTOCICLO
27395,"119","119","119",IRON,"Geral",MOTOCICLO
182275,"TAMPA TANQUE / CONJ. TRAVA","TAMPA TANQUE / CONJ. TRAVA","TAMPA TANQUE / CONJ. TRAVA",IRON,"Ignição/Travas",MOTOCICLO
182285,"TAMPA TANQUE LEAD 110","TAMPA TANQUE LEAD 110","TAMPA TANQUE LEAD 110",IRON,"Geral",MOTOCICLO
185390,"TAMPA TANQUE CG 125 82/94","TAMPA TANQUE CG 125 82/94","TAMPA TANQUE CG 125 82/94",IRON,"Geral",MOTOCICLO
185400,"TAMPA TANQUE CG 125/150 95/13 CROMADA","TAMPA TANQUE CG 125/150 95/13 CROMADA","TAMPA TANQUE CG 125/150 95/13 CROMADA",IRON,"Geral",MOTOCICLO
185402,"TAMPA TANQUE YBR 125 05/YS 250 FAZER/XTZ 250","TAMPA TANQUE YBR 125 05/YS 250 FAZER/XTZ 250","TAMPA TANQUE YBR 125 05/YS 250 FAZER/XTZ 250",IRON,"Geral",MOTOCICLO
119801,"TAMPA TANQUE YBR/XTZ 125 04","TAMPA TANQUE YBR/XTZ 125 04","TAMPA TANQUE YBR/XTZ 125 04",IRON,"Geral",MOTOCICLO
182435,"TAMPA TANQUE YES 125 04/12","TAMPA TANQUE YES 125 04/12","TAMPA TANQUE YES 125 04/12",IRON,"Geral",MOTOCICLO
182433,"TAMPA TAQUE POP 110I","TAMPA TAQUE POP 110I","TAMPA TAQUE POP 110I",IRON,"Geral",MOTOCICLO
182425,"TAMPA TANQUE N-MAX 160","TAMPA TANQUE N-MAX 160","TAMPA TANQUE N-MAX 160",IRON,"Geral",MOTOCICLO
182427,"TAMPA TANQUE JET 50-125X","TAMPA TANQUE JET 50-125X","TAMPA TANQUE JET 50-125X",IRON,"Geral",MOTOCICLO
182431,"TAMPA TANQUE INTRUDER 125","TAMPA TANQUE INTRUDER 125","TAMPA TANQUE INTRUDER 125",IRON,"Geral",MOTOCICLO
182429,"TAMPA TANQUE DAFRA SPEED 150 MAX 125 08","TAMPA TANQUE DAFRA SPEED 150 MAX 125 08","TAMPA TANQUE DAFRA SPEED 150 MAX 125 08",IRON,"Geral",MOTOCICLO
195757,"TAMPA TANQUE CRYPTON 105/115","TAMPA TANQUE CRYPTON 105/115","TAMPA TANQUE CRYPTON 105/115",IRON,"Geral",MOTOCICLO
182437,"TAMPA TANQUE CG/NXR 150/160 15/17","TAMPA TANQUE CG/NXR 150/160 15/17","TAMPA TANQUE CG/NXR 150/160 15/17",IRON,"Geral",MOTOCICLO
201364,"TAMPA TANQUE XTZ 150 CROSSER","TAMPA TANQUE XTZ 150 CROSSER","TAMPA TANQUE XTZ 150 CROSSER",IRON,"Geral",MOTOCICLO
201327,"TAMPA TANQUE PHOENIX/JONNY HYPE 50/110","TAMPA TANQUE PHOENIX/JONNY HYPE 50/110","TAMPA TANQUE PHOENIX/JONNY HYPE 50/110",IRON,"Geral",MOTOCICLO
201331,"TAMPA TANQUE BIZ/DREAM/WEB 100/125","TAMPA TANQUE BIZ/DREAM/WEB 100/125","TAMPA TANQUE BIZ/DREAM/WEB 100/125",IRON,"Geral",MOTOCICLO
201324,"TAMPA TANQUE PCX 150 NC 700X 13/15 ELITE 125 19","TAMPA TANQUE PCX 150 NC 700X 13/15 ELITE 125 19","TAMPA TANQUE PCX 150 NC 700X 13/15 ELITE 125 19",IRON,"Geral",MOTOCICLO
27533,"CONJUNTO TRAVAS XTZ 250 LANDER 05/08","CONJUNTO TRAVAS XTZ 250 LANDER 05/08","CONJUNTO TRAVAS XTZ 250 LANDER 05/08",IRON,"Ignição/Travas",MOTOCICLO
201365,"CONJUNTO TRAVAS YBR 125 06/08","CONJUNTO TRAVAS YBR 125 06/08","CONJUNTO TRAVAS YBR 125 06/08",IRON,"Ignição/Travas",MOTOCICLO
185350,"CONJUNTO TRAVAS YS 250 FAZER 07/10 3 PECAS","CONJUNTO TRAVAS YS 250 FAZER 07/10 3 PECAS","CONJUNTO TRAVAS YS 250 FAZER 07/10 3 PECAS",IRON,"Ignição/Travas",MOTOCICLO
27537,"CONJUNTO TRAVAS YS 250 FAZER 11/15 3 PECAS","CONJUNTO TRAVAS YS 250 FAZER 11/15 3 PECAS","CONJUNTO TRAVAS YS 250 FAZER 11/15 3 PECAS",IRON,"Ignição/Travas",MOTOCICLO
119805,"CONJUNTO TRAVA NXR 150 13/15 4 PECAS","CONJUNTO TRAVA NXR 150 13/15 4 PECAS","CONJUNTO TRAVA NXR 150 13/15 4 PECAS",IRON,"Ignição/Travas",MOTOCICLO
27534,"CONJUNTO TRAVAS JET 50","CONJUNTO TRAVAS JET 50","CONJUNTO TRAVAS JET 50",IRON,"Ignição/Travas",MOTOCICLO
27530,"CONJUNTO TRAVAS CG 125 02/08","CONJUNTO TRAVAS CG 125 02/08","CONJUNTO TRAVAS CG 125 02/08",IRON,"Ignição/Travas",MOTOCICLO
188318,"CONJUNTO TRAVAS CG 150 09/13","CONJUNTO TRAVAS CG 150 09/13","CONJUNTO TRAVAS CG 150 09/13",IRON,"Ignição/Travas",MOTOCICLO
188326,"CONJUNTO TRAVAS CG 150 04/08","CONJUNTO TRAVAS CG 150 04/08","CONJUNTO TRAVAS CG 150 04/08",IRON,"Ignição/Travas",MOTOCICLO
45383,"CONJUNTO TRAVAS BIZ 125 09/17 3 PECAS","CONJUNTO TRAVAS BIZ 125 09/17 3 PECAS","CONJUNTO TRAVAS BIZ 125 09/17 3 PECAS",IRON,"Ignição/Travas",MOTOCICLO
27531,"CONJUNTO TRAVAS CB 300R 4 PECAS","CONJUNTO TRAVAS CB 300R 4 PECAS","CONJUNTO TRAVAS CB 300R 4 PECAS",IRON,"Ignição/Travas",MOTOCICLO
27532,"CONJUNTO TRAVA CG 150 FAN 10/13 2 PECAS","CONJUNTO TRAVA CG 150 FAN 10/13 2 PECAS","CONJUNTO TRAVA CG 150 FAN 10/13 2 PECAS",IRON,"Ignição/Travas",MOTOCICLO
27525,"CONJUNTO TRAVAS NXR 125/150 02/05 4 PECAS","CONJUNTO TRAVAS NXR 125/150 02/05 4 PECAS","CONJUNTO TRAVAS NXR 125/150 02/05 4 PECAS",IRON,"Ignição/Travas",MOTOCICLO
45380,"CONJUNTO TRAVAS NXR 150 06/08 3 PECAS","CONJUNTO TRAVAS NXR 150 06/08 3 PECAS","CONJUNTO TRAVAS NXR 150 06/08 3 PECAS",IRON,"Ignição/Travas",MOTOCICLO
27536,"CONJUNTO TRAVAS XTZ 125 06/08 3 PECAS","CONJUNTO TRAVAS XTZ 125 06/08 3 PECAS","CONJUNTO TRAVAS XTZ 125 06/08 3 PECAS",IRON,"Ignição/Travas",MOTOCICLO
45381,"120","120","120",IRON,"Geral",MOTOCICLO
188314,"CONJ. TRAVA / TRAVA / IGNIÇÃO","CONJ. TRAVA / TRAVA / IGNIÇÃO","CONJ. TRAVA / TRAVA / IGNIÇÃO",IRON,"Ignição",MOTOCICLO
27527,"CONJUNTO TRAVAS CG 125 14/15 2PCS","CONJUNTO TRAVAS CG 125 14/15 2PCS","CONJUNTO TRAVAS CG 125 14/15 2PCS",IRON,"Ignição/Travas",MOTOCICLO
45382,"CONJUNTO TRAVAS CG 125I 16/18 2PCS","CONJUNTO TRAVAS CG 125I 16/18 2PCS","CONJUNTO TRAVAS CG 125I 16/18 2PCS",IRON,"Ignição/Travas",MOTOCICLO
122475,"CONJUNTO TRAVAS CG 125 00/01 5PCS","CONJUNTO TRAVAS CG 125 00/01 5PCS","CONJUNTO TRAVAS CG 125 00/01 5PCS",IRON,"Ignição/Travas",MOTOCICLO
182356,"CONJUNTO TRAVAS CG 125 09/13 3PCS","CONJUNTO TRAVAS CG 125 09/13 3PCS","CONJUNTO TRAVAS CG 125 09/13 3PCS",IRON,"Ignição/Travas",MOTOCICLO
188324,"CONJUNTO TRAVAS CG 150 14/15 3PCS","CONJUNTO TRAVAS CG 150 14/15 3PCS","CONJUNTO TRAVAS CG 150 14/15 3PCS",IRON,"Ignição/Travas",MOTOCICLO
188329,"CONJUNTO TRAVAS CG 150 FAN 14/15 2PCS","CONJUNTO TRAVAS CG 150 FAN 14/15 2PCS","CONJUNTO TRAVAS CG 150 FAN 14/15 2PCS",IRON,"Ignição/Travas",MOTOCICLO
188316,"CONJUNTO TRAVAS CG 160 EX 18/19 3PCS","CONJUNTO TRAVAS CG 160 EX 18/19 3PCS","CONJUNTO TRAVAS CG 160 EX 18/19 3PCS",IRON,"Ignição/Travas",MOTOCICLO
45379,"CONJUNTO TRAVAS CG 160 EX FAN/START 160 16/17 3PCS","CONJUNTO TRAVAS CG 160 EX FAN/START 160 16/17 3PCS","CONJUNTO TRAVAS CG 160 EX FAN/START 160 16/17 3PCS",IRON,"Ignição/Travas",MOTOCICLO
27523,"CONJUNTO TRAVAS CG 160 FAN START 160 18/19 2PCS","CONJUNTO TRAVAS CG 160 FAN START 160 18/19 2PCS","CONJUNTO TRAVAS CG 160 FAN START 160 18/19 2PCS",IRON,"Ignição/Travas",MOTOCICLO
27529,"CONJUNTO TRAVAS CRYPTON 115 2PCS","CONJUNTO TRAVAS CRYPTON 115 2PCS","CONJUNTO TRAVAS CRYPTON 115 2PCS",IRON,"Ignição/Travas",MOTOCICLO
4250,"CONJUNTO TRAVAS NXR 160 15/17 3PCS","CONJUNTO TRAVAS NXR 160 15/17 3PCS","CONJUNTO TRAVAS NXR 160 15/17 3PCS",IRON,"Ignição/Travas",MOTOCICLO
27524,"CONJUNTO TRAVAS NXR 160 18/19 ESDD 3PCS","CONJUNTO TRAVAS NXR 160 18/19 ESDD 3PCS","CONJUNTO TRAVAS NXR 160 18/19 ESDD 3PCS",IRON,"Ignição/Travas",MOTOCICLO
27528,"CONJUNTO TRAVAS POP 100 3PCS","CONJUNTO TRAVAS POP 100 3PCS","CONJUNTO TRAVAS POP 100 3PCS",IRON,"Ignição/Travas",MOTOCICLO
188322,"CONJUNTO TRAVAS NXR 150 09/12 4PCS","CONJUNTO TRAVAS NXR 150 09/12 4PCS","CONJUNTO TRAVAS NXR 150 09/12 4PCS",IRON,"Ignição/Travas",MOTOCICLO
188312,"CONJUNTO TRAVAS YS 250 FAZER 06 3PCS","CONJUNTO TRAVAS YS 250 FAZER 06 3PCS","CONJUNTO TRAVAS YS 250 FAZER 06 3PCS",IRON,"Ignição/Travas",MOTOCICLO
188320,"CONJUNTO TRAVAS YBR/XTZ 125 05 2PCS","CONJUNTO TRAVAS YBR/XTZ 125 05 2PCS","CONJUNTO TRAVAS YBR/XTZ 125 05 2PCS",IRON,"Ignição/Travas",MOTOCICLO
176458,"CONJUNTO TRAVAS PCX 150 13/15 2PCS","CONJUNTO TRAVAS PCX 150 13/15 2PCS","CONJUNTO TRAVAS PCX 150 13/15 2PCS",IRON,"Ignição/Travas",MOTOCICLO
27526,"CONJUNTO TRAVAS POP 110I 3PCS","CONJUNTO TRAVAS POP 110I 3PCS","CONJUNTO TRAVAS POP 110I 3PCS",IRON,"Ignição/Travas",MOTOCICLO
41521,"CONJUNTO TRAVAS YBR/XTZ 125 09/15","CONJUNTO TRAVAS YBR/XTZ 125 09/15","CONJUNTO TRAVAS YBR/XTZ 125 09/15",IRON,"Ignição/Travas",MOTOCICLO
176462,"TRAVA BANCO PHOENIX GOLD 50 JONNY HYPE 50","TRAVA BANCO PHOENIX GOLD 50 JONNY HYPE 50","TRAVA BANCO PHOENIX GOLD 50 JONNY HYPE 50",IRON,"Ignição/Travas",MOTOCICLO
41525,"TRAVA BANCO CBX 200/250","TRAVA BANCO CBX 200/250","TRAVA BANCO CBX 200/250",IRON,"Ignição/Travas",MOTOCICLO
41522,"TRAVA BANCO CRYPTON 105","TRAVA BANCO CRYPTON 105","TRAVA BANCO CRYPTON 105",IRON,"Ignição/Travas",MOTOCICLO
198631,"TRAVA BANCO YS 250 FAZER 06/10","TRAVA BANCO YS 250 FAZER 06/10","TRAVA BANCO YS 250 FAZER 06/10",IRON,"Ignição/Travas",MOTOCICLO
41527,"TRAVA GUIDÃO CG 125/POP 100 HUNTER 90","TRAVA GUIDÃO CG 125/POP 100 HUNTER 90","TRAVA GUIDÃO CG 125/POP 100 HUNTER 90",IRON,"Ignição/Travas",MOTOCICLO
176468,"TRAVA TAMPA LAT YBR XTZ 125 00/08","TRAVA TAMPA LAT YBR XTZ 125 00/08","TRAVA TAMPA LAT YBR XTZ 125 00/08",IRON,"Ignição/Travas",MOTOCICLO
176466,"TRAVA T LAT CG 150 INF DIR","TRAVA T LAT CG 150 INF DIR","TRAVA T LAT CG 150 INF DIR",IRON,"Ignição/Travas",MOTOCICLO
198637,"IGNICAO CB 250F 19/22","IGNICAO CB 250F 19/22","IGNICAO CB 250F 19/22",IRON,"Geral",MOTOCICLO
41530,"IGNIÇÃO CG FAN 160 START 160 18/20","IGNIÇÃO CG FAN 160 START 160 18/20","IGNIÇÃO CG FAN 160 START 160 18/20",IRON,"Ignição",MOTOCICLO
41520,"IGNIÇÃO GSR 11/15","IGNIÇÃO GSR 11/15","IGNIÇÃO GSR 11/15",IRON,"Ignição",MOTOCICLO
41532,"IGNIÇÃO CB 250F 16/18","IGNIÇÃO CB 250F 16/18","IGNIÇÃO CB 250F 16/18",IRON,"Ignição",MOTOCICLO
41523,"121","121","121",IRON,"Geral",MOTOCICLO
176464,"IGNIÇÃO","IGNIÇÃO","IGNIÇÃO",IRON,"Ignição",MOTOCICLO
176467,"IGNIÇÃO CG 150 09/13","IGNIÇÃO CG 150 09/13","IGNIÇÃO CG 150 09/13",IRON,"Ignição",MOTOCICLO
41524,"IGNIÇÃO N-MAX 160","IGNIÇÃO N-MAX 160","IGNIÇÃO N-MAX 160",IRON,"Ignição",MOTOCICLO
41528,"IGNIÇÃO POP 100 13/15","IGNIÇÃO POP 100 13/15","IGNIÇÃO POP 100 13/15",IRON,"Ignição",MOTOCICLO
41531,"IGNIÇÃO XTZ 150 CROSSER","IGNIÇÃO XTZ 150 CROSSER","IGNIÇÃO XTZ 150 CROSSER",IRON,"Ignição",MOTOCICLO
198629,"IGNIÇÃO CG 150 FAN 10/13","IGNIÇÃO CG 150 FAN 10/13","IGNIÇÃO CG 150 FAN 10/13",IRON,"Ignição",MOTOCICLO
45384,"IGNIÇÃO CG/FAN 150 14","IGNIÇÃO CG/FAN 150 14","IGNIÇÃO CG/FAN 150 14",IRON,"Ignição",MOTOCICLO
201398,"IGNIÇÃO CG FAN 160 START 160 16/17","IGNIÇÃO CG FAN 160 START 160 16/17","IGNIÇÃO CG FAN 160 START 160 16/17",IRON,"Ignição",MOTOCICLO
182358,"IGNIÇÃO HUNTER 90","IGNIÇÃO HUNTER 90","IGNIÇÃO HUNTER 90",IRON,"Ignição",MOTOCICLO
188353,"IGNIÇÃO XR 250 02/05/NX 400 00/05","IGNIÇÃO XR 250 02/05/NX 400 00/05","IGNIÇÃO XR 250 02/05/NX 400 00/05",IRON,"Ignição",MOTOCICLO
27548,"IGNIÇÃO XTZ 250 LANDER 05/08","IGNIÇÃO XTZ 250 LANDER 05/08","IGNIÇÃO XTZ 250 LANDER 05/08",IRON,"Ignição",MOTOCICLO
188341,"IGNIÇÃO XTZ 250 LANDER 05/08","IGNIÇÃO XTZ 250 LANDER 05/08","IGNIÇÃO XTZ 250 LANDER 05/08",IRON,"Ignição",MOTOCICLO
27545,"IGNIÇÃO YES 125 11 GSR 125/150","IGNIÇÃO YES 125 11 GSR 125/150","IGNIÇÃO YES 125 11 GSR 125/150",IRON,"Ignição",MOTOCICLO
201395,"IGNIÇÃO NX 150/200","IGNIÇÃO NX 150/200","IGNIÇÃO NX 150/200",IRON,"Ignição",MOTOCICLO
176461,"IGNIÇÃO CG 125 02/08","IGNIÇÃO CG 125 02/08","IGNIÇÃO CG 125 02/08",IRON,"Ignição",MOTOCICLO
27544,"IGNIÇÃO CBX 150/200 DAFRA SPEED 150","IGNIÇÃO CBX 150/200 DAFRA SPEED 150","IGNIÇÃO CBX 150/200 DAFRA SPEED 150",IRON,"Ignição",MOTOCICLO
122474,"IGNIÇÃO NXR 125 13","IGNIÇÃO NXR 125 13","IGNIÇÃO NXR 125 13",IRON,"Ignição",MOTOCICLO
201490,"IGNIÇÃO BIZ 125 06-08 C/ TRAVA BLOQUEIO","IGNIÇÃO BIZ 125 06-08 C/ TRAVA BLOQUEIO","IGNIÇÃO BIZ 125 06-08 C/ TRAVA BLOQUEIO",IRON,"Ignição",MOTOCICLO
27541,"IGNIÇÃO CBX 250 NXR 125/150 02/05","IGNIÇÃO CBX 250 NXR 125/150 02/05","IGNIÇÃO CBX 250 NXR 125/150 02/05",IRON,"Ignição",MOTOCICLO
176460,"IGNIÇÃO QUADRICICLO FOURTRAX TRX 420 14","IGNIÇÃO QUADRICICLO FOURTRAX TRX 420 14","IGNIÇÃO QUADRICICLO FOURTRAX TRX 420 14",IRON,"Ignição",MOTOCICLO
201495,"IGNIÇÃO NXR 160 15/17","IGNIÇÃO NXR 160 15/17","IGNIÇÃO NXR 160 15/17",IRON,"Ignição",MOTOCICLO
27543,"IGNIÇÃO HUNTER 125","IGNIÇÃO HUNTER 125","IGNIÇÃO HUNTER 125",IRON,"Ignição",MOTOCICLO
187414,"IGNIÇÃO BIZ 100 99/05/JONNY HYPE 50","IGNIÇÃO BIZ 100 99/05/JONNY HYPE 50","IGNIÇÃO BIZ 100 99/05/JONNY HYPE 50",IRON,"Ignição",MOTOCICLO
188335,"IGNIÇÃO BIZ 125 06/08","IGNIÇÃO BIZ 125 06/08","IGNIÇÃO BIZ 125 06/08",IRON,"Ignição",MOTOCICLO
188338,"IGNIÇÃO BIZ 125 09/17","IGNIÇÃO BIZ 125 09/17","IGNIÇÃO BIZ 125 09/17",IRON,"Ignição",MOTOCICLO
201496,"IGNIÇÃO CB 300R","IGNIÇÃO CB 300R","IGNIÇÃO CB 300R",IRON,"Ignição",MOTOCICLO
188348,"IGNIÇÃO CBX XR 250/NX 400 06/08","IGNIÇÃO CBX XR 250/NX 400 06/08","IGNIÇÃO CBX XR 250/NX 400 06/08",IRON,"Ignição",MOTOCICLO
202162,"IGNIÇÃO CG 125 00/01","IGNIÇÃO CG 125 00/01","IGNIÇÃO CG 125 00/01",IRON,"Ignição",MOTOCICLO
201394,"IGNIÇÃO CG 125 09/13","IGNIÇÃO CG 125 09/13","IGNIÇÃO CG 125 09/13",IRON,"Ignição",MOTOCICLO
188345,"IGNIÇÃO CG 125 14","IGNIÇÃO CG 125 14","IGNIÇÃO CG 125 14",IRON,"Ignição",MOTOCICLO
27542,"IGNIÇÃO NX 400 06/08","IGNIÇÃO NX 400 06/08","IGNIÇÃO NX 400 06/08",IRON,"Ignição",MOTOCICLO
27546,"IGNIÇÃO CG 125 95/99","IGNIÇÃO CG 125 95/99","IGNIÇÃO CG 125 95/99",IRON,"Ignição",MOTOCICLO
27539,"IGNIÇÃO CG 150 04/08","IGNIÇÃO CG 150 04/08","IGNIÇÃO CG 150 04/08",IRON,"Ignição",MOTOCICLO
201396,"122","122","122",IRON,"Geral",MOTOCICLO
27540,"IGNIÇÃO","IGNIÇÃO","IGNIÇÃO",IRON,"Ignição",MOTOCICLO
45385,"IGNIÇÃO CG 150 09/13","IGNIÇÃO CG 150 09/13","IGNIÇÃO CG 150 09/13",IRON,"Ignição",MOTOCICLO
201492,"IGNIÇÃO CRYPTON 105 00/10","IGNIÇÃO CRYPTON 105 00/10","IGNIÇÃO CRYPTON 105 00/10",IRON,"Ignição",MOTOCICLO
27538,"IGNIÇÃO CRYPTON 115 11/12","IGNIÇÃO CRYPTON 115 11/12","IGNIÇÃO CRYPTON 115 11/12",IRON,"Ignição",MOTOCICLO
185369,"IGNIÇÃO INTRUDER 125","IGNIÇÃO INTRUDER 125","IGNIÇÃO INTRUDER 125",IRON,"Ignição",MOTOCICLO
176459,"IGNIÇÃO JET MAIS 50 BRAVAX 50","IGNIÇÃO JET MAIS 50 BRAVAX 50","IGNIÇÃO JET MAIS 50 BRAVAX 50",IRON,"Ignição",MOTOCICLO
27547,"IGNIÇÃO NXR 150 06/08","IGNIÇÃO NXR 150 06/08","IGNIÇÃO NXR 150 06/08",IRON,"Ignição",MOTOCICLO
187412,"IGNIÇÃO NXR 150 09/12","IGNIÇÃO NXR 150 09/12","IGNIÇÃO NXR 150 09/12",IRON,"Ignição",MOTOCICLO
188332,"IGNIÇÃO PHOENIX GOLD 50","IGNIÇÃO PHOENIX GOLD 50","IGNIÇÃO PHOENIX GOLD 50",IRON,"Ignição",MOTOCICLO
27549,"IGNIÇÃO PHOENIX MAIS 50","IGNIÇÃO PHOENIX MAIS 50","IGNIÇÃO PHOENIX MAIS 50",IRON,"Ignição",MOTOCICLO
45616,"IGNIÇÃO POP 100 07/12","IGNIÇÃO POP 100 07/12","IGNIÇÃO POP 100 07/12",IRON,"Ignição",MOTOCICLO
27552,"IGNIÇÃO POP 110I 16","IGNIÇÃO POP 110I 16","IGNIÇÃO POP 110I 16",IRON,"Ignição",MOTOCICLO
27551,"IGNIÇÃO XLR 125","IGNIÇÃO XLR 125","IGNIÇÃO XLR 125",IRON,"Ignição",MOTOCICLO
201499,"IGNIÇÃO AN 125 BURGMAN 05/09","IGNIÇÃO AN 125 BURGMAN 05/09","IGNIÇÃO AN 125 BURGMAN 05/09",IRON,"Ignição",MOTOCICLO
201505,"IGNIÇÃO AN 125I BURGMAN 11/14","IGNIÇÃO AN 125I BURGMAN 11/14","IGNIÇÃO AN 125I BURGMAN 11/14",IRON,"Ignição",MOTOCICLO
121019,"IGNIÇÃO NEO AT 115 09/12","IGNIÇÃO NEO AT 115 09/12","IGNIÇÃO NEO AT 115 09/12",IRON,"Ignição",MOTOCICLO
27550,"IGNIÇÃO NXR 150 11/14","IGNIÇÃO NXR 150 11/14","IGNIÇÃO NXR 150 11/14",IRON,"Ignição",MOTOCICLO
201160,"IGNIÇÃO YBR/XTZ 125 06/08/YS 250 06","IGNIÇÃO YBR/XTZ 125 06/08/YS 250 06","IGNIÇÃO YBR/XTZ 125 06/08/YS 250 06",IRON,"Ignição",MOTOCICLO
188360,"IGNIÇÃO YES 125 05/10","IGNIÇÃO YES 125 05/10","IGNIÇÃO YES 125 05/10",IRON,"Ignição",MOTOCICLO
201498,"IGNIÇÃO YS 250 FAZER 11","IGNIÇÃO YS 250 FAZER 11","IGNIÇÃO YS 250 FAZER 11",IRON,"Ignição",MOTOCICLO
201507,"IGNIÇÃO YBR/XTZ 125 00/05","IGNIÇÃO YBR/XTZ 125 00/05","IGNIÇÃO YBR/XTZ 125 00/05",IRON,"Ignição",MOTOCICLO
27517,"IGNIÇÃO LEAD 110","IGNIÇÃO LEAD 110","IGNIÇÃO LEAD 110",IRON,"Ignição",MOTOCICLO
27522,"IGNIÇÃO MAX 125 04/08","IGNIÇÃO MAX 125 04/08","IGNIÇÃO MAX 125 04/08",IRON,"Ignição",MOTOCICLO
27520,"IGNIÇÃO YBR/XTZ 125 09/12","IGNIÇÃO YBR/XTZ 125 09/12","IGNIÇÃO YBR/XTZ 125 09/12",IRON,"Ignição",MOTOCICLO
27521,"IGNIÇÃO JET 50","IGNIÇÃO JET 50","IGNIÇÃO JET 50",IRON,"Ignição",MOTOCICLO
173495,"IGNIÇÃO XR 200","IGNIÇÃO XR 200","IGNIÇÃO XR 200",IRON,"Ignição",MOTOCICLO
201318,"IGNIÇÃO XR 250 06/08","IGNIÇÃO XR 250 06/08","IGNIÇÃO XR 250 06/08",IRON,"Ignição",MOTOCICLO
27518,"IGNIÇÃO YS 250 FAZER 07/10","IGNIÇÃO YS 250 FAZER 07/10","IGNIÇÃO YS 250 FAZER 07/10",IRON,"Ignição",MOTOCICLO
122476,"IGNIÇÃO NEO AT 115 05/08","IGNIÇÃO NEO AT 115 05/08","IGNIÇÃO NEO AT 115 05/08",IRON,"Ignição",MOTOCICLO
119802,"IGNIÇÃO NXR 160 18/21","IGNIÇÃO NXR 160 18/21","IGNIÇÃO NXR 160 18/21",IRON,"Ignição",MOTOCICLO
27519,"IGNIÇÃO XRE 300 19/23","IGNIÇÃO XRE 300 19/23","IGNIÇÃO XRE 300 19/23",IRON,"Ignição",MOTOCICLO
201316,"IGNIÇÃO NX 400I 13/15","IGNIÇÃO NX 400I 13/15","IGNIÇÃO NX 400I 13/15",IRON,"Ignição",MOTOCICLO
201309,"IGNIÇÃO INTRUDER 125 12/15","IGNIÇÃO INTRUDER 125 12/15","IGNIÇÃO INTRUDER 125 12/15",IRON,"Ignição",MOTOCICLO
201320,"123","123","123",IRON,"Geral",MOTOCICLO
201312,"IGNIÇÃO","IGNIÇÃO","IGNIÇÃO",IRON,"Ignição",MOTOCICLO
27436,"IGNIÇÃO XRE 300 10/15","IGNIÇÃO XRE 300 10/15","IGNIÇÃO XRE 300 10/15",IRON,"Ignição",MOTOCICLO
18838,"IGNIÇÃO YBR 150 YS 150 FAZER/XTZ 150 CROOSER","IGNIÇÃO YBR 150 YS 150 FAZER/XTZ 150 CROOSER","IGNIÇÃO YBR 150 YS 150 FAZER/XTZ 150 CROOSER",IRON,"Ignição",MOTOCICLO
27433,"IGNIÇÃO XRE 190 16/20","IGNIÇÃO XRE 190 16/20","IGNIÇÃO XRE 190 16/20",IRON,"Ignição",MOTOCICLO
188950,"IGNIÇÃO BIZ 110I 16/17","IGNIÇÃO BIZ 110I 16/17","IGNIÇÃO BIZ 110I 16/17",IRON,"Ignição",MOTOCICLO
27443,"124","124","124",IRON,"Geral",MOTOCICLO
188941,"ESTATOR","ESTATOR","ESTATOR",IRON,"Elétrica/Estator",MOTOCICLO
188945,"ESTATOR NX 400I 13/15","ESTATOR NX 400I 13/15","ESTATOR NX 400I 13/15",IRON,"Elétrica/Estator",MOTOCICLO
27432,"ESTATOR CRYPTON 105 DAFRA ZIG 100","ESTATOR CRYPTON 105 DAFRA ZIG 100","ESTATOR CRYPTON 105 DAFRA ZIG 100",IRON,"Elétrica/Estator",MOTOCICLO
188952,"ESTATOR BIZ 125 18","ESTATOR BIZ 125 18","ESTATOR BIZ 125 18",IRON,"Elétrica/Estator",MOTOCICLO
188931,"ESTATOR CG 125I 16","ESTATOR CG 125I 16","ESTATOR CG 125I 16",IRON,"Elétrica/Estator",MOTOCICLO
27435,"ESTATOR DAFRA SUPER 100 JONNY HYPE 50","ESTATOR DAFRA SUPER 100 JONNY HYPE 50","ESTATOR DAFRA SUPER 100 JONNY HYPE 50",IRON,"Elétrica/Estator",MOTOCICLO
27441,"ESTATOR YBR 125 FACTOR 14/16","ESTATOR YBR 125 FACTOR 14/16","ESTATOR YBR 125 FACTOR 14/16",IRON,"Elétrica/Estator",MOTOCICLO
27439,"ESTATOR POP 100 07/10 C/ BASE","ESTATOR POP 100 07/10 C/ BASE","ESTATOR POP 100 07/10 C/ BASE",IRON,"Elétrica/Estator",MOTOCICLO
27440,"ESTATOR PHOENIX GOLD 50","ESTATOR PHOENIX GOLD 50","ESTATOR PHOENIX GOLD 50",IRON,"Elétrica/Estator",MOTOCICLO
28343,"ESTATOR YBR/XTZ 125 02/05","ESTATOR YBR/XTZ 125 02/05","ESTATOR YBR/XTZ 125 02/05",IRON,"Elétrica/Estator",MOTOCICLO
27421,"ESTATOR YBR/XTZ 125 06/08","ESTATOR YBR/XTZ 125 06/08","ESTATOR YBR/XTZ 125 06/08",IRON,"Elétrica/Estator",MOTOCICLO
27438,"ESTATOR YBR/XTZ 125 09/10","ESTATOR YBR/XTZ 125 09/10","ESTATOR YBR/XTZ 125 09/10",IRON,"Elétrica/Estator",MOTOCICLO
27431,"ESTATOR YBR/XTZ 125 11/13","ESTATOR YBR/XTZ 125 11/13","ESTATOR YBR/XTZ 125 11/13",IRON,"Elétrica/Estator",MOTOCICLO
188943,"ESTATOR YES INTRUDER 125 STX 200 SUNDOWN MOTARD","ESTATOR YES INTRUDER 125 STX 200 SUNDOWN MOTARD","ESTATOR YES INTRUDER 125 STX 200 SUNDOWN MOTARD",IRON,"Elétrica/Estator",MOTOCICLO
27423,"ESTATOR YS 150 FAZER/XTZ 150 YBR 150 FACTOR","ESTATOR YS 150 FAZER/XTZ 150 YBR 150 FACTOR","ESTATOR YS 150 FAZER/XTZ 150 YBR 150 FACTOR",IRON,"Elétrica/Estator",MOTOCICLO
27420,"ESTATOR YS 250 FAZER XTZ 250 LANDER 06/10","ESTATOR YS 250 FAZER XTZ 250 LANDER 06/10","ESTATOR YS 250 FAZER XTZ 250 LANDER 06/10",IRON,"Elétrica/Estator",MOTOCICLO
27426,"ESTATOR YS 250 FAZER XTZ 250 LANDER 11","ESTATOR YS 250 FAZER XTZ 250 LANDER 11","ESTATOR YS 250 FAZER XTZ 250 LANDER 11",IRON,"Elétrica/Estator",MOTOCICLO
27427,"ESTATOR YBR/XTZ 125 00/01","ESTATOR YBR/XTZ 125 00/01","ESTATOR YBR/XTZ 125 00/01",IRON,"Elétrica/Estator",MOTOCICLO
188929,"ESTATOR CG 150 14/15","ESTATOR CG 150 14/15","ESTATOR CG 150 14/15",IRON,"Elétrica/Estator",MOTOCICLO
27429,"ESTATOR POP 100 11/15","ESTATOR POP 100 11/15","ESTATOR POP 100 11/15",IRON,"Elétrica/Estator",MOTOCICLO
27424,"ESTATOR PHOENIX MAIS 50","ESTATOR PHOENIX MAIS 50","ESTATOR PHOENIX MAIS 50",IRON,"Elétrica/Estator",MOTOCICLO
176307,"STATOR CB 300R 13/15","STATOR CB 300R 13/15","STATOR CB 300R 13/15",IRON,"Geral",MOTOCICLO
188937,"ESTATOR CG 125 14/15","ESTATOR CG 125 14/15","ESTATOR CG 125 14/15",IRON,"Elétrica/Estator",MOTOCICLO
27425,"ESTATOR CG 125 92/99 S/ BASE","ESTATOR CG 125 92/99 S/ BASE","ESTATOR CG 125 92/99 S/ BASE",IRON,"Elétrica/Estator",MOTOCICLO
188935,"ESTATOR CRF 230","ESTATOR CRF 230","ESTATOR CRF 230",IRON,"Elétrica/Estator",MOTOCICLO
188939,"ESTATOR NX 400 99/08","ESTATOR NX 400 99/08","ESTATOR NX 400 99/08",IRON,"Elétrica/Estator",MOTOCICLO
27428,"ESTATOR NXR 125 03/05","ESTATOR NXR 125 03/05","ESTATOR NXR 125 03/05",IRON,"Elétrica/Estator",MOTOCICLO
27422,"ESTATOR NXR 150 06/08","ESTATOR NXR 150 06/08","ESTATOR NXR 150 06/08",IRON,"Elétrica/Estator",MOTOCICLO
28342,"ESTATOR NXR 160","ESTATOR NXR 160","ESTATOR NXR 160",IRON,"Elétrica/Estator",MOTOCICLO
28341,"ESTATOR PCX 150 13/15","ESTATOR PCX 150 13/15","ESTATOR PCX 150 13/15",IRON,"Elétrica/Estator",MOTOCICLO
200558,"ESTATOR XRE 190","ESTATOR XRE 190","ESTATOR XRE 190",IRON,"Elétrica/Estator",MOTOCICLO
28344,"ESTATOR AN 125 BURGMAN","ESTATOR AN 125 BURGMAN","ESTATOR AN 125 BURGMAN",IRON,"Elétrica/Estator",MOTOCICLO
27444,"ESTATOR BIZ/POP 110I","ESTATOR BIZ/POP 110I","ESTATOR BIZ/POP 110I",IRON,"Elétrica/Estator",MOTOCICLO
200539,"125","125","125",IRON,"Geral",MOTOCICLO
200541,"ESTATOR","ESTATOR","ESTATOR",IRON,"Elétrica/Estator",MOTOCICLO
24304,"ESTATOR DAFRA LASER 150 CC","ESTATOR DAFRA LASER 150 CC","ESTATOR DAFRA LASER 150 CC",IRON,"Elétrica/Estator",MOTOCICLO
27434,"ESTATOR SHINERAY XY 50-Q ES 6 BOBINAS","ESTATOR SHINERAY XY 50-Q ES 6 BOBINAS","ESTATOR SHINERAY XY 50-Q ES 6 BOBINAS",IRON,"Elétrica/Estator",MOTOCICLO
28345,"ESTATOR XRE 300 13/14 C/ABS","ESTATOR XRE 300 13/14 C/ABS","ESTATOR XRE 300 13/14 C/ABS",IRON,"Elétrica/Estator",MOTOCICLO
23572,"ESTATOR BIZ 100 00/05 ES","ESTATOR BIZ 100 00/05 ES","ESTATOR BIZ 100 00/05 ES",IRON,"Elétrica/Estator",MOTOCICLO
28356,"ESTATOR BIZ 100 13","ESTATOR BIZ 100 13","ESTATOR BIZ 100 13",IRON,"Elétrica/Estator",MOTOCICLO
28352,"ESTATOR BIZ 100 99/05 KS","ESTATOR BIZ 100 99/05 KS","ESTATOR BIZ 100 99/05 KS",IRON,"Elétrica/Estator",MOTOCICLO
27437,"ESTATOR BIZ 125 06/08","ESTATOR BIZ 125 06/08","ESTATOR BIZ 125 06/08",IRON,"Elétrica/Estator",MOTOCICLO
176472,"ESTATOR BIZ 125 09/12","ESTATOR BIZ 125 09/12","ESTATOR BIZ 125 09/12",IRON,"Elétrica/Estator",MOTOCICLO
188969,"ESTATOR CB 300R","ESTATOR CB 300R","ESTATOR CB 300R",IRON,"Elétrica/Estator",MOTOCICLO
188957,"ESTATOR CBX 250","ESTATOR CBX 250","ESTATOR CBX 250",IRON,"Elétrica/Estator",MOTOCICLO
176470,"DISCO EMBRE. CRYPTON 105 05","DISCO EMBRE. CRYPTON 105 05","DISCO EMBRE. CRYPTON 105 05",IRON,"Freios",MOTOCICLO
188971,"ESTATOR CG 125 00/01","ESTATOR CG 125 00/01","ESTATOR CG 125 00/01",IRON,"Elétrica/Estator",MOTOCICLO
188959,"ESTATOR CG 125 02/08","ESTATOR CG 125 02/08","ESTATOR CG 125 02/08",IRON,"Elétrica/Estator",MOTOCICLO
188961,"ESTATOR CG 125 09/13","ESTATOR CG 125 09/13","ESTATOR CG 125 09/13",IRON,"Elétrica/Estator",MOTOCICLO
188975,"ESTATOR CG 125 92/99 C/BASE","ESTATOR CG 125 92/99 C/BASE","ESTATOR CG 125 92/99 C/BASE",IRON,"Elétrica/Estator",MOTOCICLO
28350,"ESTATOR CG 150 04/08","ESTATOR CG 150 04/08","ESTATOR CG 150 04/08",IRON,"Elétrica/Estator",MOTOCICLO
28354,"ESTATOR CG/FAN 150 09/12","ESTATOR CG/FAN 150 09/12","ESTATOR CG/FAN 150 09/12",IRON,"Elétrica/Estator",MOTOCICLO
27430,"ESTATOR NXR 150 14/15","ESTATOR NXR 150 14/15","ESTATOR NXR 150 14/15",IRON,"Elétrica/Estator",MOTOCICLO
28351,"ESTATOR CRYPTON 115 13/14","ESTATOR CRYPTON 115 13/14","ESTATOR CRYPTON 115 13/14",IRON,"Elétrica/Estator",MOTOCICLO
28347,"ESTATOR HUNTER MAX/DAFRA SPEED KANSAS 150","ESTATOR HUNTER MAX/DAFRA SPEED KANSAS 150","ESTATOR HUNTER MAX/DAFRA SPEED KANSAS 150",IRON,"Elétrica/Estator",MOTOCICLO
46513,"ESTATOR JET 50","ESTATOR JET 50","ESTATOR JET 50",IRON,"Elétrica/Estator",MOTOCICLO
45388,"ESTATOR NEO AT 115","ESTATOR NEO AT 115","ESTATOR NEO AT 115",IRON,"Elétrica/Estator",MOTOCICLO
173497,"ESTATOR XTZ 125 11/15","ESTATOR XTZ 125 11/15","ESTATOR XTZ 125 11/15",IRON,"Elétrica/Estator",MOTOCICLO
28353,"ESTATOR CG 125 14/15","ESTATOR CG 125 14/15","ESTATOR CG 125 14/15",IRON,"Elétrica/Estator",MOTOCICLO
28348,"ESTATOR NXR 150 03/05","ESTATOR NXR 150 03/05","ESTATOR NXR 150 03/05",IRON,"Elétrica/Estator",MOTOCICLO
28355,"ESTATOR DAFRA LASER 150 CA","ESTATOR DAFRA LASER 150 CA","ESTATOR DAFRA LASER 150 CA",IRON,"Elétrica/Estator",MOTOCICLO
27442,"ESTATOR NXR 150 09/11","ESTATOR NXR 150 09/11","ESTATOR NXR 150 09/11",IRON,"Elétrica/Estator",MOTOCICLO
188981,"ESTATOR CG/FAN 160 16","ESTATOR CG/FAN 160 16","ESTATOR CG/FAN 160 16",IRON,"Elétrica/Estator",MOTOCICLO
188965,"ESTATOR WEB 100 2 BOBINAS 05/06","ESTATOR WEB 100 2 BOBINAS 05/06","ESTATOR WEB 100 2 BOBINAS 05/06",IRON,"Elétrica/Estator",MOTOCICLO
188705,"ESTATOR WEB 100 6 BOBINAS 05/06","ESTATOR WEB 100 6 BOBINAS 05/06","ESTATOR WEB 100 6 BOBINAS 05/06",IRON,"Elétrica/Estator",MOTOCICLO
45390,"ESTATOR XRE 300 09/12","ESTATOR XRE 300 09/12","ESTATOR XRE 300 09/12",IRON,"Elétrica/Estator",MOTOCICLO
188973,"ESTATOR SHINERAY WUYANG 125/150/200","ESTATOR SHINERAY WUYANG 125/150/200","ESTATOR SHINERAY WUYANG 125/150/200",IRON,"Elétrica/Estator",MOTOCICLO
188979,"126","126","126",IRON,"Geral",MOTOCICLO
188983,"ESTATOR / KIT ELETRON. / BOBINA / MOTOR","ESTATOR / KIT ELETRON. / BOBINA / MOTOR","ESTATOR / KIT ELETRON. / BOBINA / MOTOR",IRON,"Elétrica/Estator",MOTOCICLO
188977,"ESTATOR SHINERAY XY 50 Q KS","ESTATOR SHINERAY XY 50 Q KS","ESTATOR SHINERAY XY 50 Q KS",IRON,"Elétrica/Estator",MOTOCICLO
200528,"KIT ELETRÔNICO CG 125 UNIVERSAL","KIT ELETRÔNICO CG 125 UNIVERSAL","KIT ELETRÔNICO CG 125 UNIVERSAL",IRON,"Geral",MOTOCICLO
200530,"BOBINA CG 125 82/91 P/ KIT UNIVERSAL","BOBINA CG 125 82/91 P/ KIT UNIVERSAL","BOBINA CG 125 82/91 P/ KIT UNIVERSAL",IRON,"Elétrica/Bobina",MOTOCICLO
200510,"BOBINA PULSO YBR/XTZ 125 00/01 CRYPTON 105","BOBINA PULSO YBR/XTZ 125 00/01 CRYPTON 105","BOBINA PULSO YBR/XTZ 125 00/01 CRYPTON 105",IRON,"Elétrica/Bobina",MOTOCICLO
188967,"BOBINA PULSO POP 100 BIZ 100 13","BOBINA PULSO POP 100 BIZ 100 13","BOBINA PULSO POP 100 BIZ 100 13",IRON,"Elétrica/Bobina",MOTOCICLO
45387,"BOBINA PULSO XLR 125 97/99 CBX/XR 250 CB/XRE 300","BOBINA PULSO XLR 125 97/99 CBX/XR 250 CB/XRE 300","BOBINA PULSO XLR 125 97/99 CBX/XR 250 CB/XRE 300",IRON,"Elétrica/Bobina",MOTOCICLO
28349,"BOBINA PULSO YES INTRUDER 125","BOBINA PULSO YES INTRUDER 125","BOBINA PULSO YES INTRUDER 125",IRON,"Elétrica/Bobina",MOTOCICLO
45389,"BOBINA PULSO CG/XLR 125 00/01","BOBINA PULSO CG/XLR 125 00/01","BOBINA PULSO CG/XLR 125 00/01",IRON,"Elétrica/Bobina",MOTOCICLO
188963,"BOBINA PULSO BIZ DREAM 100","BOBINA PULSO BIZ DREAM 100","BOBINA PULSO BIZ DREAM 100",IRON,"Elétrica/Bobina",MOTOCICLO
200507,"BOBINA PULSO CG 125 03/08 NXR 150 03/05","BOBINA PULSO CG 125 03/08 NXR 150 03/05","BOBINA PULSO CG 125 03/08 NXR 150 03/05",IRON,"Elétrica/Bobina",MOTOCICLO
200534,"BOBINA PULSO YBR/XTZ 125 02/10","BOBINA PULSO YBR/XTZ 125 02/10","BOBINA PULSO YBR/XTZ 125 02/10",IRON,"Elétrica/Bobina",MOTOCICLO
200532,"BOBINA PULSO BIZ 125/CG FAN/NXR 150 06/11","BOBINA PULSO BIZ 125/CG FAN/NXR 150 06/11","BOBINA PULSO BIZ 125/CG FAN/NXR 150 06/11",IRON,"Elétrica/Bobina",MOTOCICLO
200502,"BOBINA PULSO CG 125 09/13","BOBINA PULSO CG 125 09/13","BOBINA PULSO CG 125 09/13",IRON,"Elétrica/Bobina",MOTOCICLO
200525,"BOBINA PULSO YS 250 FAZER XTZ 250 LANDER","BOBINA PULSO YS 250 FAZER XTZ 250 LANDER","BOBINA PULSO YS 250 FAZER XTZ 250 LANDER",IRON,"Elétrica/Bobina",MOTOCICLO
200504,"BOBINA PULSO CG 125 92/99","BOBINA PULSO CG 125 92/99","BOBINA PULSO CG 125 92/99",IRON,"Elétrica/Bobina",MOTOCICLO
200523,"BOBINA FAISCA CG 125 00/01 XRL 125 00/01","BOBINA FAISCA CG 125 00/01 XRL 125 00/01","BOBINA FAISCA CG 125 00/01 XRL 125 00/01",IRON,"Elétrica/Bobina",MOTOCICLO
200537,"BOBINA FAISCA CG 125 92/99","BOBINA FAISCA CG 125 92/99","BOBINA FAISCA CG 125 92/99",IRON,"Elétrica/Bobina",MOTOCICLO
188299,"BOBINA FAISCA YBR XTZ 125 00-01","BOBINA FAISCA YBR XTZ 125 00-01","BOBINA FAISCA YBR XTZ 125 00-01",IRON,"Elétrica/Bobina",MOTOCICLO
188307,"BOBINA FAISCA BIZ/DREAM 100","BOBINA FAISCA BIZ/DREAM 100","BOBINA FAISCA BIZ/DREAM 100",IRON,"Elétrica/Bobina",MOTOCICLO
46588,"MOTOR VENTOINHA FOURTRAX 420","MOTOR VENTOINHA FOURTRAX 420","MOTOR VENTOINHA FOURTRAX 420",IRON,"Geral",MOTOCICLO
197066,"127","127","127",IRON,"Geral",MOTOCICLO
188293,"REPARO / BOBINA / CACHIMBO","REPARO / BOBINA / CACHIMBO","REPARO / BOBINA / CACHIMBO",IRON,"Carburador/Reparos",MOTOCICLO
188303,"REPARO BOBINA IGNIÇÃO CG 125","REPARO BOBINA IGNIÇÃO CG 125","REPARO BOBINA IGNIÇÃO CG 125",IRON,"Carburador/Reparos",MOTOCICLO
188297,"BOBINA IGNIÇÃO BIZ 100 13/15","BOBINA IGNIÇÃO BIZ 100 13/15","BOBINA IGNIÇÃO BIZ 100 13/15",IRON,"Elétrica/Bobina",MOTOCICLO
188305,"BOBINA IGNIÇÃO BIZ 125 06/08","BOBINA IGNIÇÃO BIZ 125 06/08","BOBINA IGNIÇÃO BIZ 125 06/08",IRON,"Elétrica/Bobina",MOTOCICLO
184523,"BOBINA IGNIÇÃO BIZ 125 09/17","BOBINA IGNIÇÃO BIZ 125 09/17","BOBINA IGNIÇÃO BIZ 125 09/17",IRON,"Elétrica/Bobina",MOTOCICLO
188295,"BOBINA IGNIÇÃO CBX / XR 250","BOBINA IGNIÇÃO CBX / XR 250","BOBINA IGNIÇÃO CBX / XR 250",IRON,"Elétrica/Bobina",MOTOCICLO
188309,"BOBINA IGNIÇÃO CG 125 02/08 150 04/08","BOBINA IGNIÇÃO CG 125 02/08 150 04/08","BOBINA IGNIÇÃO CG 125 02/08 150 04/08",IRON,"Elétrica/Bobina",MOTOCICLO
188301,"BOBINA IGNIÇÃO CG 125 09/13","BOBINA IGNIÇÃO CG 125 09/13","BOBINA IGNIÇÃO CG 125 09/13",IRON,"Elétrica/Bobina",MOTOCICLO
121332,"BOBINA IGNIÇÃO CG 125 14/15","BOBINA IGNIÇÃO CG 125 14/15","BOBINA IGNIÇÃO CG 125 14/15",IRON,"Elétrica/Bobina",MOTOCICLO
39498,"BOBINA IGNIÇÃO CG 125 83/91","BOBINA IGNIÇÃO CG 125 83/91","BOBINA IGNIÇÃO CG 125 83/91",IRON,"Elétrica/Bobina",MOTOCICLO
121346,"BOBINA IGNIÇÃO CG 125 92/99","BOBINA IGNIÇÃO CG 125 92/99","BOBINA IGNIÇÃO CG 125 92/99",IRON,"Elétrica/Bobina",MOTOCICLO
27418,"BOBINA IGNIÇÃO CG 150 09/13","BOBINA IGNIÇÃO CG 150 09/13","BOBINA IGNIÇÃO CG 150 09/13",IRON,"Elétrica/Bobina",MOTOCICLO
13122,"BOBINA IGNIÇÃO CRYPTON 115","BOBINA IGNIÇÃO CRYPTON 115","BOBINA IGNIÇÃO CRYPTON 115",IRON,"Elétrica/Bobina",MOTOCICLO
123208,"BOBINA IGNIÇÃO NXR 150 09/15 NXR 160 POP 110I","BOBINA IGNIÇÃO NXR 150 09/15 NXR 160 POP 110I","BOBINA IGNIÇÃO NXR 150 09/15 NXR 160 POP 110I",IRON,"Elétrica/Bobina",MOTOCICLO
119752,"BOBINA IGNIÇÃO YBR / XTZ 125 00/08","BOBINA IGNIÇÃO YBR / XTZ 125 00/08","BOBINA IGNIÇÃO YBR / XTZ 125 00/08",IRON,"Elétrica/Bobina",MOTOCICLO
121331,"BOBINA IGNIÇÃO YBR / XTZ 125 09/13","BOBINA IGNIÇÃO YBR / XTZ 125 09/13","BOBINA IGNIÇÃO YBR / XTZ 125 09/13",IRON,"Elétrica/Bobina",MOTOCICLO
123207,"BOBINA IGNIÇÃO YS 150 FAZER YBR 125I 150 FACTOR","BOBINA IGNIÇÃO YS 150 FAZER YBR 125I 150 FACTOR","BOBINA IGNIÇÃO YS 150 FAZER YBR 125I 150 FACTOR",IRON,"Elétrica/Bobina",MOTOCICLO
121330,"BOBINA IGNIÇÃO BIZ 100 99/05","BOBINA IGNIÇÃO BIZ 100 99/05","BOBINA IGNIÇÃO BIZ 100 99/05",IRON,"Elétrica/Bobina",MOTOCICLO
123202,"BOBINA IGNIÇÃO JET 50/50X/125X","BOBINA IGNIÇÃO JET 50/50X/125X","BOBINA IGNIÇÃO JET 50/50X/125X",IRON,"Elétrica/Bobina",MOTOCICLO
188955,"BOBINA IGNIÇÃO YES 125 05/09 INTRUDER 125 08/13","BOBINA IGNIÇÃO YES 125 05/09 INTRUDER 125 08/13","BOBINA IGNIÇÃO YES 125 05/09 INTRUDER 125 08/13",IRON,"Elétrica/Bobina",MOTOCICLO
197574,"BOBINA IGNIÇÃO CB 300","BOBINA IGNIÇÃO CB 300","BOBINA IGNIÇÃO CB 300",IRON,"Elétrica/Bobina",MOTOCICLO
45378,"BOBINA IGNIÇÃO CBX/NX/XR 200","BOBINA IGNIÇÃO CBX/NX/XR 200","BOBINA IGNIÇÃO CBX/NX/XR 200",IRON,"Elétrica/Bobina",MOTOCICLO
27516,"BOBINA IGNIÇÃO CRF 230","BOBINA IGNIÇÃO CRF 230","BOBINA IGNIÇÃO CRF 230",IRON,"Elétrica/Bobina",MOTOCICLO
30640,"BOBINA IGNIÇÃO CRYPTON 105 NEO AT 115","BOBINA IGNIÇÃO CRYPTON 105 NEO AT 115","BOBINA IGNIÇÃO CRYPTON 105 NEO AT 115",IRON,"Elétrica/Bobina",MOTOCICLO
